Resource Name	Abbreviation	Diseases Included	Repository Link	Owner	Contributors	Languages	Biomedical Relevance	Code Summary	Data Types	Tooling	FAIR Issues	FAIR Score
Dominantly Inherited Alzheimer Network	DIAN	Familial Alzheimer's Disease; Presymptomatic Mutation Carriers; Normal Controls	https://github.com/llevitis/DIAN_ESM_AmyloidBeta_Project	llevitis	llevitis; dependabot[bot]	Jupyter Notebook					No Version Info; No Container; No Environment Spec	7
Dominantly Inherited Alzheimer Network	DIAN	Familial Alzheimer's Disease; Presymptomatic Mutation Carriers; Normal Controls	https://github.com/WheelockLab/Tu-2024-DIAN-HubDisruption-FC	WheelockLab	cindyhfls	MATLAB					No Dependencies; No Version Info; No Container; No Environment Spec	6
Dominantly Inherited Alzheimer Network	DIAN	Familial Alzheimer's Disease; Presymptomatic Mutation Carriers; Normal Controls	https://github.com/scify/Dianoia-app	scify	PavlosIsaris; dependabot[bot]	TypeScript					No Environment Spec	9
Dominantly Inherited Alzheimer Network	DIAN	Familial Alzheimer's Disease; Presymptomatic Mutation Carriers; Normal Controls	https://github.com/scify/Dianoia-Marketplace	scify	NikolasGialitsis; PavlosIsaris; dependabot[bot]; stacksharebot; estafons	PHP					No Container; No Environment Spec	8
Dominantly Inherited Alzheimer Network	DIAN	Familial Alzheimer's Disease; Presymptomatic Mutation Carriers; Normal Controls	https://github.com/onkel83/BrainAI_Diane_Plugins	onkel83	winemp83Main; onkel83	C#					No Dependencies; No Version Info; No Container; No Environment Spec	6
Dominantly Inherited Alzheimer Network	DIAN	Familial Alzheimer's Disease; Presymptomatic Mutation Carriers; Normal Controls	https://github.com/seowork321/https-dianaandroma.site-diana-and-roma-study-human-body-organs-	seowork321	seowork321						No Dependencies; No Version Info; No Container; No Environment Spec	6
Brains for Dementia Research	BDR	Alzheimer's Disease; Dementia; Normal Controls	https://github.com/gemmashireby/BDR_neuropathology_EWAS	gemmashireby	gemmashireby	R					No Dependencies; No Version Info; No Container; No Environment Spec	6
Brains for Dementia Research	BDR	Alzheimer's Disease; Dementia; Normal Controls	https://github.com/IAiAye/BDrive	IAiAye	IAiAye						No Dependencies; No Version Info; No Container; No Environment Spec	6
Brains for Dementia Research	BDR	Alzheimer's Disease; Dementia; Normal Controls	https://github.com/htil/bdr-muse	htil	BryanHernandez04; ajaymehul; pwstegman; BryanYHernandez	JavaScript					No Version Info; No Container; No Environment Spec	7
Brains for Dementia Research	BDR	Alzheimer's Disease; Dementia; Normal Controls	https://github.com/htil/bdr-simulator	htil	BryanHernandez04; lcbentley13; BryanYHernandez	CSS					No Version Info; No Container; No Environment Spec	7
Harvard Biomarker Study	HBS	Parkinson's Disease; Prodromal Parkinson's Disease; Normal Controls	https://github.com/williamkoller/challenge-brain-agriculture	williamkoller	williamkoller	TypeScript					No Environment Spec	9
Harvard Biomarker Study	HBS	Parkinson's Disease; Prodromal Parkinson's Disease; Normal Controls	https://github.com/brainrot02back/brainrot02back	brainrot02back	brainrot02back						No Dependencies; No Version Info; No Container; No Environment Spec	6
Harvard Biomarker Study	HBS	Parkinson's Disease; Prodromal Parkinson's Disease; Normal Controls	https://github.com/BAICIL/HBS-AgeNet	BAICIL	javad-s-banner	Python					No Version Info; No Container; No Environment Spec	7
Longitudinal Early-onset Alzheimer's Disease Study	LEADS	Early-onset Alzheimer's Disease; Young-onset Dementia	https://github.com/BenoitFaure/MedGemma_DeepMind	BenoitFaure	BenoitFaure; Mzoughh; NueveCuatro	HTML					No Dependencies; No Version Info; No Container; No Environment Spec	6
Longitudinal Early-onset Alzheimer's Disease Study	LEADS	Early-onset Alzheimer's Disease; Young-onset Dementia	https://github.com/chandrasekarnarayana/Hotspot_detection_in_Yeast_Cell_Model-Image_Processing	chandrasekarnarayana	chandrasekarnarayana	Jupyter Notebook					No Dependencies; No Version Info; No Container; No Environment Spec; No Dependencies; No Version Info; No Container; No Environment Spec; No Dependencies; No Version Info; No Container; No Environment Spec	0
Longitudinal Early-onset Alzheimer's Disease Study	LEADS	Early-onset Alzheimer's Disease; Young-onset Dementia	https://github.com/ankitganeshpurkar/AlzLeads	ankitganeshpurkar	ankitganeshpurkar	Python					No Version Info; No Container; No Environment Spec	7
Longitudinal Early-onset Alzheimer's Disease Study	LEADS	Early-onset Alzheimer's Disease; Young-onset Dementia	https://github.com/marlenelin/leads_ptau_pet_analysis	marlenelin	marlenelin	Jupyter Notebook					No Version Info; No Container; No Environment Spec	7
Longitudinal Early-onset Alzheimer's Disease Study	LEADS	Early-onset Alzheimer's Disease; Young-onset Dementia	https://github.com/MyronFernandes/Alzheimer-s-MRI-Image-Classification-Model	MyronFernandes	MyronFernandes; myronfds	Jupyter Notebook					No Dependencies; No Version Info; No Container; No Environment Spec	6
Longitudinal Early-onset Alzheimer's Disease Study	LEADS	Early-onset Alzheimer's Disease; Young-onset Dementia	https://github.com/rf2485/eoad_wmh	rf2485	rf2485						No Dependencies; No Version Info; No Container; No Environment Spec	6
Longitudinal Early-onset Alzheimer's Disease Study	LEADS	Early-onset Alzheimer's Disease; Young-onset Dementia	https://github.com/Rupashi9/In-Silico-Screening-Hyperoside-AD	Rupashi9	Rupashi9						No Dependencies; No Version Info; No Container; No Environment Spec	6
Longitudinal Early-onset Alzheimer's Disease Study	LEADS	Early-onset Alzheimer's Disease; Young-onset Dementia	https://github.com/Shalimar01/Health-Benefits-of-Red-Chilli-Powder-Shalimars.com	Shalimar01	Shalimar01						No Dependencies; No Version Info; No Container; No Environment Spec	6
Longitudinal Early-onset Alzheimer's Disease Study	LEADS	Early-onset Alzheimer's Disease; Young-onset Dementia	https://github.com/Akshaybhat5/Parkinson-s-disease-predictor	Akshaybhat5	Akshaybhat5	Jupyter Notebook					No Dependencies; No Version Info; No Container; No Environment Spec	6
Longitudinal Early-onset Alzheimer's Disease Study	LEADS	Early-onset Alzheimer's Disease; Young-onset Dementia	https://github.com/Srishtichauhan5359/Parkinson-s-Disease-Detection	Srishtichauhan5359	Srishtichauhan5359	Jupyter Notebook					No Dependencies; No Version Info; No Container; No Environment Spec	6
Longitudinal Early-onset Alzheimer's Disease Study	LEADS	Early-onset Alzheimer's Disease; Young-onset Dementia	https://github.com/JKBehnke/Beta_profile	JKBehnke	JKBehnke	Jupyter Notebook					No Version Info; No Container; No Environment Spec	7
Longitudinal Early-onset Alzheimer's Disease Study	LEADS	Early-onset Alzheimer's Disease; Young-onset Dementia	https://github.com/ashu979/FAll_DETECTION	ashu979	ashu979	Jupyter Notebook					No Dependencies; No Version Info; No Container; No Environment Spec	6
Longitudinal Early-onset Alzheimer's Disease Study	LEADS	Early-onset Alzheimer's Disease; Young-onset Dementia	https://github.com/Tanaybalraj/Eye-blink-to-speech	Tanaybalraj	Tanaybalraj	Python					No Dependencies; No Version Info; No Container; No Environment Spec	6
Longitudinal Early-onset Alzheimer's Disease Study	LEADS	Early-onset Alzheimer's Disease; Young-onset Dementia	https://github.com/mehdi4027/Solar-Gold-smart-safe-	mehdi4027							No Dependencies; No Version Info; No Container; No Environment Spec	6
Longitudinal Early-onset Alzheimer's Disease Study	LEADS	Early-onset Alzheimer's Disease; Young-onset Dementia	https://github.com/mehdi4027/satoshi-Nakomoto	mehdi4027							No Dependencies; No Version Info; No Container; No Environment Spec	6
Longitudinal Early-onset Alzheimer's Disease Study	LEADS	Early-onset Alzheimer's Disease; Young-onset Dementia	https://github.com/vineethsaivs/Brain-Tumor-Detection-using-Deep-Learning	vineethsaivs	vineethsaivs	CSS					No Version Info; No Container; No Environment Spec	7
Longitudinal Early-onset Alzheimer's Disease Study	LEADS	Early-onset Alzheimer's Disease; Young-onset Dementia	https://github.com/Franchglobal2/6-Ways-To-Be-Fit-And-Strengthen-Your-Immune-System-	Franchglobal2	Franchglobal2						No Dependencies; No Version Info; No Container; No Environment Spec	6
Longitudinal Early-onset Alzheimer's Disease Study	LEADS	Early-onset Alzheimer's Disease; Young-onset Dementia	https://github.com/Franchglobal2/6-Ways-To-Be-Fit-And-Strengthen-Your-Immune-System	Franchglobal2	Franchglobal2						No Dependencies; No Version Info; No Container; No Environment Spec	6
Longitudinal Early-onset Alzheimer's Disease Study	LEADS	Early-onset Alzheimer's Disease; Young-onset Dementia	https://github.com/guilhermeverdoodt/brainx-crm-chatbot	guilhermeverdoodt	guilhermeverdoodt	JavaScript					No Version Info; No Container; No Environment Spec	7
Longitudinal Early-onset Alzheimer's Disease Study	LEADS	Early-onset Alzheimer's Disease; Young-onset Dementia	https://github.com/adrielyeung/comp-neuro	adrielyeung	adrielyeung	MATLAB					No Dependencies; No Version Info; No Container; No Environment Spec	6
Longitudinal Early-onset Alzheimer's Disease Study	LEADS	Early-onset Alzheimer's Disease; Young-onset Dementia	https://github.com/Aman0525/Drowsiness-Detection	Aman0525	Aman0525	Python					No Dependencies; No Version Info; No Container; No Environment Spec	6
Longitudinal Early-onset Alzheimer's Disease Study	LEADS	Early-onset Alzheimer's Disease; Young-onset Dementia	https://github.com/MananKhare/Blind-Stick-Navigator	MananKhare	MananKhare						No Dependencies; No Version Info; No Container; No Environment Spec	6
Longitudinal Early-onset Alzheimer's Disease Study	LEADS	Early-onset Alzheimer's Disease; Young-onset Dementia	https://github.com/eduardomiranda/brainncare_streamlit_leads	eduardomiranda	eduardomiranda	Python					No Version Info; No Container; No Environment Spec	7
Longitudinal Early-onset Alzheimer's Disease Study	LEADS	Early-onset Alzheimer's Disease; Young-onset Dementia	https://github.com/spacetracker-collab/PhysicsMathsFromBrain	spacetracker-collab	spacetracker-collab	Python					No Dependencies; No Version Info; No Container; No Environment Spec	6
Longitudinal Early-onset Alzheimer's Disease Study	LEADS	Early-onset Alzheimer's Disease; Young-onset Dementia	https://github.com/tophercook7-maker/scout-brain	tophercook7-maker	sofeel	Python					No Version Info; No Environment Spec	8
Longitudinal Early-onset Alzheimer's Disease Study	LEADS	Early-onset Alzheimer's Disease; Young-onset Dementia	https://github.com/martindessart/Brain_Like_A_Sieve	martindessart	martindessart	HTML					No Dependencies; No Version Info; No Container; No Environment Spec	6
Longitudinal Early-onset Alzheimer's Disease Study	LEADS	Early-onset Alzheimer's Disease; Young-onset Dementia	https://github.com/bishtshweta/CNN-and-Python--Based-detection-of-Brain-Strokes-using-MRI-Brain-images-that-leads-to-Epilepsy	bishtshweta	bishtshweta	Jupyter Notebook					No Dependencies; No Version Info; No Container; No Environment Spec	6
Longitudinal Early-onset Alzheimer's Disease Study	LEADS	Early-onset Alzheimer's Disease; Young-onset Dementia	https://github.com/yuvraj0651/Braincms-app	yuvraj0651	yuvraj0651	JavaScript					No Version Info; No Container; No Environment Spec	7
Longitudinal Early-onset Alzheimer's Disease Study	LEADS	Early-onset Alzheimer's Disease; Young-onset Dementia	https://github.com/Gopher2016/Border-Detection-and-Image-Analysis-of-Implanted-Deep-Brain-Stimulation-Leads-in-Close-Proximity	Gopher2016	Gopher2016	MATLAB					No Dependencies; No Version Info; No Container; No Environment Spec	6
Longitudinal Early-onset Alzheimer's Disease Study	LEADS	Early-onset Alzheimer's Disease; Young-onset Dementia	https://github.com/Technix-Technothon2k22/Binary-brains	Technix-Technothon2k22	SiddheshDabholkar; Alroyfernz; Technix-Technothon2k22; zeus11011	TypeScript					No Dependencies; No Version Info; No Container; No Environment Spec	6
Longitudinal Early-onset Alzheimer's Disease Study	LEADS	Early-onset Alzheimer's Disease; Young-onset Dementia	https://github.com/tonylincon1/Automacao-de-pesquisa-e-coleta-de-leads-no-linkedin	tonylincon1	tonylincon1	Python					No Dependencies; No Version Info; No Container; No Environment Spec	6
Longitudinal Early-onset Alzheimer's Disease Study	LEADS	Early-onset Alzheimer's Disease; Young-onset Dementia	https://github.com/License-and-Scale/business-data-brain-template	License-and-Scale		TypeScript					No Version Info; No Container; No Environment Spec	7
Longitudinal Early-onset Alzheimer's Disease Study	LEADS	Early-onset Alzheimer's Disease; Young-onset Dementia	https://github.com/JonJon50/Brain-Storm	JonJon50	JonJon50	JavaScript					No Version Info; No Container; No Environment Spec	7
Aging, Demographics, and Memory Study	ADAMS	Alzheimer's Disease; Vascular Dementia; Normal Controls	https://github.com/AmurdAmzer/AdamsBrain	AmurdAmzer	AmurdAmzer	TypeScript					No Version Info; No Container; No Environment Spec	7
Aging, Demographics, and Memory Study	ADAMS	Alzheimer's Disease; Vascular Dementia; Normal Controls	https://github.com/adamjamo/adams-brainfood-proj	adamjamo	adamjamo	JavaScript					No Version Info; No Container; No Environment Spec	7
Aging, Demographics, and Memory Study	ADAMS	Alzheimer's Disease; Vascular Dementia; Normal Controls	https://github.com/Cliffypal/Brain-Stroke-For-Mr.-Adams-Awodey	Cliffypal	Cliffypal	HTML					No Dependencies; No Version Info; No Container; No Environment Spec	6
Aging, Demographics, and Memory Study	ADAMS	Alzheimer's Disease; Vascular Dementia; Normal Controls	https://github.com/berkaykaratass/AI-Integrated-Virtual-Brain-Twin-for-Real-Time-EEG-Monitoring-of-Burst-Suppression-and-Epilepsy	berkaykaratass		JavaScript					No Dependencies; No Version Info; No Container; No Environment Spec	6
Alzheimer's Disease Neuroimaging Initiative	ADNI	Alzheimer's Disease; Early Mild Cognitive Impairment; Mild Cognitive Impairment; Normal Controls; Preclinical Alzheimer's Disease; PTSD; Traumatic Brain Injury	https://github.com/himanshub1007/Alzhimers-Disease-Prediction-Using-Deep-learning	himanshub1007	himanshub1007	Python					No Dependencies; No Version Info; No Container; No Environment Spec; No Dependencies; No Version Info; No Container; No Environment Spec; No Dependencies; No Version Info; No Container; No Environment Spec	0
Alzheimer's Disease Neuroimaging Initiative	ADNI	Alzheimer's Disease; Early Mild Cognitive Impairment; Mild Cognitive Impairment; Normal Controls; Preclinical Alzheimer's Disease; PTSD; Traumatic Brain Injury	https://github.com/bytesc/Image_Recognition_WebGUI	bytesc	bytesc	Python					No Version Info; No Container; No Environment Spec	7
Alzheimer's Disease Neuroimaging Initiative	ADNI	Alzheimer's Disease; Early Mild Cognitive Impairment; Mild Cognitive Impairment; Normal Controls; Preclinical Alzheimer's Disease; PTSD; Traumatic Brain Injury	https://github.com/bytesc/Image-Recognition-system	bytesc	bytesc	Python					No Version Info; No Container; No Environment Spec	7
Alzheimer's Disease Neuroimaging Initiative	ADNI	Alzheimer's Disease; Early Mild Cognitive Impairment; Mild Cognitive Impairment; Normal Controls; Preclinical Alzheimer's Disease; PTSD; Traumatic Brain Injury	https://github.com/grantgasser/Alzheimers-Prediction	grantgasser	grantgasser	Jupyter Notebook					No Dependencies; No Version Info; No Container; No Environment Spec	6
Alzheimer's Disease Neuroimaging Initiative	ADNI	Alzheimer's Disease; Early Mild Cognitive Impairment; Mild Cognitive Impairment; Normal Controls; Preclinical Alzheimer's Disease; PTSD; Traumatic Brain Injury	https://github.com/bbanddd/ADDL	bbanddd	4everstella	Python					No Dependencies; No Version Info; No Container; No Environment Spec	6
Alzheimer's Disease Neuroimaging Initiative	ADNI	Alzheimer's Disease; Early Mild Cognitive Impairment; Mild Cognitive Impairment; Normal Controls; Preclinical Alzheimer's Disease; PTSD; Traumatic Brain Injury	https://github.com/yingszuo/cnn_mci_ad_classification	yingszuo	yingszuo	Python					No Dependencies; No Version Info; No Container; No Environment Spec	6
Alzheimer's Disease Neuroimaging Initiative	ADNI	Alzheimer's Disease; Early Mild Cognitive Impairment; Mild Cognitive Impairment; Normal Controls; Preclinical Alzheimer's Disease; PTSD; Traumatic Brain Injury	https://github.com/vipul105/Alzheimers_Disease_Progression	vipul105	vipul105; kaurrachneet6	Jupyter Notebook					No Dependencies; No Version Info; No Container; No Environment Spec; No Dependencies; No Version Info; No Container; No Environment Spec	2
Alzheimer's Disease Neuroimaging Initiative	ADNI	Alzheimer's Disease; Early Mild Cognitive Impairment; Mild Cognitive Impairment; Normal Controls; Preclinical Alzheimer's Disease; PTSD; Traumatic Brain Injury	https://github.com/Sapphirine/Alzheimers_Diagnosis_StageDetermination	Sapphirine	skyislightblue; MichaelNg1	Jupyter Notebook					No Dependencies; No Version Info; No Container; No Environment Spec	6
Alzheimer's Disease Neuroimaging Initiative	ADNI	Alzheimer's Disease; Early Mild Cognitive Impairment; Mild Cognitive Impairment; Normal Controls; Preclinical Alzheimer's Disease; PTSD; Traumatic Brain Injury	https://github.com/bsearchinger/ADNI	bsearchinger	bcollica; rroggenkemper; bsearchinger	Jupyter Notebook					No Dependencies; No Version Info; No Container; No Environment Spec	6
Alzheimer's Disease Neuroimaging Initiative	ADNI	Alzheimer's Disease; Early Mild Cognitive Impairment; Mild Cognitive Impairment; Normal Controls; Preclinical Alzheimer's Disease; PTSD; Traumatic Brain Injury	https://github.com/giocoal/ADNI-brain-MRI-alzheimer-WGAN-generation-and-classification	giocoal	giocoal; elingenthal	Python					No Dependencies; No Version Info; No Container; No Environment Spec	6
Alzheimer's Disease Neuroimaging Initiative	ADNI	Alzheimer's Disease; Early Mild Cognitive Impairment; Mild Cognitive Impairment; Normal Controls; Preclinical Alzheimer's Disease; PTSD; Traumatic Brain Injury	https://github.com/renwang435/adni_visualize	renwang435	renwang435	Python					No Dependencies; No Version Info; No Container; No Environment Spec	6
Alzheimer's Disease Neuroimaging Initiative	ADNI	Alzheimer's Disease; Early Mild Cognitive Impairment; Mild Cognitive Impairment; Normal Controls; Preclinical Alzheimer's Disease; PTSD; Traumatic Brain Injury	https://github.com/Abhi156128/Alzheimer-Disease-Prediction-using-ML	Abhi156128	Abhi156128	Jupyter Notebook					No Dependencies; No Version Info; No Container; No Environment Spec	6
Alzheimer's Disease Neuroimaging Initiative	ADNI	Alzheimer's Disease; Early Mild Cognitive Impairment; Mild Cognitive Impairment; Normal Controls; Preclinical Alzheimer's Disease; PTSD; Traumatic Brain Injury	https://github.com/e-pet/adni-bias	e-pet	e-pet	Python					No Dependencies; No Version Info; No Container; No Dependencies; No Version Info; No Container	4
Alzheimer's Disease Neuroimaging Initiative	ADNI	Alzheimer's Disease; Early Mild Cognitive Impairment; Mild Cognitive Impairment; Normal Controls; Preclinical Alzheimer's Disease; PTSD; Traumatic Brain Injury	https://github.com/rkushol/ADDFormer	rkushol	rkushol	Python					No Dependencies; No Version Info; No Container; No Environment Spec	6
Alzheimer's Disease Neuroimaging Initiative	ADNI	Alzheimer's Disease; Early Mild Cognitive Impairment; Mild Cognitive Impairment; Normal Controls; Preclinical Alzheimer's Disease; PTSD; Traumatic Brain Injury	https://github.com/MahsaShk/AD_Classification_VAE	MahsaShk	MahsaShk	Python					No Dependencies; No Version Info; No Container; No Environment Spec	6
Alzheimer's Disease Neuroimaging Initiative	ADNI	Alzheimer's Disease; Early Mild Cognitive Impairment; Mild Cognitive Impairment; Normal Controls; Preclinical Alzheimer's Disease; PTSD; Traumatic Brain Injury	https://github.com/kaderghal/ADNI_Data_processing	kaderghal	kaderghal	Python					No Version Info; No Container; No Environment Spec	7
Alzheimer's Disease Neuroimaging Initiative	ADNI	Alzheimer's Disease; Early Mild Cognitive Impairment; Mild Cognitive Impairment; Normal Controls; Preclinical Alzheimer's Disease; PTSD; Traumatic Brain Injury	https://github.com/damianpolakpjwstk/alzheimer_disease_classification_tools	damianpolakpjwstk	dpolak-dtiq; damianpolakpjwstk	Jupyter Notebook					No Version Info; No Container; No Environment Spec	7
Alzheimer's Disease Neuroimaging Initiative	ADNI	Alzheimer's Disease; Early Mild Cognitive Impairment; Mild Cognitive Impairment; Normal Controls; Preclinical Alzheimer's Disease; PTSD; Traumatic Brain Injury	https://github.com/AC209a-AlzheimersProject/alzheimers-project	AC209a-AlzheimersProject	abhimanyuvasishth; nathaneinstein; rorymaizels; robbertstruyven	Jupyter Notebook					No Dependencies; No Version Info; No Container; No Environment Spec	6
Alzheimer's Disease Neuroimaging Initiative	ADNI	Alzheimer's Disease; Early Mild Cognitive Impairment; Mild Cognitive Impairment; Normal Controls; Preclinical Alzheimer's Disease; PTSD; Traumatic Brain Injury	https://github.com/sambd86/cnn-adni	sambd86							No Dependencies; No Version Info; No Container; No Environment Spec	6
Alzheimer's Disease Neuroimaging Initiative	ADNI	Alzheimer's Disease; Early Mild Cognitive Impairment; Mild Cognitive Impairment; Normal Controls; Preclinical Alzheimer's Disease; PTSD; Traumatic Brain Injury	https://github.com/nikkithags/Detection-and-Analysis-of-Alzheimer-s-disease	nikkithags	nikkithags	Python					No Dependencies; No Version Info; No Container; No Environment Spec	6
Alzheimer's Disease Neuroimaging Initiative	ADNI	Alzheimer's Disease; Early Mild Cognitive Impairment; Mild Cognitive Impairment; Normal Controls; Preclinical Alzheimer's Disease; PTSD; Traumatic Brain Injury	https://github.com/yacineammari/PFE-alzheimer-disease-classification	yacineammari	yacineammari	Jupyter Notebook					No Dependencies; No Version Info; No Container; No Environment Spec	6
Alzheimer's Disease Neuroimaging Initiative	ADNI	Alzheimer's Disease; Early Mild Cognitive Impairment; Mild Cognitive Impairment; Normal Controls; Preclinical Alzheimer's Disease; PTSD; Traumatic Brain Injury	https://github.com/BorgwardtLab/ADNI_3DCNNvsTDA	BorgwardtLab	sbrueningk	Python					No Dependencies; No Version Info; No Container; No Environment Spec; No Dependencies; No Version Info; No Container; No Environment Spec	2
Alzheimer's Disease Neuroimaging Initiative	ADNI	Alzheimer's Disease; Early Mild Cognitive Impairment; Mild Cognitive Impairment; Normal Controls; Preclinical Alzheimer's Disease; PTSD; Traumatic Brain Injury	https://github.com/barupal/ADNI	barupal	barupal	R					No Dependencies; No Version Info; No Container; No Environment Spec	6
Alzheimer's Disease Neuroimaging Initiative	ADNI	Alzheimer's Disease; Early Mild Cognitive Impairment; Mild Cognitive Impairment; Normal Controls; Preclinical Alzheimer's Disease; PTSD; Traumatic Brain Injury	https://github.com/tjiagoM/adni_phenotypes	tjiagoM	tjiagoM	Python					No Dependencies; No Version Info; No Container; No Environment Spec; No Dependencies; No Version Info; No Container; No Environment Spec	2
Alzheimer's Disease Neuroimaging Initiative	ADNI	Alzheimer's Disease; Early Mild Cognitive Impairment; Mild Cognitive Impairment; Normal Controls; Preclinical Alzheimer's Disease; PTSD; Traumatic Brain Injury	https://github.com/justvicthor/Early_Alzheimer_Detection_DL	justvicthor	Crippius; justvicthor; albtad01	Jupyter Notebook					No Dependencies; No Version Info; No Container; No Environment Spec	6
Alzheimer's Disease Neuroimaging Initiative	ADNI	Alzheimer's Disease; Early Mild Cognitive Impairment; Mild Cognitive Impairment; Normal Controls; Preclinical Alzheimer's Disease; PTSD; Traumatic Brain Injury	https://github.com/kaurrachneet6/MLforADNI	kaurrachneet6	kaurrachneet6; anant-dadu; anant-droid	Python					No Version Info; No Environment Spec	8
Alzheimer's Disease Neuroimaging Initiative	ADNI	Alzheimer's Disease; Early Mild Cognitive Impairment; Mild Cognitive Impairment; Normal Controls; Preclinical Alzheimer's Disease; PTSD; Traumatic Brain Injury	https://github.com/atri-biostats/ADNIMERGE2	atri-biostats	KedirHussen-atri; mcdonohue	R					No Dependencies; No Version Info; No Container; No Environment Spec	6
Alzheimer's Disease Neuroimaging Initiative	ADNI	Alzheimer's Disease; Early Mild Cognitive Impairment; Mild Cognitive Impairment; Normal Controls; Preclinical Alzheimer's Disease; PTSD; Traumatic Brain Injury	https://github.com/Tin-Hoang/fl-adni-classification	Tin-Hoang	Tin-Hoang	Python					No Dependencies; No Version Info; No Container; No Environment Spec	6
Alzheimer's Disease Neuroimaging Initiative	ADNI	Alzheimer's Disease; Early Mild Cognitive Impairment; Mild Cognitive Impairment; Normal Controls; Preclinical Alzheimer's Disease; PTSD; Traumatic Brain Injury	https://github.com/zashari/alzheimer-mri-processing-pipeline	zashari	zashari	Python					No Version Info; No Container	8
Alzheimer's Disease Neuroimaging Initiative	ADNI	Alzheimer's Disease; Early Mild Cognitive Impairment; Mild Cognitive Impairment; Normal Controls; Preclinical Alzheimer's Disease; PTSD; Traumatic Brain Injury	https://github.com/joeledv/ADNI-Dementia-Detection-Classification-FreeSurfer-Segmentation	joeledv	joeledv; jmikelel	Jupyter Notebook					No Dependencies; No Version Info; No Container; No Environment Spec	6
Alzheimer's Disease Neuroimaging Initiative	ADNI	Alzheimer's Disease; Early Mild Cognitive Impairment; Mild Cognitive Impairment; Normal Controls; Preclinical Alzheimer's Disease; PTSD; Traumatic Brain Injury	https://github.com/palsrane/ApoExSexInteractionEffectinPreDementiaAD	palsrane	palsrane	R					No Dependencies; No Version Info; No Container; No Environment Spec	6
Alzheimer's Disease Neuroimaging Initiative	ADNI	Alzheimer's Disease; Early Mild Cognitive Impairment; Mild Cognitive Impairment; Normal Controls; Preclinical Alzheimer's Disease; PTSD; Traumatic Brain Injury	https://github.com/Rudra-200/Alzheimer-s-Disease-Classification	Rudra-200	Rudra-200; kushaldn25	Jupyter Notebook					No Dependencies; No Version Info; No Container; No Environment Spec	6
Alzheimer's Disease Neuroimaging Initiative	ADNI	Alzheimer's Disease; Early Mild Cognitive Impairment; Mild Cognitive Impairment; Normal Controls; Preclinical Alzheimer's Disease; PTSD; Traumatic Brain Injury	https://github.com/GeorgeTak/Diploma-thesis	GeorgeTak	GeorgeTak	Jupyter Notebook					No Dependencies; No Version Info; No Container; No Environment Spec; No Dependencies; No Version Info; No Container; No Environment Spec	2
Alzheimer's Disease Neuroimaging Initiative	ADNI	Alzheimer's Disease; Early Mild Cognitive Impairment; Mild Cognitive Impairment; Normal Controls; Preclinical Alzheimer's Disease; PTSD; Traumatic Brain Injury	https://github.com/zaydabash/neurodegenerAI	zaydabash	zaydabash	Python					No Version Info; No Environment Spec	8
Alzheimer's Disease Neuroimaging Initiative	ADNI	Alzheimer's Disease; Early Mild Cognitive Impairment; Mild Cognitive Impairment; Normal Controls; Preclinical Alzheimer's Disease; PTSD; Traumatic Brain Injury	https://github.com/kdk2612/ADNI-Dementia-Detection	kdk2612	kdk2612	CSS					No Version Info; No Container; No Environment Spec	7
Alzheimer's Disease Neuroimaging Initiative	ADNI	Alzheimer's Disease; Early Mild Cognitive Impairment; Mild Cognitive Impairment; Normal Controls; Preclinical Alzheimer's Disease; PTSD; Traumatic Brain Injury	https://github.com/kaurrachneet6/Alzheimer-and-Dementia-Study	kaurrachneet6	kaurrachneet6	Jupyter Notebook					No Dependencies; No Version Info; No Container; No Environment Spec	6
Alzheimer's Disease Neuroimaging Initiative	ADNI	Alzheimer's Disease; Early Mild Cognitive Impairment; Mild Cognitive Impairment; Normal Controls; Preclinical Alzheimer's Disease; PTSD; Traumatic Brain Injury	https://github.com/PriyaBhadekar/ADNI-Dementia-3D-CNN	PriyaBhadekar	PriyaBhadekar	Python					No README; No Version Info; No Container; No Environment Spec	6
Alzheimer's Disease Neuroimaging Initiative	ADNI	Alzheimer's Disease; Early Mild Cognitive Impairment; Mild Cognitive Impairment; Normal Controls; Preclinical Alzheimer's Disease; PTSD; Traumatic Brain Injury	https://github.com/cind/ApoExSexInteractionEffectinPreDementiaAD_PallaviR	cind	palsrane	R					No Dependencies; No Version Info; No Container; No Environment Spec	6
Alzheimer's Disease Neuroimaging Initiative	ADNI	Alzheimer's Disease; Early Mild Cognitive Impairment; Mild Cognitive Impairment; Normal Controls; Preclinical Alzheimer's Disease; PTSD; Traumatic Brain Injury	https://github.com/mdrajab/CFAS-and-ADNI-Neuropathology	mdrajab	mdrajab	Jupyter Notebook					No Dependencies; No Version Info; No Container; No Environment Spec; No Dependencies; No Version Info; No Container; No Environment Spec	2
Alzheimer's Disease Neuroimaging Initiative	ADNI	Alzheimer's Disease; Early Mild Cognitive Impairment; Mild Cognitive Impairment; Normal Controls; Preclinical Alzheimer's Disease; PTSD; Traumatic Brain Injury	https://github.com/maryneuro/wmh-dementia-permutation-analysis	maryneuro	maryneuro	Python					No Version Info; No Container; No Environment Spec	7
Alzheimer's Disease Neuroimaging Initiative	ADNI	Alzheimer's Disease; Early Mild Cognitive Impairment; Mild Cognitive Impairment; Normal Controls; Preclinical Alzheimer's Disease; PTSD; Traumatic Brain Injury	https://github.com/Abdul-Karim1/Grey-Matter-Abnormalities-Detection-in-Dementia-Patients-using-Deep-Learning-on-ADNI-Images-FYP	Abdul-Karim1	Abdul-Karim1	Jupyter Notebook					No Dependencies; No Version Info; No Container; No Environment Spec	6
Alzheimer's Disease Neuroimaging Initiative	ADNI	Alzheimer's Disease; Early Mild Cognitive Impairment; Mild Cognitive Impairment; Normal Controls; Preclinical Alzheimer's Disease; PTSD; Traumatic Brain Injury	https://github.com/neuro-ml/resnet_cnn_mri_adni	neuro-ml	libfun; amigoml	Jupyter Notebook					No Dependencies; No Version Info; No Environment Spec; No Dependencies; No Version Info; No Environment Spec	4
Alzheimer's Disease Neuroimaging Initiative	ADNI	Alzheimer's Disease; Early Mild Cognitive Impairment; Mild Cognitive Impairment; Normal Controls; Preclinical Alzheimer's Disease; PTSD; Traumatic Brain Injury	https://github.com/djrumala/ADNI-processing	djrumala	djrumala	Python					No Version Info; No Container; No Environment Spec	7
Alzheimer's Disease Neuroimaging Initiative	ADNI	Alzheimer's Disease; Early Mild Cognitive Impairment; Mild Cognitive Impairment; Normal Controls; Preclinical Alzheimer's Disease; PTSD; Traumatic Brain Injury	https://github.com/FahimFBA/organize-ADNI	FahimFBA	FahimFBA	HTML					No Dependencies; No Version Info; No Container; No Environment Spec	6
Alzheimer's Disease Neuroimaging Initiative	ADNI	Alzheimer's Disease; Early Mild Cognitive Impairment; Mild Cognitive Impairment; Normal Controls; Preclinical Alzheimer's Disease; PTSD; Traumatic Brain Injury	https://github.com/gkarozis/ADNI_thesis_project	gkarozis	gkarozis	Python					No Dependencies; No Version Info; No Container; No Environment Spec	6
Alzheimer's Disease Neuroimaging Initiative	ADNI	Alzheimer's Disease; Early Mild Cognitive Impairment; Mild Cognitive Impairment; Normal Controls; Preclinical Alzheimer's Disease; PTSD; Traumatic Brain Injury	https://github.com/teogelles/Superpixel-Brain-Segmentation	teogelles	teogelles	Matlab					No Dependencies; No Version Info; No Container; No Environment Spec	6
Alzheimer's Disease Neuroimaging Initiative	ADNI	Alzheimer's Disease; Early Mild Cognitive Impairment; Mild Cognitive Impairment; Normal Controls; Preclinical Alzheimer's Disease; PTSD; Traumatic Brain Injury	https://github.com/xiaoxingxingkz/BrainStatTrans-GAN	xiaoxingxingkz	xiaoxingxingkz	Python					No Dependencies; No Version Info; No Container; No Environment Spec; No Dependencies; No Version Info; No Container; No Environment Spec	2
Alzheimer's Disease Neuroimaging Initiative	ADNI	Alzheimer's Disease; Early Mild Cognitive Impairment; Mild Cognitive Impairment; Normal Controls; Preclinical Alzheimer's Disease; PTSD; Traumatic Brain Injury	https://github.com/JGarciaCondado/ADNIBrainAge	JGarciaCondado	JGarciaCondado	Jupyter Notebook					No Version Info; No Container; No Environment Spec	7
Alzheimer's Disease Neuroimaging Initiative	ADNI	Alzheimer's Disease; Early Mild Cognitive Impairment; Mild Cognitive Impairment; Normal Controls; Preclinical Alzheimer's Disease; PTSD; Traumatic Brain Injury	https://github.com/gama-ufsc/brain-age	gama-ufsc	brunompacheco; victor-hro	Jupyter Notebook					No Dependencies; No Version Info; No Container; No Environment Spec	6
Alzheimer's Disease Neuroimaging Initiative	ADNI	Alzheimer's Disease; Early Mild Cognitive Impairment; Mild Cognitive Impairment; Normal Controls; Preclinical Alzheimer's Disease; PTSD; Traumatic Brain Injury	https://github.com/GavinSaiun/GFNet-Alzheimer-Detection	GavinSaiun	GavinSaiun	Python					No Dependencies; No Version Info; No Container; No Environment Spec	6
Alzheimer's Disease Neuroimaging Initiative	ADNI	Alzheimer's Disease; Early Mild Cognitive Impairment; Mild Cognitive Impairment; Normal Controls; Preclinical Alzheimer's Disease; PTSD; Traumatic Brain Injury	https://github.com/asharifisadr/MRI-Preprocessing	asharifisadr	asharifisadr	Jupyter Notebook					No Dependencies; No Version Info; No Container; No Environment Spec	6
Alzheimer's Disease Neuroimaging Initiative	ADNI	Alzheimer's Disease; Early Mild Cognitive Impairment; Mild Cognitive Impairment; Normal Controls; Preclinical Alzheimer's Disease; PTSD; Traumatic Brain Injury	https://github.com/roman-studer/fhnw_ds_fs22_cdl1_cml1_Brain_Health_Challenge	roman-studer	a-coding-Kat; roman-studer; BrunoKreiner	Jupyter Notebook					No Version Info; No Container; No Environment Spec	7
Alzheimer's Disease Neuroimaging Initiative	ADNI	Alzheimer's Disease; Early Mild Cognitive Impairment; Mild Cognitive Impairment; Normal Controls; Preclinical Alzheimer's Disease; PTSD; Traumatic Brain Injury	https://github.com/ritikarana9999/ADNI_Brain_Visual_Transformer_47306725	ritikarana9999	ritikarana9999	Jupyter Notebook					No Dependencies; No Version Info; No Container; No Environment Spec	6
Alzheimer's Disease Neuroimaging Initiative	ADNI	Alzheimer's Disease; Early Mild Cognitive Impairment; Mild Cognitive Impairment; Normal Controls; Preclinical Alzheimer's Disease; PTSD; Traumatic Brain Injury	https://github.com/shabnomm/Alzheimer-s-MRI-Classification-ADNI-OASIS	shabnomm	shabnomm	Jupyter Notebook					No Version Info; No Container; No Environment Spec	7
Alzheimer's Disease Neuroimaging Initiative	ADNI	Alzheimer's Disease; Early Mild Cognitive Impairment; Mild Cognitive Impairment; Normal Controls; Preclinical Alzheimer's Disease; PTSD; Traumatic Brain Injury	https://github.com/xiaoxingxingkz/BrainStatTrans-GAN-MindSpore	xiaoxingxingkz	xiaoxingxingkz	Python					No Dependencies; No Version Info; No Container; No Environment Spec; No Dependencies; No Version Info; No Container; No Environment Spec	2
Alzheimer's Disease Neuroimaging Initiative	ADNI	Alzheimer's Disease; Early Mild Cognitive Impairment; Mild Cognitive Impairment; Normal Controls; Preclinical Alzheimer's Disease; PTSD; Traumatic Brain Injury	https://github.com/Abhinavmohindersingh/medical-image-srcnn	Abhinavmohindersingh	Abhinavmohindersingh; shakes76	Python					No Dependencies; No Version Info; No Container; No Environment Spec	6
Alzheimer's Disease Neuroimaging Initiative	ADNI	Alzheimer's Disease; Early Mild Cognitive Impairment; Mild Cognitive Impairment; Normal Controls; Preclinical Alzheimer's Disease; PTSD; Traumatic Brain Injury	https://github.com/Emr-pvt/Alzheimer_detection_CSA	Emr-pvt	Emr-pvt	Jupyter Notebook					No Dependencies; No Version Info; No Container; No Environment Spec	6
Alzheimer's Disease Neuroimaging Initiative	ADNI	Alzheimer's Disease; Early Mild Cognitive Impairment; Mild Cognitive Impairment; Normal Controls; Preclinical Alzheimer's Disease; PTSD; Traumatic Brain Injury	https://github.com/ChantalGisler/Brainhealth-Challenge	ChantalGisler	ChantalGisler	Jupyter Notebook					No Dependencies; No Version Info; No Container; No Environment Spec	6
Alzheimer's Disease Neuroimaging Initiative	ADNI	Alzheimer's Disease; Early Mild Cognitive Impairment; Mild Cognitive Impairment; Normal Controls; Preclinical Alzheimer's Disease; PTSD; Traumatic Brain Injury	https://github.com/H-Snoussi/ADNI3-Blueprints	H-Snoussi	H-Snoussi	Shell					No Dependencies; No Version Info; No Container; No Environment Spec	6
Alzheimer's Disease Neuroimaging Initiative	ADNI	Alzheimer's Disease; Early Mild Cognitive Impairment; Mild Cognitive Impairment; Normal Controls; Preclinical Alzheimer's Disease; PTSD; Traumatic Brain Injury	https://github.com/Chaehee03/Counterfactual_ADNI	Chaehee03	Chaehee03	Python					No Dependencies; No Version Info; No Container; No Environment Spec	6
Alzheimer's Disease Neuroimaging Initiative	ADNI	Alzheimer's Disease; Early Mild Cognitive Impairment; Mild Cognitive Impairment; Normal Controls; Preclinical Alzheimer's Disease; PTSD; Traumatic Brain Injury	https://github.com/ramdaftari/brain-spy	ramdaftari	ramdaftari; Chef-strash; AG3106	Jupyter Notebook					No Dependencies; No Version Info; No Container; No Environment Spec	6
Alzheimer's Disease Sequencing Project	ADSP	Alzheimer's Disease	https://github.com/EpistasisLab/tpot	EpistasisLab	perib; jay-m-dev; jgh9094; nickotto; gketronDS; nickmatsumoto; ethanglaser; john-sandall; theaksaini	Jupyter Notebook					No Dependencies; No Version Info; No Container; No Environment Spec	6
Alzheimer's Disease Sequencing Project	ADSP	Alzheimer's Disease	https://github.com/EpistasisLab/tpot2	EpistasisLab	perib; jay-m-dev; jgh9094; nickotto; nickmatsumoto; gketronDS; ethanglaser; theaksaini	Jupyter Notebook					No Version Info; No Container; No Environment Spec	7
Alzheimer's Disease Sequencing Project	ADSP	Alzheimer's Disease	https://github.com/EpistasisLab/Aliro	EpistasisLab	djfunksalot; weixuanfu; Coder-Sharon; hjwilli; Kaixhin; lacava; HyunjunA; jay-m-dev; joshc0044; mgstauffer	JavaScript					No Version Info; No Environment Spec	8
Alzheimer's Disease Sequencing Project	ADSP	Alzheimer's Disease	https://github.com/EpistasisLab/AlzKB	EpistasisLab	JDRomano2; jay-m-dev; xixilili; nickotto; van-truong; PaulWangCS	Python					No Version Info; No Container; No Environment Spec	7
Alzheimer's Disease Sequencing Project	ADSP	Alzheimer's Disease	https://github.com/ZhiGroup/DeepENDO	ZhiGroup	khushpatelmd	Python					No Dependencies; No Version Info; No Container; No Environment Spec	6
Alzheimer's Disease Sequencing Project	ADSP	Alzheimer's Disease	https://github.com/ZhiGroup/UDIP-FA	ZhiGroup	Soulnature; ZhiGroup	Jupyter Notebook					No Version Info; No Container; No Environment Spec	7
Alzheimer's Disease Sequencing Project	ADSP	Alzheimer's Disease	https://github.com/NIAGADS/ADSPIntegratedPhenotypes	NIAGADS	heatherissen	R					No Dependencies; No Version Info; No Container; No Environment Spec	6
Alzheimer's Disease Sequencing Project	ADSP	Alzheimer's Disease	https://github.com/ZhiGroup/UDIP-ViT	ZhiGroup	sislam1; no1summer; ZiqianXie	Python					No Version Info; No Container; No Environment Spec	7
Alzheimer's Disease Sequencing Project	ADSP	Alzheimer's Disease	https://github.com/thudaUSF/ADSP-dl-process	thudaUSF	thudaUSF	Python					No Dependencies; No Version Info; No Container; No Environment Spec	6
Alzheimer's Disease Sequencing Project	ADSP	Alzheimer's Disease	https://github.com/RitchieLab/biofilter	RitchieLab	AndreRico; XueqiongLi; van-truong; vermaa1	Python					No Version Info	9
Alzheimer's Disease Sequencing Project	ADSP	Alzheimer's Disease	https://github.com/atri-biostats/NACCADRC	atri-biostats	mcdonohue	R					No Dependencies; No Version Info; No Container; No Environment Spec; No Dependencies; No Version Info; No Container; No Environment Spec	2
Alzheimer's Disease Sequencing Project	ADSP	Alzheimer's Disease	https://github.com/soffiafdz/hvr-cvr-mediation	soffiafdz	soffiafdz	R					No Dependencies; No Version Info; No Container	7
Cognitive behavioural therapy vs. standardised medical care for adults with Dissociative non-Epileptic Seizures: a multicentre randomised controlled trial	CODES	Dissociative Seizures; Functional Neurological Disorder	https://github.com/NYUMedML/GNN_for_EHR	NYUMedML	jackzhu727	Python					No Version Info; No Container; No Environment Spec	7
Cognitive behavioural therapy vs. standardised medical care for adults with Dissociative non-Epileptic Seizures: a multicentre randomised controlled trial	CODES	Dissociative Seizures; Functional Neurological Disorder	https://github.com/NYUMedML/CNN_design_for_AD	NYUMedML	shengliu66; JeremyHide	Jupyter Notebook					No Dependencies; No Version Info; No Container; No Environment Spec	6
Cognitive behavioural therapy vs. standardised medical care for adults with Dissociative non-Epileptic Seizures: a multicentre randomised controlled trial	CODES	Dissociative Seizures; Functional Neurological Disorder	https://github.com/himanshub1007/Alzhimers-Disease-Prediction-Using-Deep-learning	himanshub1007	himanshub1007	Python					No Dependencies; No Version Info; No Container; No Environment Spec; No Dependencies; No Version Info; No Container; No Environment Spec; No Dependencies; No Version Info; No Container; No Environment Spec	0
Cognitive behavioural therapy vs. standardised medical care for adults with Dissociative non-Epileptic Seizures: a multicentre randomised controlled trial	CODES	Dissociative Seizures; Functional Neurological Disorder	https://github.com/GabrieleLozupone/AXIAL	GabrieleLozupone	GabrieleLozupone	Python					No Version Info; No Container; No Environment Spec	7
Cognitive behavioural therapy vs. standardised medical care for adults with Dissociative non-Epileptic Seizures: a multicentre randomised controlled trial	CODES	Dissociative Seizures; Functional Neurological Disorder	https://github.com/RishalAggarwal/3D-Convnet-for-Alzheimer-s-Detection	RishalAggarwal	RishalAggarwal	Python					No Dependencies; No Version Info; No Container; No Environment Spec	6
Cognitive behavioural therapy vs. standardised medical care for adults with Dissociative non-Epileptic Seizures: a multicentre randomised controlled trial	CODES	Dissociative Seizures; Functional Neurological Disorder	https://github.com/cboix/admultiregion_analysis	cboix	cboix	R					No Dependencies; No Version Info; No Container; No Environment Spec	6
Cognitive behavioural therapy vs. standardised medical care for adults with Dissociative non-Epileptic Seizures: a multicentre randomised controlled trial	CODES	Dissociative Seizures; Functional Neurological Disorder	https://github.com/vipul105/Alzheimers_Disease_Progression	vipul105	vipul105; kaurrachneet6	Jupyter Notebook					No Dependencies; No Version Info; No Container; No Environment Spec; No Dependencies; No Version Info; No Container; No Environment Spec	2
Cognitive behavioural therapy vs. standardised medical care for adults with Dissociative non-Epileptic Seizures: a multicentre randomised controlled trial	CODES	Dissociative Seizures; Functional Neurological Disorder	https://github.com/oscardp96/TFM-Alzheimer-Diagnosis	oscardp96	oscardp96; alu0100892833	Jupyter Notebook					No Dependencies; No Version Info; No Container; No Environment Spec	6
Cognitive behavioural therapy vs. standardised medical care for adults with Dissociative non-Epileptic Seizures: a multicentre randomised controlled trial	CODES	Dissociative Seizures; Functional Neurological Disorder	https://github.com/thibault-wch/Joint-Learning-for-Alzheimer-disease	thibault-wch	thibault-wch	Python					No Version Info; No Container; No Environment Spec	7
Cognitive behavioural therapy vs. standardised medical care for adults with Dissociative non-Epileptic Seizures: a multicentre randomised controlled trial	CODES	Dissociative Seizures; Functional Neurological Disorder	https://github.com/miacsu/MMTL	miacsu	tianxu8822	Python					No Version Info; No Container; No Environment Spec	7
Cognitive behavioural therapy vs. standardised medical care for adults with Dissociative non-Epileptic Seizures: a multicentre randomised controlled trial	CODES	Dissociative Seizures; Functional Neurological Disorder	https://github.com/xiaotingsong/dGLCN	xiaotingsong	xiaotingsong						No Dependencies; No Version Info; No Container; No Environment Spec	6
Cognitive behavioural therapy vs. standardised medical care for adults with Dissociative non-Epileptic Seizures: a multicentre randomised controlled trial	CODES	Dissociative Seizures; Functional Neurological Disorder	https://github.com/ArezoShakeri/MultiConAD	ArezoShakeri	ArezoShakeri	Python					No Dependencies; No Version Info; No Container; No Environment Spec	6
Cognitive behavioural therapy vs. standardised medical care for adults with Dissociative non-Epileptic Seizures: a multicentre randomised controlled trial	CODES	Dissociative Seizures; Functional Neurological Disorder	https://github.com/batuhankmkaraman/mlbasedad	batuhankmkaraman	batuhankmkaraman	Python					No Dependencies; No Version Info; No Container; No Environment Spec	6
Cognitive behavioural therapy vs. standardised medical care for adults with Dissociative non-Epileptic Seizures: a multicentre randomised controlled trial	CODES	Dissociative Seizures; Functional Neurological Disorder	https://github.com/montanarograziano/Multimodal-approach-for-AD	montanarograziano	montanarograziano; espositoandrea	Jupyter Notebook					No Dependencies; No Version Info; No Container; No Environment Spec	6
Cognitive behavioural therapy vs. standardised medical care for adults with Dissociative non-Epileptic Seizures: a multicentre randomised controlled trial	CODES	Dissociative Seizures; Functional Neurological Disorder	https://github.com/HaloForest/UKB_PWAS	HaloForest	HaloForest	R					No Dependencies; No Version Info; No Container; No Environment Spec	6
Cognitive behavioural therapy vs. standardised medical care for adults with Dissociative non-Epileptic Seizures: a multicentre randomised controlled trial	CODES	Dissociative Seizures; Functional Neurological Disorder	https://github.com/Raj-Lab-UCSF/Aggregation-Network-Diffusion	Raj-Lab-UCSF	xxabbu	MATLAB					No Dependencies; No Version Info; No Container; No Environment Spec	6
Cognitive behavioural therapy vs. standardised medical care for adults with Dissociative non-Epileptic Seizures: a multicentre randomised controlled trial	CODES	Dissociative Seizures; Functional Neurological Disorder	https://github.com/mac-n/Clustering-GNN	mac-n	mac-n	Jupyter Notebook					No Dependencies; No Version Info; No Container	7
Cognitive behavioural therapy vs. standardised medical care for adults with Dissociative non-Epileptic Seizures: a multicentre randomised controlled trial	CODES	Dissociative Seizures; Functional Neurological Disorder	https://github.com/e-pet/adni-bias	e-pet	e-pet	Python					No Dependencies; No Version Info; No Container; No Dependencies; No Version Info; No Container	4
Cognitive behavioural therapy vs. standardised medical care for adults with Dissociative non-Epileptic Seizures: a multicentre randomised controlled trial	CODES	Dissociative Seizures; Functional Neurological Disorder	https://github.com/dilettamilana/deep_generative_models_alzheimer	dilettamilana	dilettamilana	Python					No Dependencies; No Version Info; No Container; No Environment Spec	6
Cognitive behavioural therapy vs. standardised medical care for adults with Dissociative non-Epileptic Seizures: a multicentre randomised controlled trial	CODES	Dissociative Seizures; Functional Neurological Disorder	https://github.com/XiaoliNolan/GSGLMTL	XiaoliNolan	XiaoliNolan	MATLAB					No Dependencies; No Version Info; No Container; No Environment Spec; No Dependencies; No Version Info; No Container; No Environment Spec	2
Cognitive behavioural therapy vs. standardised medical care for adults with Dissociative non-Epileptic Seizures: a multicentre randomised controlled trial	CODES	Dissociative Seizures; Functional Neurological Disorder	https://github.com/acw-upv/INTERSPEECH2023_AlzheimersDisease	acw-upv	LuciaGomZa; ASAPLableni	Jupyter Notebook					No Dependencies; No Version Info; No Container; No Environment Spec	6
Cognitive behavioural therapy vs. standardised medical care for adults with Dissociative non-Epileptic Seizures: a multicentre randomised controlled trial	CODES	Dissociative Seizures; Functional Neurological Disorder	https://github.com/ai-med/causal-effects-in-alzheimers-continuum	ai-med	sebp	Jupyter Notebook					No Version Info; No Environment Spec	8
Cognitive behavioural therapy vs. standardised medical care for adults with Dissociative non-Epileptic Seizures: a multicentre randomised controlled trial	CODES	Dissociative Seizures; Functional Neurological Disorder	https://github.com/JaeyoonSSim/GTAD	JaeyoonSSim	JaeyoonSSim	Python					No Dependencies; No Version Info; No Container; No Environment Spec	6
Cognitive behavioural therapy vs. standardised medical care for adults with Dissociative non-Epileptic Seizures: a multicentre randomised controlled trial	CODES	Dissociative Seizures; Functional Neurological Disorder	https://github.com/PierreBSC/DOL_project	PierreBSC	PierreBSC	R					No Dependencies; No Version Info; No Container; No Environment Spec	6
Cognitive behavioural therapy vs. standardised medical care for adults with Dissociative non-Epileptic Seizures: a multicentre randomised controlled trial	CODES	Dissociative Seizures; Functional Neurological Disorder	https://github.com/robertfhillary/gwas_ewas_AD_plasma_biomarkers	robertfhillary	robertfhillary	R					No Dependencies; No Version Info; No Container; No Environment Spec	6
Cognitive behavioural therapy vs. standardised medical care for adults with Dissociative non-Epileptic Seizures: a multicentre randomised controlled trial	CODES	Dissociative Seizures; Functional Neurological Disorder	https://github.com/BorgwardtLab/ADNI_3DCNNvsTDA	BorgwardtLab	sbrueningk	Python					No Dependencies; No Version Info; No Container; No Environment Spec; No Dependencies; No Version Info; No Container; No Environment Spec	2
Cognitive behavioural therapy vs. standardised medical care for adults with Dissociative non-Epileptic Seizures: a multicentre randomised controlled trial	CODES	Dissociative Seizures; Functional Neurological Disorder	https://github.com/vendruscolo-lab/ab42-kinetic-ensemble	vendruscolo-lab	tlhr	Jupyter Notebook					No Dependencies; No Version Info; No Container; No Environment Spec	6
Cognitive behavioural therapy vs. standardised medical care for adults with Dissociative non-Epileptic Seizures: a multicentre randomised controlled trial	CODES	Dissociative Seizures; Functional Neurological Disorder	https://github.com/flaviodipalo/AlzheimerDetection	flaviodipalo	flaviodipalo	Python					No Dependencies; No Version Info; No Container; No Environment Spec	6
Cognitive behavioural therapy vs. standardised medical care for adults with Dissociative non-Epileptic Seizures: a multicentre randomised controlled trial	CODES	Dissociative Seizures; Functional Neurological Disorder	https://github.com/gaow/neuro-twas	gaow	hsun3163; gaow	Jupyter Notebook					No Dependencies; No Version Info; No Container; No Environment Spec; No Dependencies; No Version Info; No Container; No Environment Spec	2
Cognitive behavioural therapy vs. standardised medical care for adults with Dissociative non-Epileptic Seizures: a multicentre randomised controlled trial	CODES	Dissociative Seizures; Functional Neurological Disorder	https://github.com/mlu355/PD-Motor-Severity-Estimation	mlu355	mlu355	Jupyter Notebook					No Version Info; No Container; No Environment Spec	7
Cognitive behavioural therapy vs. standardised medical care for adults with Dissociative non-Epileptic Seizures: a multicentre randomised controlled trial	CODES	Dissociative Seizures; Functional Neurological Disorder	https://github.com/TaatiTeam/stgcn_parkinsonism_prediction	TaatiTeam	andreasabo-ibbme	Python					No Version Info; No Container; No Environment Spec	7
Cognitive behavioural therapy vs. standardised medical care for adults with Dissociative non-Epileptic Seizures: a multicentre randomised controlled trial	CODES	Dissociative Seizures; Functional Neurological Disorder	https://github.com/NikhilMahadevan/analyze-tremor-bradykinesia-PD	NikhilMahadevan	nmdevan; NikhilMahadevan	Python					No Version Info; No Container; No Environment Spec	7
Cognitive behavioural therapy vs. standardised medical care for adults with Dissociative non-Epileptic Seizures: a multicentre randomised controlled trial	CODES	Dissociative Seizures; Functional Neurological Disorder	https://github.com/SAGI-FAU/SMA2	SAGI-FAU	jcvasquezc; AKuederle; PKlumpp; TAriasVergara; nilsroth; PauPerezT; nicanorgarcia; patientzero; cdavidrios; lfelipeparra	Java					No Version Info; No Container; No Environment Spec	7
Cognitive behavioural therapy vs. standardised medical care for adults with Dissociative non-Epileptic Seizures: a multicentre randomised controlled trial	CODES	Dissociative Seizures; Functional Neurological Disorder	https://github.com/NevVerVer/DBS-Gym	NevVerVer	NevVerVer; skylooop	Jupyter Notebook					No Version Info; No Container; No Environment Spec	7
Cognitive behavioural therapy vs. standardised medical care for adults with Dissociative non-Epileptic Seizures: a multicentre randomised controlled trial	CODES	Dissociative Seizures; Functional Neurological Disorder	https://github.com/Wang-lab-UCSD/RESP	Wang-lab-UCSD	jlparkI	Python					No Version Info; No Container; No Environment Spec	7
Cognitive behavioural therapy vs. standardised medical care for adults with Dissociative non-Epileptic Seizures: a multicentre randomised controlled trial	CODES	Dissociative Seizures; Functional Neurological Disorder	https://github.com/K-STMLab/SSL4PR	K-STMLab	MorenoLaQuatra	Python					No Version Info; No Container; No Environment Spec	7
Cognitive behavioural therapy vs. standardised medical care for adults with Dissociative non-Epileptic Seizures: a multicentre randomised controlled trial	CODES	Dissociative Seizures; Functional Neurological Disorder	https://github.com/luisf-gomez/Explorer-FE-AU-in-PD	luisf-gomez	luisf-gomez	Python					No Dependencies; No Version Info; No Container; No Environment Spec	6
Cognitive behavioural therapy vs. standardised medical care for adults with Dissociative non-Epileptic Seizures: a multicentre randomised controlled trial	CODES	Dissociative Seizures; Functional Neurological Disorder	https://github.com/david-gimeno/interpreting-ssl-parkinson-speech	david-gimeno	david-gimeno	Jupyter Notebook					No Version Info; No Container; No Environment Spec	7
Cognitive behavioural therapy vs. standardised medical care for adults with Dissociative non-Epileptic Seizures: a multicentre randomised controlled trial	CODES	Dissociative Seizures; Functional Neurological Disorder	https://github.com/johnPrinceOx/Multi-Source_Ensemble_Learning_Neural_Networks	johnPrinceOx	johnPrinceOx	Python					No Dependencies; No Version Info; No Container; No Environment Spec	6
Cognitive behavioural therapy vs. standardised medical care for adults with Dissociative non-Epileptic Seizures: a multicentre randomised controlled trial	CODES	Dissociative Seizures; Functional Neurological Disorder	https://github.com/zwallen/Wallen_DAMethodCompare_2021	zwallen	zwallen	R					No Dependencies; No Version Info; No Container; No Environment Spec	6
Cognitive behavioural therapy vs. standardised medical care for adults with Dissociative non-Epileptic Seizures: a multicentre randomised controlled trial	CODES	Dissociative Seizures; Functional Neurological Disorder	https://github.com/pwh124/sc-da-parkinsons	pwh124	pwh124	HTML					No Dependencies; No Version Info; No Container; No Environment Spec	6
Cognitive behavioural therapy vs. standardised medical care for adults with Dissociative non-Epileptic Seizures: a multicentre randomised controlled trial	CODES	Dissociative Seizures; Functional Neurological Disorder	https://github.com/ffaghri1/PD-progression-ML	ffaghri1	ffaghri1	Jupyter Notebook					No Dependencies; No Version Info; No Container; No Environment Spec	6
Cognitive behavioural therapy vs. standardised medical care for adults with Dissociative non-Epileptic Seizures: a multicentre randomised controlled trial	CODES	Dissociative Seizures; Functional Neurological Disorder	https://github.com/DeepLearningForPrecisionHealthLab/Parkinson-Severity-rsfMRI	DeepLearningForPrecisionHealthLab		Python					No Dependencies; No Version Info; No Container; No Environment Spec	6
Cognitive behavioural therapy vs. standardised medical care for adults with Dissociative non-Epileptic Seizures: a multicentre randomised controlled trial	CODES	Dissociative Seizures; Functional Neurological Disorder	https://github.com/Afreen89/Gait-analysis-for-Parkinsons	Afreen89	Afreen89	Jupyter Notebook					No Dependencies; No Version Info; No Container; No Environment Spec	6
Cognitive behavioural therapy vs. standardised medical care for adults with Dissociative non-Epileptic Seizures: a multicentre randomised controlled trial	CODES	Dissociative Seizures; Functional Neurological Disorder	https://github.com/InfoLab-SKKU/Parkinson-Disease-Progression-Detection	InfoLab-SKKU	InfoLab-SKKU; Mjunaid00	Jupyter Notebook					No Version Info; No Container; No Environment Spec	7
Cognitive behavioural therapy vs. standardised medical care for adults with Dissociative non-Epileptic Seizures: a multicentre randomised controlled trial	CODES	Dissociative Seizures; Functional Neurological Disorder	https://github.com/desomeboy/Foundation-Individual-Generative-Virtual-Brain	desomeboy	desomeboy	Python					No Version Info; No Container; No Environment Spec; No Version Info; No Container; No Environment Spec	4
Cognitive behavioural therapy vs. standardised medical care for adults with Dissociative non-Epileptic Seizures: a multicentre randomised controlled trial	CODES	Dissociative Seizures; Functional Neurological Disorder	https://github.com/alpapado/deep_pd	alpapado	alpapado	Python					No Dependencies; No Version Info; No Container	7
Cognitive behavioural therapy vs. standardised medical care for adults with Dissociative non-Epileptic Seizures: a multicentre randomised controlled trial	CODES	Dissociative Seizures; Functional Neurological Disorder	https://github.com/nshawen/DataCharacteristics_PD	nshawen	nshawen	Jupyter Notebook					No Dependencies; No Version Info; No Container; No Environment Spec	6
Cognitive behavioural therapy vs. standardised medical care for adults with Dissociative non-Epileptic Seizures: a multicentre randomised controlled trial	CODES	Dissociative Seizures; Functional Neurological Disorder	https://github.com/ShineLabUSYD/PD_Hallucinations	ShineLabUSYD	JoshuaBTan	MATLAB					No Dependencies; No Version Info; No Container; No Environment Spec	6
Cognitive behavioural therapy vs. standardised medical care for adults with Dissociative non-Epileptic Seizures: a multicentre randomised controlled trial	CODES	Dissociative Seizures; Functional Neurological Disorder	https://github.com/lionwarriorjr/mpds	lionwarriorjr	lionwarriorjr; zad	R					No Dependencies; No Version Info; No Container; No Environment Spec	6
Cognitive behavioural therapy vs. standardised medical care for adults with Dissociative non-Epileptic Seizures: a multicentre randomised controlled trial	CODES	Dissociative Seizures; Functional Neurological Disorder	https://github.com/Luke3D/DREAM_PD	Luke3D	Luke3D	Jupyter Notebook					No Dependencies; No Version Info; No Container; No Environment Spec	6
Cognitive behavioural therapy vs. standardised medical care for adults with Dissociative non-Epileptic Seizures: a multicentre randomised controlled trial	CODES	Dissociative Seizures; Functional Neurological Disorder	https://github.com/voldemort18/DMD_Parkinson_disease	voldemort18	voldemort18	MATLAB					No Dependencies; No Version Info; No Container; No Environment Spec	6
Cognitive behavioural therapy vs. standardised medical care for adults with Dissociative non-Epileptic Seizures: a multicentre randomised controlled trial	CODES	Dissociative Seizures; Functional Neurological Disorder	https://github.com/GNB-UAM/Kamali_et_al_ExSEnt_Extrema-segmented_Entropy_Analysis_of_Time_Series	GNB-UAM	Sara-Kamali	MATLAB					No Dependencies; No Version Info; No Container; No Environment Spec	6
Cognitive behavioural therapy vs. standardised medical care for adults with Dissociative non-Epileptic Seizures: a multicentre randomised controlled trial	CODES	Dissociative Seizures; Functional Neurological Disorder	https://github.com/bardylab/RNAseq_iPSC_PD	bardylab	mvandenhurk; mzabolocki	R					No Dependencies; No Version Info; No Container; No Environment Spec	6
Cognitive behavioural therapy vs. standardised medical care for adults with Dissociative non-Epileptic Seizures: a multicentre randomised controlled trial	CODES	Dissociative Seizures; Functional Neurological Disorder	https://github.com/RajLabMSSM/PD_omics_review	RajLabMSSM	bschilder	HTML					No Dependencies; No Version Info; No Container; No Environment Spec	6
Cognitive behavioural therapy vs. standardised medical care for adults with Dissociative non-Epileptic Seizures: a multicentre randomised controlled trial	CODES	Dissociative Seizures; Functional Neurological Disorder	https://github.com/Minee-Liane-Choi/chemPredPD	Minee-Liane-Choi	Minee-Liane-Choi	Jupyter Notebook					No Dependencies; No Version Info; No Container; No Environment Spec	6
Cognitive behavioural therapy vs. standardised medical care for adults with Dissociative non-Epileptic Seizures: a multicentre randomised controlled trial	CODES	Dissociative Seizures; Functional Neurological Disorder	https://github.com/mcampi111/EMD-Stochastic-Embedding-for-PD-Speech	mcampi111	mcampi111	Jupyter Notebook					No Dependencies; No Version Info; No Container; No Environment Spec	6
Cognitive behavioural therapy vs. standardised medical care for adults with Dissociative non-Epileptic Seizures: a multicentre randomised controlled trial	CODES	Dissociative Seizures; Functional Neurological Disorder	https://github.com/CyclotronResearchCentre/parktdi_scripts	CyclotronResearchCentre		Python					No Dependencies; No Version Info; No Container; No Environment Spec	6
Cognitive behavioural therapy vs. standardised medical care for adults with Dissociative non-Epileptic Seizures: a multicentre randomised controlled trial	CODES	Dissociative Seizures; Functional Neurological Disorder	https://github.com/vmasrani/dementia_classifier	vmasrani	vmasrani	Python					No Version Info; No Container; No Environment Spec	7
Cognitive behavioural therapy vs. standardised medical care for adults with Dissociative non-Epileptic Seizures: a multicentre randomised controlled trial	CODES	Dissociative Seizures; Functional Neurological Disorder	https://github.com/atticatto/UKB_AD_EWAS	atticatto	atticatto	R					No Dependencies; No Version Info; No Container; No Environment Spec	6
Cognitive behavioural therapy vs. standardised medical care for adults with Dissociative non-Epileptic Seizures: a multicentre randomised controlled trial	CODES	Dissociative Seizures; Functional Neurological Disorder	https://github.com/banton/claude-dementia	banton	banton	Python					No Version Info; No Container; No Environment Spec	7
Cognitive behavioural therapy vs. standardised medical care for adults with Dissociative non-Epileptic Seizures: a multicentre randomised controlled trial	CODES	Dissociative Seizures; Functional Neurological Disorder	https://github.com/scottchiesa/UKB_PRS_LRS_Dementia	scottchiesa	scottchiesa	Stata					No Dependencies; No Version Info; No Container; No Environment Spec	6
Cognitive behavioural therapy vs. standardised medical care for adults with Dissociative non-Epileptic Seizures: a multicentre randomised controlled trial	CODES	Dissociative Seizures; Functional Neurological Disorder	https://github.com/hl-anna/DA4AD	hl-anna	domiwk; hl-anna; alican14	Jupyter Notebook					No Version Info; No Container; No Environment Spec	7
Cognitive behavioural therapy vs. standardised medical care for adults with Dissociative non-Epileptic Seizures: a multicentre randomised controlled trial	CODES	Dissociative Seizures; Functional Neurological Disorder	https://github.com/drivendataorg/prepare-adrd	drivendataorg	hannahmoro	Jupyter Notebook					No Dependencies; No Version Info; No Container; No Environment Spec	6
Cognitive behavioural therapy vs. standardised medical care for adults with Dissociative non-Epileptic Seizures: a multicentre randomised controlled trial	CODES	Dissociative Seizures; Functional Neurological Disorder	https://github.com/shayanmostafaei/Omics_ADRD_Integrated_Modeling	shayanmostafaei	shayanmostafaei	R					No Dependencies; No Version Info; No Container; No Environment Spec	6
Cognitive behavioural therapy vs. standardised medical care for adults with Dissociative non-Epileptic Seizures: a multicentre randomised controlled trial	CODES	Dissociative Seizures; Functional Neurological Disorder	https://github.com/powerepilab/AD_algorithm_comparison	powerepilab	powerepilab; kzgianattasio	SAS					No Dependencies; No Version Info; No Container; No Environment Spec	6
Cognitive behavioural therapy vs. standardised medical care for adults with Dissociative non-Epileptic Seizures: a multicentre randomised controlled trial	CODES	Dissociative Seizures; Functional Neurological Disorder	https://github.com/JuM24/hearing_dementia_UKB	JuM24	JuM24	R					No Dependencies; No Version Info; No Container; No Environment Spec	6
Cognitive behavioural therapy vs. standardised medical care for adults with Dissociative non-Epileptic Seizures: a multicentre randomised controlled trial	CODES	Dissociative Seizures; Functional Neurological Disorder	https://github.com/palolili23/competing_risks_dementia	palolili23	palolili23	TeX					No Dependencies; No Version Info; No Container; No Environment Spec	6
Cognitive behavioural therapy vs. standardised medical care for adults with Dissociative non-Epileptic Seizures: a multicentre randomised controlled trial	CODES	Dissociative Seizures; Functional Neurological Disorder	https://github.com/burkh4rt/Multimodal-Trajectory-Modeling	burkh4rt	burkh4rt	Python					No Dependencies; No Version Info	8
Cognitive behavioural therapy vs. standardised medical care for adults with Dissociative non-Epileptic Seizures: a multicentre randomised controlled trial	CODES	Dissociative Seizures; Functional Neurological Disorder	https://github.com/anaconda121/NeuraHealth	anaconda121	anaconda121	Jupyter Notebook					No Dependencies; No Version Info; No Container; No Environment Spec	6
Cognitive behavioural therapy vs. standardised medical care for adults with Dissociative non-Epileptic Seizures: a multicentre randomised controlled trial	CODES	Dissociative Seizures; Functional Neurological Disorder	https://github.com/0rC0/WMHpypes	0rC0	0rC0	Python					No Version Info; No Environment Spec	8
Cognitive behavioural therapy vs. standardised medical care for adults with Dissociative non-Epileptic Seizures: a multicentre randomised controlled trial	CODES	Dissociative Seizures; Functional Neurological Disorder	https://github.com/UTHSCSA-NAL/SVD_Cognition_MESA	UTHSCSA-NAL	scharisis; tanweerrashid	R					No Dependencies; No Version Info; No Container; No Environment Spec	6
Cognitive behavioural therapy vs. standardised medical care for adults with Dissociative non-Epileptic Seizures: a multicentre randomised controlled trial	CODES	Dissociative Seizures; Functional Neurological Disorder	https://github.com/Icahn-PalCare/DementiaProbabilities	Icahn-PalCare	jeremysze	Jupyter Notebook					No Dependencies; No Version Info; No Container; No Environment Spec	6
Cognitive behavioural therapy vs. standardised medical care for adults with Dissociative non-Epileptic Seizures: a multicentre randomised controlled trial	CODES	Dissociative Seizures; Functional Neurological Disorder	https://github.com/AllenInstitute/agedbrain	AllenInstitute	jeremymiller	R					No Dependencies; No Version Info; No Container; No Environment Spec	6
Cognitive behavioural therapy vs. standardised medical care for adults with Dissociative non-Epileptic Seizures: a multicentre randomised controlled trial	CODES	Dissociative Seizures; Functional Neurological Disorder	https://github.com/ohio813/dementia-forensics	ohio813	ohio813; aelth	C++					No Dependencies; No Version Info; No Container; No Environment Spec	6
Cognitive behavioural therapy vs. standardised medical care for adults with Dissociative non-Epileptic Seizures: a multicentre randomised controlled trial	CODES	Dissociative Seizures; Functional Neurological Disorder	https://github.com/aadarshgupta1412/NEUROHACK2022_Dementia	aadarshgupta1412	NabilaRahman; maitreyeew; chengwailei; aadarshgupta1412; alawryaguila; Jordan123321; PoojaSarin	Jupyter Notebook					No Dependencies; No Version Info; No Container; No Environment Spec	6
Cognitive behavioural therapy vs. standardised medical care for adults with Dissociative non-Epileptic Seizures: a multicentre randomised controlled trial	CODES	Dissociative Seizures; Functional Neurological Disorder	https://github.com/Coding-For-Good-UWC/Music-and-Dementia	Coding-For-Good-UWC	antoinekllee; aagrawal05; shungame65; anika213; BlackChess7531	JavaScript					No Version Info; No Container; No Environment Spec	7
Cognitive behavioural therapy vs. standardised medical care for adults with Dissociative non-Epileptic Seizures: a multicentre randomised controlled trial	CODES	Dissociative Seizures; Functional Neurological Disorder	https://github.com/venexia/CleanCPRD	venexia	venexia	Stata					No Dependencies; No Version Info; No Container; No Environment Spec	6
Cognitive behavioural therapy vs. standardised medical care for adults with Dissociative non-Epileptic Seizures: a multicentre randomised controlled trial	CODES	Dissociative Seizures; Functional Neurological Disorder	https://github.com/pyrysipila/sipila-infections-dementia	pyrysipila	pyrysipila	Stata					No Dependencies; No Version Info; No Container; No Environment Spec	6
Cognitive behavioural therapy vs. standardised medical care for adults with Dissociative non-Epileptic Seizures: a multicentre randomised controlled trial	CODES	Dissociative Seizures; Functional Neurological Disorder	https://github.com/NVFL/Markov-Chain-Model	NVFL	NVFL	Jupyter Notebook					No Dependencies; No Version Info; No Container; No Environment Spec	6
Cognitive behavioural therapy vs. standardised medical care for adults with Dissociative non-Epileptic Seizures: a multicentre randomised controlled trial	CODES	Dissociative Seizures; Functional Neurological Disorder	https://github.com/palolili23/MESA_disparities_hypertension_dementia	palolili23	palolili23	R					No Dependencies; No Version Info; No Container; No Environment Spec	6
Cognitive behavioural therapy vs. standardised medical care for adults with Dissociative non-Epileptic Seizures: a multicentre randomised controlled trial	CODES	Dissociative Seizures; Functional Neurological Disorder	https://github.com/panagiotakont/PhD_code_dementia_risk_depress_cardio	panagiotakont	panagiotakont	Scheme					No Dependencies; No Version Info; No Container; No Environment Spec	6
Cognitive behavioural therapy vs. standardised medical care for adults with Dissociative non-Epileptic Seizures: a multicentre randomised controlled trial	CODES	Dissociative Seizures; Functional Neurological Disorder	https://github.com/AnikaO/MentiCor_FTCorpus	AnikaO	AnikaO	Groovy					No Dependencies; No Version Info; No Container; No Environment Spec	6
Cognitive behavioural therapy vs. standardised medical care for adults with Dissociative non-Epileptic Seizures: a multicentre randomised controlled trial	CODES	Dissociative Seizures; Functional Neurological Disorder	https://github.com/PratikMishra/AnomalyThresholds	PratikMishra	PratikMishra; shehrozskhan	Python					No Dependencies; No Version Info; No Container; No Environment Spec	6
Cognitive behavioural therapy vs. standardised medical care for adults with Dissociative non-Epileptic Seizures: a multicentre randomised controlled trial	CODES	Dissociative Seizures; Functional Neurological Disorder	https://github.com/agenticnotetaking/arscontexta	agenticnotetaking	ltOgt; arscontexta; friedrch; oreganoflakesgit	Shell					No Dependencies; No Version Info; No Container; No Environment Spec	6
Cognitive behavioural therapy vs. standardised medical care for adults with Dissociative non-Epileptic Seizures: a multicentre randomised controlled trial	CODES	Dissociative Seizures; Functional Neurological Disorder	https://github.com/yasasbanukaofficial/claude-code	yasasbanukaofficial	yasasbanukaofficial	TypeScript					No Dependencies; No Version Info; No Container; No Environment Spec	6
Cognitive behavioural therapy vs. standardised medical care for adults with Dissociative non-Epileptic Seizures: a multicentre randomised controlled trial	CODES	Dissociative Seizures; Functional Neurological Disorder	https://github.com/facebookresearch/tribev2	facebookresearch	sdascoli; vgarg1603	Jupyter Notebook					No Dependencies; No Version Info; No Container; No Environment Spec	6
Cognitive behavioural therapy vs. standardised medical care for adults with Dissociative non-Epileptic Seizures: a multicentre randomised controlled trial	CODES	Dissociative Seizures; Functional Neurological Disorder	https://github.com/codejunkie99/agentic-stack	codejunkie99	codejunkie99; mv-fs; danielfoch; aliirz; hovhannest; Siddharth11Roy; huangrichao2020; ImgBotApp; JagritGumber; mimed95	Python					No Version Info; No Container; No Environment Spec	7
Cognitive behavioural therapy vs. standardised medical care for adults with Dissociative non-Epileptic Seizures: a multicentre randomised controlled trial	CODES	Dissociative Seizures; Functional Neurological Disorder	https://github.com/eugeniughelbur/obsidian-second-brain	eugeniughelbur	eugeniughelbur; captainyorgen; connor-tyndall	Python					No Dependencies; No Version Info; No Container; No Environment Spec	6
Cognitive behavioural therapy vs. standardised medical care for adults with Dissociative non-Epileptic Seizures: a multicentre randomised controlled trial	CODES	Dissociative Seizures; Functional Neurological Disorder	https://github.com/alchaincyf/obsidian-ai-orange-book	alchaincyf	alchaincyf						No Dependencies; No Version Info; No Container; No Environment Spec	6
Cognitive behavioural therapy vs. standardised medical care for adults with Dissociative non-Epileptic Seizures: a multicentre randomised controlled trial	CODES	Dissociative Seizures; Functional Neurological Disorder	https://github.com/coleam00/second-brain-skills	coleam00	coleam00	Python					No Dependencies; No Version Info; No Container; No Environment Spec	6
Cognitive behavioural therapy vs. standardised medical care for adults with Dissociative non-Epileptic Seizures: a multicentre randomised controlled trial	CODES	Dissociative Seizures; Functional Neurological Disorder	https://github.com/24kchengYe/MemoMind	24kchengYe	24kchengYe; mseep-ai	Python					No Version Info; No Container; No Environment Spec	7
Cognitive behavioural therapy vs. standardised medical care for adults with Dissociative non-Epileptic Seizures: a multicentre randomised controlled trial	CODES	Dissociative Seizures; Functional Neurological Disorder	https://github.com/samvallad33/vestige	samvallad33	samvallad33; xsa-dev; Unforgettable-93; NoahToKnow; alecmarcus; alphaleonis; delandtj; starbuck100	Rust					No Version Info; No Container; No Environment Spec	7
Cognitive behavioural therapy vs. standardised medical care for adults with Dissociative non-Epileptic Seizures: a multicentre randomised controlled trial	CODES	Dissociative Seizures; Functional Neurological Disorder	https://github.com/coleam00/second-brain-starter	coleam00	coleam00						No Dependencies; No Version Info; No Container; No Environment Spec	6
Cognitive behavioural therapy vs. standardised medical care for adults with Dissociative non-Epileptic Seizures: a multicentre randomised controlled trial	CODES	Dissociative Seizures; Functional Neurological Disorder	https://github.com/memvid/claude-brain	memvid	Olow304; rafaelcalleja; codenamev	TypeScript					No Version Info; No Container; No Environment Spec	7
Cognitive behavioural therapy vs. standardised medical care for adults with Dissociative non-Epileptic Seizures: a multicentre randomised controlled trial	CODES	Dissociative Seizures; Functional Neurological Disorder	https://github.com/facebookresearch/brainmagick	facebookresearch	adefossez; bigfootjon	Python					No Version Info; No Container; No Environment Spec	7
Cognitive behavioural therapy vs. standardised medical care for adults with Dissociative non-Epileptic Seizures: a multicentre randomised controlled trial	CODES	Dissociative Seizures; Functional Neurological Disorder	https://github.com/swarmclawai/swarmvault	swarmclawai	waydelyle	TypeScript					No Version Info; No Container; No Environment Spec	7
Cognitive behavioural therapy vs. standardised medical care for adults with Dissociative non-Epileptic Seizures: a multicentre randomised controlled trial	CODES	Dissociative Seizures; Functional Neurological Disorder	https://github.com/Rubics-Xuan/TransBTS	Rubics-Xuan	Rubics-Xuan	Python					No Dependencies; No Version Info; No Container; No Environment Spec	6
Cognitive behavioural therapy vs. standardised medical care for adults with Dissociative non-Epileptic Seizures: a multicentre randomised controlled trial	CODES	Dissociative Seizures; Functional Neurological Disorder	https://github.com/huytieu/COG-second-brain	huytieu	huytieu; gius; claude; russellpierce	Shell					No Dependencies; No Version Info; No Container; No Environment Spec	6
Cognitive behavioural therapy vs. standardised medical care for adults with Dissociative non-Epileptic Seizures: a multicentre randomised controlled trial	CODES	Dissociative Seizures; Functional Neurological Disorder	https://github.com/AllenInstitute/AllenSDK	AllenInstitute	NileGraddis; aamster; tfliss; danielsf; nicain; njmei; djkapner; kschelonka; keithg-alleninstitute; JFPerkins	Jupyter Notebook					No Dependencies; No Version Info; No Container; No Environment Spec	6
Cognitive behavioural therapy vs. standardised medical care for adults with Dissociative non-Epileptic Seizures: a multicentre randomised controlled trial	CODES	Dissociative Seizures; Functional Neurological Disorder	https://github.com/fwillett/handwritingBCI	fwillett	fwillett	Jupyter Notebook					No Dependencies; No Version Info; No Container; No Environment Spec	6
Cognitive behavioural therapy vs. standardised medical care for adults with Dissociative non-Epileptic Seizures: a multicentre randomised controlled trial	CODES	Dissociative Seizures; Functional Neurological Disorder	https://github.com/ChilloutCharles/BrainFlowsIntoVRChat	ChilloutCharles	ChilloutCharles; redwerefox; Scapsters; RantiMess; sync1211; AtriusX; KazyEXE; sacred0; blakeblair	Python					No Version Info; No Container; No Environment Spec	7
Cognitive behavioural therapy vs. standardised medical care for adults with Dissociative non-Epileptic Seizures: a multicentre randomised controlled trial	CODES	Dissociative Seizures; Functional Neurological Disorder	https://github.com/KamitaniLab/DeepImageReconstruction	KamitaniLab	ShuntaroAoki; horikawa-t; shen-gh; mitsuaki; paulrdelg; SimonWaldherr	Python					No Dependencies; No Version Info; No Container; No Environment Spec	6
Cognitive behavioural therapy vs. standardised medical care for adults with Dissociative non-Epileptic Seizures: a multicentre randomised controlled trial	CODES	Dissociative Seizures; Functional Neurological Disorder	https://github.com/Adityaraj0421/naksha-studio	Adityaraj0421	Adityaraj0421	Shell					No Dependencies; No Version Info; No Container; No Environment Spec	6
Cognitive behavioural therapy vs. standardised medical care for adults with Dissociative non-Epileptic Seizures: a multicentre randomised controlled trial	CODES	Dissociative Seizures; Functional Neurological Disorder	https://github.com/shannhk/llm-wikid	shannhk	shannhk	Shell					No Dependencies; No Version Info; No Container; No Environment Spec	6
Cognitive behavioural therapy vs. standardised medical care for adults with Dissociative non-Epileptic Seizures: a multicentre randomised controlled trial	CODES	Dissociative Seizures; Functional Neurological Disorder	https://github.com/smixs/agent-second-brain	smixs	smixs; claude	Python					No Dependencies; No Version Info; No Container; No Environment Spec	6
Cognitive behavioural therapy vs. standardised medical care for adults with Dissociative non-Epileptic Seizures: a multicentre randomised controlled trial	CODES	Dissociative Seizures; Functional Neurological Disorder	https://github.com/GMvandeVen/brain-inspired-replay	GMvandeVen	GMvandeVen	Python					No Version Info; No Container; No Environment Spec	7
Cognitive behavioural therapy vs. standardised medical care for adults with Dissociative non-Epileptic Seizures: a multicentre randomised controlled trial	CODES	Dissociative Seizures; Functional Neurological Disorder	https://github.com/gyyang/nn-brain	gyyang	gyyang	Jupyter Notebook					No Dependencies; No Version Info; No Container; No Environment Spec	6
Cognitive behavioural therapy vs. standardised medical care for adults with Dissociative non-Epileptic Seizures: a multicentre randomised controlled trial	CODES	Dissociative Seizures; Functional Neurological Disorder	https://github.com/xuiltul/animaworks	xuiltul	xuiltul; animaworks-dev-team[bot]; cmnt1; animaworks-dev-team; noccio-nocci; initcatcher; reo0515; rishii-inankl; leobin001; Deepak8858	Python					No Dependencies; No Environment Spec	8
Cognitive behavioural therapy vs. standardised medical care for adults with Dissociative non-Epileptic Seizures: a multicentre randomised controlled trial	CODES	Dissociative Seizures; Functional Neurological Disorder	https://github.com/mrkolarik/3D-brain-segmentation	mrkolarik	mrkolarik	Python					No Dependencies; No Version Info; No Container; No Environment Spec	6
Cognitive behavioural therapy vs. standardised medical care for adults with Dissociative non-Epileptic Seizures: a multicentre randomised controlled trial	CODES	Dissociative Seizures; Functional Neurological Disorder	https://github.com/rixez/Brats21_KAIST_MRI_Lab	rixez	FabianIsensee; rixez; PeterMFull; arthursw; whikwon; JanSellner; yinglilu; schuhegger; vincentme; pkuppens	Python					No Version Info; No Environment Spec	8
Cognitive behavioural therapy vs. standardised medical care for adults with Dissociative non-Epileptic Seizures: a multicentre randomised controlled trial	CODES	Dissociative Seizures; Functional Neurological Disorder	https://github.com/ayush488-glitch/ai-career-planner-skill	ayush488-glitch	ayush488-glitch						No Dependencies; No Version Info; No Container; No Environment Spec	6
Cognitive behavioural therapy vs. standardised medical care for adults with Dissociative non-Epileptic Seizures: a multicentre randomised controlled trial	CODES	Dissociative Seizures; Functional Neurological Disorder	https://github.com/neuro-ml/resnet_cnn_mri_adni	neuro-ml	libfun; amigoml	Jupyter Notebook					No Dependencies; No Version Info; No Environment Spec; No Dependencies; No Version Info; No Environment Spec	4
GERAS Cohorts: Harmonized	GERAS	Alzheimer's Disease	https://github.com/eera-l/Geras	eera-l	eera-l; dependabot[bot]	Python					No Dependencies; No Version Info; No Container; No Environment Spec; No Dependencies; No Version Info; No Container; No Environment Spec	2
GERAS Cohorts: Harmonized	GERAS	Alzheimer's Disease	https://github.com/ranigera/MultiModalMRI_Habits	ranigera	ranigera	Jupyter Notebook					No Dependencies; No Version Info; No Container; No Environment Spec; No Dependencies; No Version Info; No Container; No Environment Spec	2
GERAS Cohorts: Harmonized	GERAS	Alzheimer's Disease	https://github.com/drianne/brainfuck	drianne	drianne; leticiadesouza	C					No Dependencies; No Version Info; No Container; No Environment Spec; No Dependencies; No Version Info; No Container; No Environment Spec	2
NPH Integrative Analysis Datasets	NPH	Alzheimer's Disease	https://github.com/GuLifan/2023XJTU_-Identification-model-for-NPH	GuLifan	GuLifan	Python					No Dependencies; No Version Info; No Container; No Environment Spec	6
PREVENT Dementia Research Programme	PREVENT-dementia	Alzheimer's Disease; dementia; controls	https://github.com/RJHarvest/android-cognitive-game	RJHarvest	RJHarvest; ImgBotApp	Java					No Version Info; No Container; No Environment Spec	7
PREVENT Dementia Research Programme	PREVENT-dementia	Alzheimer's Disease; dementia; controls	https://github.com/KION126/kinect_wpf_PreventionofDementiaMemoryCardGame	KION126	KION126	C#					No Dependencies; No Version Info; No Container; No Environment Spec	6
PREVENT Dementia Research Programme	PREVENT-dementia	Alzheimer's Disease; dementia; controls	https://github.com/gnnouoemh/MemoryPatronum	gnnouoemh	csmoon1010						No Dependencies; No Version Info; No Container; No Environment Spec	6
PREVENT Dementia Research Programme	PREVENT-dementia	Alzheimer's Disease; dementia; controls	https://github.com/JjangYeonseo/cognitive-training-app	JjangYeonseo	JjangYeonseo	Dart					No Dependencies; No Version Info; No Container; No Environment Spec	6
PREVENT Dementia Research Programme	PREVENT-dementia	Alzheimer's Disease; dementia; controls	https://github.com/hlfair/PDMOOC-Evaluation-Paper	hlfair	hlfair						No Dependencies; No Version Info; No Container; No Environment Spec	6
The Adult Changes in Thought (ACT) Study	ACT	Alzheimer's Disease; Asymptomatic Alzheimer's Disease; Cognitively Normal Controls	https://github.com/feng5132308003/Reduced-coupling-between-cerebrospinal-fluid-flow-and-global-brain-activity-is-linked-to-Alzheimer-s	feng5132308003	feng5132308003	MATLAB					No Dependencies; No Version Info; No Container; No Environment Spec	6
The Adult Changes in Thought (ACT) Study	ACT	Alzheimer's Disease; Asymptomatic Alzheimer's Disease; Cognitively Normal Controls	https://github.com/chandrasekarnarayana/Hotspot_detection_in_Yeast_Cell_Model-Image_Processing	chandrasekarnarayana	chandrasekarnarayana	Jupyter Notebook					No Dependencies; No Version Info; No Container; No Environment Spec; No Dependencies; No Version Info; No Container; No Environment Spec; No Dependencies; No Version Info; No Container; No Environment Spec	0
The Adult Changes in Thought (ACT) Study	ACT	Alzheimer's Disease; Asymptomatic Alzheimer's Disease; Cognitively Normal Controls	https://github.com/esmailza/A-Recommendation-Model-for-Predicting-Alzheimer-s-Drugs-Mechanism-of-Action	esmailza	esmailza	Python					No Dependencies; No Version Info; No Container; No Environment Spec	6
The Adult Changes in Thought (ACT) Study	ACT	Alzheimer's Disease; Asymptomatic Alzheimer's Disease; Cognitively Normal Controls	https://github.com/MSUBioinformaticsCore/Kara_et_al_Acta_Neuropathologica_2025	MSUBioinformaticsCore	slepphickey	HTML					No Dependencies; No Version Info; No Container; No Environment Spec	6
The Adult Changes in Thought (ACT) Study	ACT	Alzheimer's Disease; Asymptomatic Alzheimer's Disease; Cognitively Normal Controls	https://github.com/HariniCJ/Interactive-Brain-Activity-Enhancement-Using-Hand-Based-Exercises-A-Game-for-Alzheimer-Patients	HariniCJ	HariniCJ	Jupyter Notebook					No Dependencies; No Version Info; No Container; No Environment Spec	6
The Adult Changes in Thought (ACT) Study	ACT	Alzheimer's Disease; Asymptomatic Alzheimer's Disease; Cognitively Normal Controls	https://github.com/arpit-code1993/Identification-of-Human-Motion-Primitive-Activities-using-Accelerometer-Readings	arpit-code1993	arpit-code1993	Jupyter Notebook					No Dependencies; No Version Info; No Container; No Environment Spec	6
The Adult Changes in Thought (ACT) Study	ACT	Alzheimer's Disease; Asymptomatic Alzheimer's Disease; Cognitively Normal Controls	https://github.com/Cheng-Chun-Yen/Alzheimers-Choice-Theory	Cheng-Chun-Yen	Cheng-Chun-Yen	PowerShell					No Dependencies; No Version Info; No Container; No Environment Spec	6
The Adult Changes in Thought (ACT) Study	ACT	Alzheimer's Disease; Asymptomatic Alzheimer's Disease; Cognitively Normal Controls	https://github.com/KatharineZhang/Alzheimer-Activities	KatharineZhang	KatharineZhang; jithonia	TypeScript					No Dependencies; No Version Info; No Container; No Environment Spec	6
The Adult Changes in Thought (ACT) Study	ACT	Alzheimer's Disease; Asymptomatic Alzheimer's Disease; Cognitively Normal Controls	https://github.com/MelanieperezR/Alzheimer-s-Disease---Group-activity	MelanieperezR	MelanieperezR	Python					No Version Info; No Container; No Environment Spec	7
The Adult Changes in Thought (ACT) Study	ACT	Alzheimer's Disease; Asymptomatic Alzheimer's Disease; Cognitively Normal Controls	https://github.com/mbauergit/Alzheimer-BioActivity-Analysis	mbauergit	mbauergit	Jupyter Notebook					No Dependencies; No Version Info; No Container; No Environment Spec	6
The Adult Changes in Thought (ACT) Study	ACT	Alzheimer's Disease; Asymptomatic Alzheimer's Disease; Cognitively Normal Controls	https://github.com/ridaqp/Semi-Supervised-Active-Learning-for-Alzheimers-Classification	ridaqp	ridaqp	Python					No Version Info; No Container; No Environment Spec	7
The Adult Changes in Thought (ACT) Study	ACT	Alzheimer's Disease; Asymptomatic Alzheimer's Disease; Cognitively Normal Controls	https://github.com/barathbalasubramanian/spawn_node	barathbalasubramanian	barathbalasubramanian	JavaScript					No README; No Version Info; No Environment Spec	7
The Adult Changes in Thought (ACT) Study	ACT	Alzheimer's Disease; Asymptomatic Alzheimer's Disease; Cognitively Normal Controls	https://github.com/Shanty-01/quantitative-structure-activity-relationship-modeling	Shanty-01	Shanty-01	Jupyter Notebook					No Dependencies; No Version Info; No Container; No Environment Spec	6
The Adult Changes in Thought (ACT) Study	ACT	Alzheimer's Disease; Asymptomatic Alzheimer's Disease; Cognitively Normal Controls	https://github.com/Tao-AI-group/ACTS	Tao-AI-group	jingnafeng; LiPengze97	HTML					No Dependencies; No Version Info; No Container; No Environment Spec	6
The Adult Changes in Thought (ACT) Study	ACT	Alzheimer's Disease; Asymptomatic Alzheimer's Disease; Cognitively Normal Controls	https://github.com/1730021alaminiu/CNS-ACTIVE-DRUG-REPURPOSING	1730021alaminiu	1730021alaminiu						No Dependencies; No Version Info; No Container; No Environment Spec	6
The Adult Changes in Thought (ACT) Study	ACT	Alzheimer's Disease; Asymptomatic Alzheimer's Disease; Cognitively Normal Controls	https://github.com/KarolBarreto1/Mente-activa	KarolBarreto1	moreraerika79-sketch; KarolBarreto1						No Dependencies; No Version Info; No Container; No Environment Spec	6
The Adult Changes in Thought (ACT) Study	ACT	Alzheimer's Disease; Asymptomatic Alzheimer's Disease; Cognitively Normal Controls	https://github.com/Abhinavsathyadas07/digital-brain	Abhinavsathyadas07	Abhinavsathyadas07	Python					No Version Info; No Container; No Environment Spec	7
The Adult Changes in Thought (ACT) Study	ACT	Alzheimer's Disease; Asymptomatic Alzheimer's Disease; Cognitively Normal Controls	https://github.com/JacksonGS-1/Alpha-Synuclein-Seeding-Activity-and-Parkinsons-Disease-Progression	JacksonGS-1	JacksonGS-1	SAS					No Dependencies; No Version Info; No Container; No Environment Spec; No Dependencies; No Version Info; No Container; No Environment Spec	2
The Adult Changes in Thought (ACT) Study	ACT	Alzheimer's Disease; Asymptomatic Alzheimer's Disease; Cognitively Normal Controls	https://github.com/Anilreddy7382/Action-pattern-recognition-in-parkinson-s-disease-using-camera-based-accelerometer-data-Dissertation	Anilreddy7382	Anilreddy7382	Jupyter Notebook					No Dependencies; No Version Info; No Container; No Environment Spec	6
The Adult Changes in Thought (ACT) Study	ACT	Alzheimer's Disease; Asymptomatic Alzheimer's Disease; Cognitively Normal Controls	https://github.com/rishi2002/Molecular_activity_prediction_using_smiles	rishi2002	rishi2002	Jupyter Notebook					No Dependencies; No Version Info; No Container; No Environment Spec; No Dependencies; No Version Info; No Container; No Environment Spec	2
The Adult Changes in Thought (ACT) Study	ACT	Alzheimer's Disease; Asymptomatic Alzheimer's Disease; Cognitively Normal Controls	https://github.com/mohitkothari-dev/ParkinsonGPT	mohitkothari-dev	mohitkothari-dev	JavaScript					No Version Info; No Container; No Environment Spec	7
The Adult Changes in Thought (ACT) Study	ACT	Alzheimer's Disease; Asymptomatic Alzheimer's Disease; Cognitively Normal Controls	https://github.com/UKEIAM/de.uke.iam.parkinson.activity	UKEIAM	Christopher22	Jupyter Notebook					No Version Info; No Environment Spec	8
The Adult Changes in Thought (ACT) Study	ACT	Alzheimer's Disease; Asymptomatic Alzheimer's Disease; Cognitively Normal Controls	https://github.com/Rishi181020/AI-Driven-Parkinsons-Actvity-Recommendation	Rishi181020	aadya940; jogi9928; Rishi181020; vedant1100	TypeScript					No Version Info; No Container; No Environment Spec	7
The Adult Changes in Thought (ACT) Study	ACT	Alzheimer's Disease; Asymptomatic Alzheimer's Disease; Cognitively Normal Controls	https://github.com/lineality/parkinsons_resources_weekly_planner_activities_checklist	lineality	lineality						No Dependencies; No Version Info; No Container; No Environment Spec	6
The Adult Changes in Thought (ACT) Study	ACT	Alzheimer's Disease; Asymptomatic Alzheimer's Disease; Cognitively Normal Controls	https://github.com/VirusHacks/parkinson-disease	VirusHacks	Dash10107; wizardsWeb; VirusHacks; vinisha1014	Python					No Dependencies; No Version Info; No Container; No Environment Spec	6
The Adult Changes in Thought (ACT) Study	ACT	Alzheimer's Disease; Asymptomatic Alzheimer's Disease; Cognitively Normal Controls	https://github.com/bhart214/activity_monitor_measurement	bhart214	bhart214	R					No Dependencies; No Version Info; No Container; No Environment Spec	6
The Adult Changes in Thought (ACT) Study	ACT	Alzheimer's Disease; Asymptomatic Alzheimer's Disease; Cognitively Normal Controls	https://github.com/turner-lab-pitt/SupplementalMaterial_GPi_movement-related_activity_in_parkinsonian_macaques	turner-lab-pitt	daisukekase						No Dependencies; No Version Info; No Container; No Environment Spec	6
The Adult Changes in Thought (ACT) Study	ACT	Alzheimer's Disease; Asymptomatic Alzheimer's Disease; Cognitively Normal Controls	https://github.com/Anilreddy7382/Action-pattern-recognition-in-parkinson-s-disease-using-camera-based-accelerometer-data	Anilreddy7382	Anilreddy7382	Jupyter Notebook					No Dependencies; No Version Info; No Container; No Environment Spec	6
The Adult Changes in Thought (ACT) Study	ACT	Alzheimer's Disease; Asymptomatic Alzheimer's Disease; Cognitively Normal Controls	https://github.com/sarthakz9/Muscle-Activity-Assistor	sarthakz9	sarthakz9						No Dependencies; No Version Info; No Container; No Environment Spec	6
The Adult Changes in Thought (ACT) Study	ACT	Alzheimer's Disease; Asymptomatic Alzheimer's Disease; Cognitively Normal Controls	https://github.com/uic-nlp-lab/DementiaBank-Dialog-Act-Corpus	uic-nlp-lab	treena908						No Dependencies; No Version Info; No Container; No Environment Spec	6
The Adult Changes in Thought (ACT) Study	ACT	Alzheimer's Disease; Asymptomatic Alzheimer's Disease; Cognitively Normal Controls	https://github.com/gvnberaldi/Pose2Action	gvnberaldi	gvnberaldi; iballester	Python					No Version Info; No Container; No Environment Spec; No Version Info; No Container; No Environment Spec	4
The Adult Changes in Thought (ACT) Study	ACT	Alzheimer's Disease; Asymptomatic Alzheimer's Disease; Cognitively Normal Controls	https://github.com/DanielaGawehns/DementiaPhysicalActivity	DanielaGawehns	DanielaGawehns						No Dependencies; No Version Info; No Container; No Environment Spec	6
The Adult Changes in Thought (ACT) Study	ACT	Alzheimer's Disease; Asymptomatic Alzheimer's Disease; Cognitively Normal Controls	https://github.com/josecarlosmemo/activeBrain	josecarlosmemo	josecarlosmemo	JavaScript					No Version Info; No Container; No Environment Spec	7
The Adult Changes in Thought (ACT) Study	ACT	Alzheimer's Disease; Asymptomatic Alzheimer's Disease; Cognitively Normal Controls	https://github.com/Chiamaka93/Dementia_Activity_Recognition_XML	Chiamaka93	Chiamaka93						No Dependencies; No Version Info; No Container; No Environment Spec	6
The Adult Changes in Thought (ACT) Study	ACT	Alzheimer's Disease; Asymptomatic Alzheimer's Disease; Cognitively Normal Controls	https://github.com/thc1006/taiwan-dementia-friendly-cst-activity	thc1006	thc1006; google-labs-jules[bot]	HTML					No Dependencies; No Version Info; No Container; No Environment Spec	6
The Adult Changes in Thought (ACT) Study	ACT	Alzheimer's Disease; Asymptomatic Alzheimer's Disease; Cognitively Normal Controls	https://github.com/Anushka-Anjali/Dementia-Detection-with-Activation-Function	Anushka-Anjali	Anushka-Anjali	Jupyter Notebook					No Dependencies; No Version Info; No Container; No Environment Spec	6
The Adult Changes in Thought (ACT) Study	ACT	Alzheimer's Disease; Asymptomatic Alzheimer's Disease; Cognitively Normal Controls	https://github.com/Metallicow/LTD	Metallicow	Metallicow						No Dependencies; No Version Info; No Container; No Environment Spec	6
The Adult Changes in Thought (ACT) Study	ACT	Alzheimer's Disease; Asymptomatic Alzheimer's Disease; Cognitively Normal Controls	https://github.com/Aryia-Behroziuan/References	Aryia-Behroziuan	Aryia-Behroziuan						No Dependencies; No Version Info; No Container; No Environment Spec	6
The Adult Changes in Thought (ACT) Study	ACT	Alzheimer's Disease; Asymptomatic Alzheimer's Disease; Cognitively Normal Controls	https://github.com/YutoTerashima/hms-harmful-brain-activity-classification	YutoTerashima		Jupyter Notebook					No Dependencies; No Version Info; No Container; No Environment Spec	6
The Adult Changes in Thought (ACT) Study	ACT	Alzheimer's Disease; Asymptomatic Alzheimer's Disease; Cognitively Normal Controls	https://github.com/ColeLab/ActflowToolbox	ColeLab	mwcole; ito-takuya; ljhearne; ccocuzza; nicolelalta; KirstenPeterson; SammedAdmuthe; rubenSaro; kbegany	Python					No Dependencies; No Version Info; No Container; No Environment Spec	6
The Adult Changes in Thought (ACT) Study	ACT	Alzheimer's Disease; Asymptomatic Alzheimer's Disease; Cognitively Normal Controls	https://github.com/MLdoesML/Searching-for-activation-functions	MLdoesML	MLdoesML; etheleon; chuabingquan	Python					No Dependencies; No Version Info; No Container; No Environment Spec	6
The Adult Changes in Thought (ACT) Study	ACT	Alzheimer's Disease; Asymptomatic Alzheimer's Disease; Cognitively Normal Controls	https://github.com/normandipalo/eeg-to-action	normandipalo	normandipalo	Jupyter Notebook					No Dependencies; No Version Info; No Container; No Environment Spec	6
The Adult Changes in Thought (ACT) Study	ACT	Alzheimer's Disease; Asymptomatic Alzheimer's Disease; Cognitively Normal Controls	https://github.com/ChavesLiu/second-brain-skill	ChavesLiu		Python					No Dependencies; No Version Info; No Container; No Environment Spec	6
The Adult Changes in Thought (ACT) Study	ACT	Alzheimer's Disease; Asymptomatic Alzheimer's Disease; Cognitively Normal Controls	https://github.com/Tim-Don/JetBrain_Activation	Tim-Don	Tim-Don	VBScript					No Dependencies; No Version Info; No Container; No Environment Spec	6
The Adult Changes in Thought (ACT) Study	ACT	Alzheimer's Disease; Asymptomatic Alzheimer's Disease; Cognitively Normal Controls	https://github.com/mrSutivu/Unreal-Engine-5-C-Expert-Skills	mrSutivu	mrSutivu						No Dependencies; No Version Info; No Container; No Environment Spec	6
The Adult Changes in Thought (ACT) Study	ACT	Alzheimer's Disease; Asymptomatic Alzheimer's Disease; Cognitively Normal Controls	https://github.com/kuz/BrainActivity3D	kuz	kuz; skyfallen; annitrolla; konstantint	Matlab					No Dependencies; No Version Info; No Container; No Environment Spec	6
The Adult Changes in Thought (ACT) Study	ACT	Alzheimer's Disease; Asymptomatic Alzheimer's Disease; Cognitively Normal Controls	https://github.com/AGRamirezz/Decoding-Neural-Activity-to-Reconstruct-and-Generate-Music-Stimuli	AGRamirezz	AGRamirezz	Jupyter Notebook					No Dependencies; No Version Info; No Container; No Environment Spec	6
The Adult Changes in Thought (ACT) Study	ACT	Alzheimer's Disease; Asymptomatic Alzheimer's Disease; Cognitively Normal Controls	https://github.com/brain-products/LSL-actiCHamp	brain-products	dmedine; kucint	C					No Dependencies; No Version Info; No Container; No Environment Spec	6
The Adult Changes in Thought (ACT) Study	ACT	Alzheimer's Disease; Asymptomatic Alzheimer's Disease; Cognitively Normal Controls	https://github.com/duolala1/Reconstructing-Perceptive-Images-from-Brain-Activity-by-Shape-Semantic-GAN	duolala1	duolala1	Python					No Dependencies; No Version Info; No Container; No Environment Spec	6
The Adult Changes in Thought (ACT) Study	ACT	Alzheimer's Disease; Asymptomatic Alzheimer's Disease; Cognitively Normal Controls	https://github.com/seanpm2001/NUNIX	seanpm2001	seanpm2001	Python					No Dependencies; No Version Info; No Container; No Environment Spec	6
The Adult Changes in Thought (ACT) Study	ACT	Alzheimer's Disease; Asymptomatic Alzheimer's Disease; Cognitively Normal Controls	https://github.com/Rana-Mahmoud/ActiveContour-3D	Rana-Mahmoud	Rana-Mahmoud	Python					No Dependencies; No Version Info; No Container; No Environment Spec	6
The Adult Changes in Thought (ACT) Study	ACT	Alzheimer's Disease; Asymptomatic Alzheimer's Disease; Cognitively Normal Controls	https://github.com/supebeyone/JetBrainsActiveCode	supebeyone	supebeyone						No Dependencies; No Version Info; No Container; No Environment Spec	6
The Adult Changes in Thought (ACT) Study	ACT	Alzheimer's Disease; Asymptomatic Alzheimer's Disease; Cognitively Normal Controls	https://github.com/CodeByPinar/HMS-BrainActivity-Analysiss	CodeByPinar	CodeByPinar	Jupyter Notebook					No Version Info; No Container; No Environment Spec	7
The Adult Changes in Thought (ACT) Study	ACT	Alzheimer's Disease; Asymptomatic Alzheimer's Disease; Cognitively Normal Controls	https://github.com/Tuhin-Dev1/JetBrains_Activator	Tuhin-Dev1	Tuhin-Dev1	Python					No Dependencies; No Version Info; No Container; No Environment Spec	6
The Adult Changes in Thought (ACT) Study	ACT	Alzheimer's Disease; Asymptomatic Alzheimer's Disease; Cognitively Normal Controls	https://github.com/michaelmcmahon/BCI_MQ_ACTIVITY	michaelmcmahon	michaelmcmahon	Java					No Version Info; No Container; No Environment Spec	7
The Adult Changes in Thought (ACT) Study	ACT	Alzheimer's Disease; Asymptomatic Alzheimer's Disease; Cognitively Normal Controls	https://github.com/anhntl0308/JetBrains-Active-Code	anhntl0308	anhntl0308						No Dependencies; No Version Info; No Container; No Environment Spec	6
The Adult Changes in Thought (ACT) Study	ACT	Alzheimer's Disease; Asymptomatic Alzheimer's Disease; Cognitively Normal Controls	https://github.com/tattaka/hms-harmful-brain-activity-classification-public	tattaka	tattaka	Python					No Dependencies; No Version Info; No Container; No Environment Spec	6
The Adult Changes in Thought (ACT) Study	ACT	Alzheimer's Disease; Asymptomatic Alzheimer's Disease; Cognitively Normal Controls	https://github.com/gunesevitan/hms-harmful-brain-activity-classification	gunesevitan	gunesevitan; jebastin-nadar	Python					No README; No Version Info; No Container; No Environment Spec	6
The Adult Changes in Thought (ACT) Study	ACT	Alzheimer's Disease; Asymptomatic Alzheimer's Disease; Cognitively Normal Controls	https://github.com/leonvanbokhorst/ActiveInferenceForager	leonvanbokhorst	leonvanbokhorst	Python					No Version Info; No Container; No Environment Spec	7
The Adult Changes in Thought (ACT) Study	ACT	Alzheimer's Disease; Asymptomatic Alzheimer's Disease; Cognitively Normal Controls	https://github.com/coroutine/acts_as_list_with_sti_support	coroutine		Ruby					No README; No Dependencies; No Version Info; No Container; No Environment Spec	5
The Adult Changes in Thought (ACT) Study	ACT	Alzheimer's Disease; Asymptomatic Alzheimer's Disease; Cognitively Normal Controls	https://github.com/takzen/aether-agent	takzen	takzen	TypeScript					No Dependencies; No Version Info; No Environment Spec	7
The Adult Changes in Thought (ACT) Study	ACT	Alzheimer's Disease; Asymptomatic Alzheimer's Disease; Cognitively Normal Controls	https://github.com/RaGR/agentic-ai-desktop-suite	RaGR	RaGR	Python					No Dependencies; No Version Info; No Container; No Environment Spec	6
The Adult Changes in Thought (ACT) Study	ACT	Alzheimer's Disease; Asymptomatic Alzheimer's Disease; Cognitively Normal Controls	https://github.com/WhatAboutMyStar/LLM_ACTIVATION	WhatAboutMyStar	WhatAboutMyStar	Jupyter Notebook					No Dependencies; No Version Info; No Container; No Environment Spec	6
The Adult Changes in Thought (ACT) Study	ACT	Alzheimer's Disease; Asymptomatic Alzheimer's Disease; Cognitively Normal Controls	https://github.com/fabasoad/setup-brainfuck-action	fabasoad	fabasoad; dependabot[bot]; github-actions[bot]; pre-commit-ci[bot]	Shell					No Dependencies; No Version Info; No Container; No Environment Spec	6
The Living Brain Project (LBP) Study	LBP	Parkinson's Disease; Alzheimer's Disease; No Cognitive Impairment	https://github.com/Guilherme-Nicolasi/resnet-lbp-alzheimer	Guilherme-Nicolasi	Guilherme-Nicolasi	Python					No Dependencies; No Version Info; No Container; No Environment Spec	6
The Living Brain Project (LBP) Study	LBP	Parkinson's Disease; Alzheimer's Disease; No Cognitive Impairment	https://github.com/sf-Liu/LBP_3D-Operator-Descriptor	sf-Liu	sf-Liu	MATLAB					No Dependencies; No Version Info; No Container; No Environment Spec	6
The Living Brain Project (LBP) Study	LBP	Parkinson's Disease; Alzheimer's Disease; No Cognitive Impairment	https://github.com/manasbhui/Brain_Tumor-Classification	manasbhui	manasbhui						No Dependencies; No Version Info; No Container; No Environment Spec	6
The Living Brain Project (LBP) Study	LBP	Parkinson's Disease; Alzheimer's Disease; No Cognitive Impairment	https://github.com/SupratikB23/Brain-MRI-Tumor-Classification	SupratikB23	SupratikB23	Jupyter Notebook					No Dependencies; No Version Info; No Container; No Environment Spec	6
The Living Brain Project (LBP) Study	LBP	Parkinson's Disease; Alzheimer's Disease; No Cognitive Impairment	https://github.com/x0-SANJU-0x/BRAINTUMOR_DETECTION	x0-SANJU-0x	x0-SANJU-0x	Python					No Dependencies; No Version Info; No Container; No Environment Spec	6
The Living Brain Project (LBP) Study	LBP	Parkinson's Disease; Alzheimer's Disease; No Cognitive Impairment	https://github.com/Testgitchhub/-Brain-Tumor-Detection-ML	Testgitchhub	Testgitchhub	Jupyter Notebook					No Dependencies; No Version Info; No Container; No Environment Spec	6
The Living Brain Project (LBP) Study	LBP	Parkinson's Disease; Alzheimer's Disease; No Cognitive Impairment	https://github.com/muhammadhuzaifa023/Brain-Tumor-Classification-using-FFT-and-DWT	muhammadhuzaifa023	muhammadhuzaifa023						No Dependencies; No Version Info; No Container; No Environment Spec	6
The Living Brain Project (LBP) Study	LBP	Parkinson's Disease; Alzheimer's Disease; No Cognitive Impairment	https://github.com/nicolebussola/immune_signalling_lbp	nicolebussola	nicolebussola; ernestoarbitrio	Python					No Dependencies; No Version Info; No Container; No Environment Spec	6
The Living Brain Project (LBP) Study	LBP	Parkinson's Disease; Alzheimer's Disease; No Cognitive Impairment	https://github.com/irembulut1/brain_tumor_detection_lbp_hog	irembulut1	irembulut1	Jupyter Notebook					No Dependencies; No Version Info; No Container; No Environment Spec	6
The Living Brain Project (LBP) Study	LBP	Parkinson's Disease; Alzheimer's Disease; No Cognitive Impairment	https://github.com/Angga-laksana/BrainTumorClassifierAI	Angga-laksana	Angga-laksana	Jupyter Notebook					No Version Info; No Container; No Environment Spec	7
The Living Brain Project (LBP) Study	LBP	Parkinson's Disease; Alzheimer's Disease; No Cognitive Impairment	https://github.com/abishekdp/Brain-tumour-detection-using-tradition-ML	abishekdp	abishekdp	Jupyter Notebook					No Dependencies; No Version Info; No Container; No Environment Spec	6
The Living Brain Project (LBP) Study	LBP	Parkinson's Disease; Alzheimer's Disease; No Cognitive Impairment	https://github.com/jatirta/lowres-brain-tumor-detection	jatirta	jatirta	Jupyter Notebook					No Version Info; No Container; No Environment Spec	7
The Living Brain Project (LBP) Study	LBP	Parkinson's Disease; Alzheimer's Disease; No Cognitive Impairment	https://github.com/aaronkluong/Brain-tumor-MRI-classification-with-feature-fusion	aaronkluong	aaronkluong	Jupyter Notebook					No Dependencies; No Version Info; No Container; No Environment Spec	6
The Living Brain Project (LBP) Study	LBP	Parkinson's Disease; Alzheimer's Disease; No Cognitive Impairment	https://github.com/jijnasa26/object-detection	jijnasa26	jijnasa26	Jupyter Notebook					No Dependencies; No Version Info; No Container; No Environment Spec	6
The Living Brain Project (LBP) Study	LBP	Parkinson's Disease; Alzheimer's Disease; No Cognitive Impairment	https://github.com/Silas-Laar/hybrid-handcrafted	Silas-Laar	Silas-Laar	Jupyter Notebook					No Dependencies; No Version Info; No Container; No Environment Spec	6
The Tulsa-1000 LIBR Study (AGMP_TULSA_1000_LIBR)	T-1000	Major Depressive Disorder; Anxiety; Substance Related Disorder; Eating Disorders	https://github.com/LishiaV/TM10007	LishiaV	amymr; LishiaV; maaikepruijt; HRoording	Jupyter Notebook					No Dependencies; No Version Info; No Container; No Environment Spec	6
European Medical Information Framework for Alzheimer's Disease	EMIF-AD	Alzheimer's Disease; Dementia; Normal Controls	https://github.com/UoE-Dementia-Genomics/EMIF_Biomarkers_Methylation	UoE-Dementia-Genomics	rgs212						No Dependencies; No Version Info; No Container; No Environment Spec	6
LRRK2 Cohort Consortium	LCC	LRRK2 Parkinson's Disease; LRRK2 carriers without PD; Idiopathic Parkinson's Disease; Normal Controls	https://github.com/DappStarter/brainy-lonimip-bLcc	DappStarter		JavaScript					No Version Info; No Container; No Environment Spec	7
Memory and Aging Project	MAP	Alzheimer's Disease; Parkinson's Disease; Lewy Body Dementia; Normal Controls	https://github.com/himanshub1007/Alzhimers-Disease-Prediction-Using-Deep-learning	himanshub1007	himanshub1007	Python					No Dependencies; No Version Info; No Container; No Environment Spec; No Dependencies; No Version Info; No Container; No Environment Spec; No Dependencies; No Version Info; No Container; No Environment Spec	0
Memory and Aging Project	MAP	Alzheimer's Disease; Parkinson's Disease; Lewy Body Dementia; Normal Controls	https://github.com/shahidzikria/ADD-Net	shahidzikria	shahidzikria	Jupyter Notebook					No Dependencies; No Version Info; No Container; No Environment Spec	6
Memory and Aging Project	MAP	Alzheimer's Disease; Parkinson's Disease; Lewy Body Dementia; Normal Controls	https://github.com/martindyrba/VisualAiD	martindyrba	devesh1611singh; martindyrba	Python					No Version Info; No Container	8
Memory and Aging Project	MAP	Alzheimer's Disease; Parkinson's Disease; Lewy Body Dementia; Normal Controls	https://github.com/Ajax121/Comparison-of-Convolutional-neural-network-training-parameters-for-detecting-Alzheimer-s-disease-and	Ajax121	Ajax121	Jupyter Notebook					No Dependencies; No Version Info; No Container; No Environment Spec	6
Memory and Aging Project	MAP	Alzheimer's Disease; Parkinson's Disease; Lewy Body Dementia; Normal Controls	https://github.com/luisAraujo11/Thesis	luisAraujo11	luisAraujo11	Python					No Dependencies; No Version Info; No Container; No Environment Spec	6
Memory and Aging Project	MAP	Alzheimer's Disease; Parkinson's Disease; Lewy Body Dementia; Normal Controls	https://github.com/jamesmroe/AgeSym	jamesmroe	jamesmroe	R					No Dependencies; No Version Info; No Container; No Environment Spec	6
Memory and Aging Project	MAP	Alzheimer's Disease; Parkinson's Disease; Lewy Body Dementia; Normal Controls	https://github.com/chandrasekarnarayana/Hotspot_detection_in_Yeast_Cell_Model-Image_Processing	chandrasekarnarayana	chandrasekarnarayana	Jupyter Notebook					No Dependencies; No Version Info; No Container; No Environment Spec; No Dependencies; No Version Info; No Container; No Environment Spec; No Dependencies; No Version Info; No Container; No Environment Spec	0
Memory and Aging Project	MAP	Alzheimer's Disease; Parkinson's Disease; Lewy Body Dementia; Normal Controls	https://github.com/nrohani/CAD-system-for-Alzheimer-detection-	nrohani	nrohani	MATLAB					No Dependencies; No Version Info; No Container; No Environment Spec	6
Memory and Aging Project	MAP	Alzheimer's Disease; Parkinson's Disease; Lewy Body Dementia; Normal Controls	https://github.com/NewWr/MAP-Net	NewWr	NewWr	Python					No Dependencies; No Version Info; No Container; No Environment Spec	6
Memory and Aging Project	MAP	Alzheimer's Disease; Parkinson's Disease; Lewy Body Dementia; Normal Controls	https://github.com/sumanrawat1026/Deep-Learning-for-Brain-Mapping	sumanrawat1026	dhanurmotwani; sumanrawat1026						No Dependencies; No Version Info; No Container; No Environment Spec	6
Memory and Aging Project	MAP	Alzheimer's Disease; Parkinson's Disease; Lewy Body Dementia; Normal Controls	https://github.com/shivamarora111/Alzheimer-detection-app	shivamarora111	shivamarora111	Java					No Version Info; No Container; No Environment Spec	7
Memory and Aging Project	MAP	Alzheimer's Disease; Parkinson's Disease; Lewy Body Dementia; Normal Controls	https://github.com/SKVirk27/Alzheimer-s-at-the-Cellular-Level-Integrative-Mapping-from-GWAS-SNPs-to-Gene-Expression	SKVirk27	SKVirk27	Jupyter Notebook					No Dependencies; No Version Info; No Container; No Environment Spec	6
Memory and Aging Project	MAP	Alzheimer's Disease; Parkinson's Disease; Lewy Body Dementia; Normal Controls	https://github.com/leeeang/WearAreYou	leeeang	leeeang	C++					No Dependencies; No Version Info; No Container; No Environment Spec	6
Memory and Aging Project	MAP	Alzheimer's Disease; Parkinson's Disease; Lewy Body Dementia; Normal Controls	https://github.com/naomihabiblab/HumanDLPFC24	naomihabiblab	naomihabiblab	R					No Dependencies; No Version Info; No Container; No Environment Spec	6
Memory and Aging Project	MAP	Alzheimer's Disease; Parkinson's Disease; Lewy Body Dementia; Normal Controls	https://github.com/brtrdvnasltrk/AlzheimersReminder	brtrdvnasltrk	brtrdvnasltrk	Swift					No Dependencies; No Version Info; No Container; No Environment Spec	6
Memory and Aging Project	MAP	Alzheimer's Disease; Parkinson's Disease; Lewy Body Dementia; Normal Controls	https://github.com/Nibeth/Mapping-Alzheimers-disease	Nibeth	Nibeth						No Dependencies; No Version Info; No Container; No Environment Spec	6
Memory and Aging Project	MAP	Alzheimer's Disease; Parkinson's Disease; Lewy Body Dementia; Normal Controls	https://github.com/EnvejecimientoEnRed/envejecimiento_alzheimer_mapa	EnvejecimientoEnRed	CarlosMunozDiazCSIC	JavaScript					No Version Info; No Container; No Environment Spec	7
Memory and Aging Project	MAP	Alzheimer's Disease; Parkinson's Disease; Lewy Body Dementia; Normal Controls	https://github.com/willgocode/alzheimers-diagnosis-mapreduce	willgocode	eakelly	Python					No Dependencies; No Version Info; No Container; No Environment Spec	6
Memory and Aging Project	MAP	Alzheimer's Disease; Parkinson's Disease; Lewy Body Dementia; Normal Controls	https://github.com/SisiShao/Alzheimer-Drug-Repurposing-MAP-Elites	SisiShao	SisiShao	Python					No Dependencies; No Version Info; No Container; No Environment Spec	6
Memory and Aging Project	MAP	Alzheimer's Disease; Parkinson's Disease; Lewy Body Dementia; Normal Controls	https://github.com/mayuan-0117/Alzheimer-s-project-MAPT-and-APPLOF	mayuan-0117	mayuan-0117						No Dependencies; No Version Info; No Container; No Environment Spec	6
Memory and Aging Project	MAP	Alzheimer's Disease; Parkinson's Disease; Lewy Body Dementia; Normal Controls	https://github.com/ayoub003184/Alzheimer-Path-Assistant	ayoub003184	ayoub003184	Python					No Dependencies; No Version Info; No Container; No Environment Spec	6
Memory and Aging Project	MAP	Alzheimer's Disease; Parkinson's Disease; Lewy Body Dementia; Normal Controls	https://github.com/bia-amg/AD-Invivo-Amyloid-Mapping	bia-amg	bia-amg						No Dependencies; No Version Info; No Container; No Environment Spec	6
Memory and Aging Project	MAP	Alzheimer's Disease; Parkinson's Disease; Lewy Body Dementia; Normal Controls	https://github.com/asmabouach/alzheimer-mri-detection	asmabouach	asmabouach	Jupyter Notebook					No Version Info; No Environment Spec	8
Memory and Aging Project	MAP	Alzheimer's Disease; Parkinson's Disease; Lewy Body Dementia; Normal Controls	https://github.com/shuilinggirl/Mapping-Brain-Synergy-Redundancy-Dysfunction-in-Alzheimer-s-Disease	shuilinggirl	shuilinggirl	MATLAB					No Dependencies; No Version Info; No Container; No Environment Spec	6
Memory and Aging Project	MAP	Alzheimer's Disease; Parkinson's Disease; Lewy Body Dementia; Normal Controls	https://github.com/binmishr/Mapping-the-Prevalence-of-Alzheimer-Disease-Mortality-in-the-USA	binmishr	binmishr						No Dependencies; No Version Info; No Container; No Environment Spec	6
Memory and Aging Project	MAP	Alzheimer's Disease; Parkinson's Disease; Lewy Body Dementia; Normal Controls	https://github.com/RajLabMSSM/Fine_Mapping	RajLabMSSM	bschilder	HTML					No Dependencies; No Version Info; No Container; No Environment Spec	6
Memory and Aging Project	MAP	Alzheimer's Disease; Parkinson's Disease; Lewy Body Dementia; Normal Controls	https://github.com/tatsuhikonaito/Trans-ethnic_MHC_fine-mapping_SS	tatsuhikonaito	tatsuhikonaito	Python					No Dependencies; No Version Info; No Container; No Environment Spec	6
Memory and Aging Project	MAP	Alzheimer's Disease; Parkinson's Disease; Lewy Body Dementia; Normal Controls	https://github.com/GP2code/MAPThaplotype	GP2code	paulandroide; is-mariam	Jupyter Notebook					No Dependencies; No Version Info; No Container; No Environment Spec	6
Memory and Aging Project	MAP	Alzheimer's Disease; Parkinson's Disease; Lewy Body Dementia; Normal Controls	https://github.com/DamarisVinueza/deberphyton	DamarisVinueza	DamarisVinueza						No Dependencies; No Version Info; No Container; No Environment Spec	6
Memory and Aging Project	MAP	Alzheimer's Disease; Parkinson's Disease; Lewy Body Dementia; Normal Controls	https://github.com/sknoth/parkinson-help	sknoth	sknoth	JavaScript					No Version Info; No Container; No Environment Spec	7
Memory and Aging Project	MAP	Alzheimer's Disease; Parkinson's Disease; Lewy Body Dementia; Normal Controls	https://github.com/alexCortinaU/parkinson_classification	alexCortinaU	alexCortinaU	Jupyter Notebook					No Dependencies; No Version Info; No Container	7
Memory and Aging Project	MAP	Alzheimer's Disease; Parkinson's Disease; Lewy Body Dementia; Normal Controls	https://github.com/kajuni/Bodily-maps-of-symptoms-and-emotions-in-PD	kajuni	kajuni						No Dependencies; No Version Info; No Container; No Environment Spec	6
Memory and Aging Project	MAP	Alzheimer's Disease; Parkinson's Disease; Lewy Body Dementia; Normal Controls	https://github.com/joachimdanbe/Exploring-Parkinson-s-Disease-with-Mapper-UPDRS-Dataset-	joachimdanbe	joachimdanbe	HTML					No Dependencies; No Version Info; No Container; No Environment Spec	6
Memory and Aging Project	MAP	Alzheimer's Disease; Parkinson's Disease; Lewy Body Dementia; Normal Controls	https://github.com/khareyash05/Parkinson-s-Disease-Brain-Imaging	khareyash05	khareyash05	Jupyter Notebook					No Dependencies; No Version Info; No Container; No Environment Spec	6
Memory and Aging Project	MAP	Alzheimer's Disease; Parkinson's Disease; Lewy Body Dementia; Normal Controls	https://github.com/ahmedmoustafa/AfricaPD	ahmedmoustafa	ahmedmoustafa	Jupyter Notebook					No Dependencies; No Version Info; No Container; No Environment Spec	6
Memory and Aging Project	MAP	Alzheimer's Disease; Parkinson's Disease; Lewy Body Dementia; Normal Controls	https://github.com/jasirvatham2602/QXAI-prj	jasirvatham2602	jasirvatham2602	Python					No Version Info; No Container; No Environment Spec	7
Memory and Aging Project	MAP	Alzheimer's Disease; Parkinson's Disease; Lewy Body Dementia; Normal Controls	https://github.com/GSC23-HeadHome/HeadHome	GSC23-HeadHome	chayhuixiang; ongjx16; changdaozheng; Trigon25						No Dependencies; No Version Info; No Container; No Environment Spec	6
Memory and Aging Project	MAP	Alzheimer's Disease; Parkinson's Disease; Lewy Body Dementia; Normal Controls	https://github.com/tmi-lab/AD-VD-ChronologicalMapping	tmi-lab	PBarnaghi; cw332	Jupyter Notebook					No Dependencies; No Version Info; No Container; No Environment Spec	6
Memory and Aging Project	MAP	Alzheimer's Disease; Parkinson's Disease; Lewy Body Dementia; Normal Controls	https://github.com/gvnberaldi/Pose2Action	gvnberaldi	gvnberaldi; iballester	Python					No Version Info; No Container; No Environment Spec; No Version Info; No Container; No Environment Spec	4
Memory and Aging Project	MAP	Alzheimer's Disease; Parkinson's Disease; Lewy Body Dementia; Normal Controls	https://github.com/BCC-PHM/dementia-hub-map	BCC-PHM	David-Ellis	R					No Dependencies; No Version Info; No Container; No Environment Spec	6
Memory and Aging Project	MAP	Alzheimer's Disease; Parkinson's Disease; Lewy Body Dementia; Normal Controls	https://github.com/cenacchi2000/dementia_3d_face_mapping	cenacchi2000	cenacchi2000	Python					No Container; No Environment Spec	8
Memory and Aging Project	MAP	Alzheimer's Disease; Parkinson's Disease; Lewy Body Dementia; Normal Controls	https://github.com/raisarezaa/Hackathon-2025	raisarezaa	dkn345; daikonteju; raisarezaa	TypeScript					No Version Info; No Container; No Environment Spec	7
Memory and Aging Project	MAP	Alzheimer's Disease; Parkinson's Disease; Lewy Body Dementia; Normal Controls	https://github.com/SpaceTimee/Fusion-JetBrainsMapleMono	SpaceTimee	github-actions[bot]; SpaceTimee	Python					No Dependencies; No Version Info; No Container; No Environment Spec	6
Memory and Aging Project	MAP	Alzheimer's Disease; Parkinson's Disease; Lewy Body Dementia; Normal Controls	https://github.com/netneurolab/neuromaps	netneurolab	rmarkello; justinehansen; liuzhenqi77; VinceBaz; estefanysuarez; eric2302; yarikoptic; vbeliveau	Python					No Version Info; No Environment Spec	8
Memory and Aging Project	MAP	Alzheimer's Disease; Parkinson's Disease; Lewy Body Dementia; Normal Controls	https://github.com/MICA-MNI/ENIGMA	MICA-MNI	saratheriver; slic-lab; Ianyliu; kaurao; caseypaquola; neuroimagingdatascience; kmrasmussen; maciej-jedynak; mnoergaard; Melissa1909	Jupyter Notebook					No Version Info; No Container	8
Memory and Aging Project	MAP	Alzheimer's Disease; Parkinson's Disease; Lewy Body Dementia; Normal Controls	https://github.com/xeden3/joplin-plugin-kity-minder	xeden3	xeden3	JavaScript					No Version Info; No Container; No Environment Spec	7
Memory and Aging Project	MAP	Alzheimer's Disease; Parkinson's Disease; Lewy Body Dementia; Normal Controls	https://github.com/Aryia-Behroziuan/neurons	Aryia-Behroziuan	Aryia-Behroziuan						No Dependencies; No Version Info; No Container; No Environment Spec	6
Memory and Aging Project	MAP	Alzheimer's Disease; Parkinson's Disease; Lewy Body Dementia; Normal Controls	https://github.com/connectomicslab/connectomemapper3	connectomicslab	sebastientourbier; emullier; Katharinski; joanrue; davidrs06; abirba; allcontributors[bot]; osorensen; mschoettner; anilbey	HTML					No Version Info; No Environment Spec	8
Memory and Aging Project	MAP	Alzheimer's Disease; Parkinson's Disease; Lewy Body Dementia; Normal Controls	https://github.com/sina-mansour/UKB-connectomics	sina-mansour	sina-mansour; AndrewZalesky	Jupyter Notebook					No Dependencies; No Version Info; No Container; No Environment Spec	6
Memory and Aging Project	MAP	Alzheimer's Disease; Parkinson's Disease; Lewy Body Dementia; Normal Controls	https://github.com/dolphin-in-a-coma/multi-task-cnn-eeg-emotion	dolphin-in-a-coma	dolphin-in-a-coma	Jupyter Notebook					No Version Info; No Container; No Environment Spec	7
Memory and Aging Project	MAP	Alzheimer's Disease; Parkinson's Disease; Lewy Body Dementia; Normal Controls	https://github.com/spin-test/spin-test	spin-test	siyuanliu8; aaronab	MATLAB					No Dependencies; No Version Info; No Container; No Environment Spec	6
Memory and Aging Project	MAP	Alzheimer's Disease; Parkinson's Disease; Lewy Body Dementia; Normal Controls	https://github.com/murraylab/brainsmash	murraylab	rmarkello; jbburt; dependabot[bot]	Python					No Version Info; No Container; No Environment Spec	7
Memory and Aging Project	MAP	Alzheimer's Disease; Parkinson's Disease; Lewy Body Dementia; Normal Controls	https://github.com/quadbio/VoxHunt	quadbio	joschif; quadbiolab	HTML					No Dependencies; No Version Info; No Container; No Environment Spec	6
Memory and Aging Project	MAP	Alzheimer's Disease; Parkinson's Disease; Lewy Body Dementia; Normal Controls	https://github.com/DierMeng/JavaBrainMap	DierMeng	DierMeng						No Dependencies; No Version Info; No Container; No Environment Spec	6
Memory and Aging Project	MAP	Alzheimer's Disease; Parkinson's Disease; Lewy Body Dementia; Normal Controls	https://github.com/OishiLab/OpenMAP-T1	OishiLab	kei-lab1106; jhu-cnilab	Python					No Version Info; No Environment Spec	8
Memory and Aging Project	MAP	Alzheimer's Disease; Parkinson's Disease; Lewy Body Dementia; Normal Controls	https://github.com/int-brain-lab/paper-brain-wide-map	int-brain-lab	mschart; juhuntenburg; berkgercek; oliche; chris-langfield; yanliangshi; GaelleChapuis; mayofaulkner; k1o0; themattinthehatt	Python					No Version Info; No Container; No Environment Spec	7
Memory and Aging Project	MAP	Alzheimer's Disease; Parkinson's Disease; Lewy Body Dementia; Normal Controls	https://github.com/sarslancs/graph_saliency_maps	sarslancs	sarslancs	Python					No Version Info; No Container; No Environment Spec	7
Memory and Aging Project	MAP	Alzheimer's Disease; Parkinson's Disease; Lewy Body Dementia; Normal Controls	https://github.com/ins-amu/BVEP	ins-amu	mhashemi0873; davidrpenas	Jupyter Notebook					No Dependencies; No Version Info; No Container; No Environment Spec	6
Memory and Aging Project	MAP	Alzheimer's Disease; Parkinson's Disease; Lewy Body Dementia; Normal Controls	https://github.com/chrisgorgo/alleninf	chrisgorgo	chrisgorgo; dankessler; rmarkello	Python					No Version Info; No Container; No Environment Spec	7
Memory and Aging Project	MAP	Alzheimer's Disease; Parkinson's Disease; Lewy Body Dementia; Normal Controls	https://github.com/OpenXAIProject/Preprocessed_IXI_Dataset	OpenXAIProject	JunsikChoi; wltjr1007						No Dependencies; No Version Info; No Container; No Environment Spec	6
Memory and Aging Project	MAP	Alzheimer's Disease; Parkinson's Disease; Lewy Body Dementia; Normal Controls	https://github.com/AICONSlab/HippMapp3r	AICONSlab	entiri; mgoubran; jyheaton; pmojiri	Python					No Version Info	9
Memory and Aging Project	MAP	Alzheimer's Disease; Parkinson's Disease; Lewy Body Dementia; Normal Controls	https://github.com/sheepduke/silver-brain	sheepduke	sheepduke; dependabot[bot]	Common Lisp					No README; No Dependencies; No Version Info; No Container; No Environment Spec	5
Memory and Aging Project	MAP	Alzheimer's Disease; Parkinson's Disease; Lewy Body Dementia; Normal Controls	https://github.com/OpenXAIProject/Preprocessed_ABIDE_Dataset	OpenXAIProject	JunsikChoi						No Dependencies; No Version Info; No Container; No Environment Spec	6
Memory and Aging Project	MAP	Alzheimer's Disease; Parkinson's Disease; Lewy Body Dementia; Normal Controls	https://github.com/PRIME-RE/RheMAP	PRIME-RE	pcklink; niksirbi	Jupyter Notebook					No Dependencies; No Version Info; No Container; No Environment Spec	6
Memory and Aging Project	MAP	Alzheimer's Disease; Parkinson's Disease; Lewy Body Dementia; Normal Controls	https://github.com/akshayaggarwal99/nodenest	akshayaggarwal99	hiakshay; akshayaggarwal99; ttrezren	TypeScript					No Version Info; No Container; No Environment Spec	7
Memory and Aging Project	MAP	Alzheimer's Disease; Parkinson's Disease; Lewy Body Dementia; Normal Controls	https://github.com/ngohgia/text2brain	ngohgia	ngohgia; mnhng	Python					No Dependencies; No Version Info; No Container; No Environment Spec	6
Memory and Aging Project	MAP	Alzheimer's Disease; Parkinson's Disease; Lewy Body Dementia; Normal Controls	https://github.com/owenrandlett/Z-Brain	owenrandlett	owenrandlett	MATLAB					No Dependencies; No Version Info; No Container; No Environment Spec	6
Memory and Aging Project	MAP	Alzheimer's Disease; Parkinson's Disease; Lewy Body Dementia; Normal Controls	https://github.com/netneurolab/markello_spatialnulls	netneurolab	rmarkello	Python					No Dependencies; No Container	8
Memory and Aging Project	MAP	Alzheimer's Disease; Parkinson's Disease; Lewy Body Dementia; Normal Controls	https://github.com/vzachari/IronSmithQSM	vzachari	vzachari	Shell					No Dependencies; No Version Info; No Container; No Environment Spec; No Dependencies; No Version Info; No Container; No Environment Spec	2
Memory and Aging Project	MAP	Alzheimer's Disease; Parkinson's Disease; Lewy Body Dementia; Normal Controls	https://github.com/JozefJarosciak/OpenMind	JozefJarosciak	superman32432432	PHP					No Dependencies; No Version Info; No Environment Spec	7
Memory and Aging Project	MAP	Alzheimer's Disease; Parkinson's Disease; Lewy Body Dementia; Normal Controls	https://github.com/AmarBhatt/Temporal_Difference_Learning_Path_Planning	AmarBhatt	AmarBhatt	Matlab					No Dependencies; No Version Info; No Container; No Environment Spec	6
Religious Orders Study	ROS	Alzheimer's Disease; Parkinson's Disease; Lewy Body Dementia; Normal Controls	https://github.com/Polster-lab/m6a_regulators_rosmap	Polster-lab	danish2562022	Jupyter Notebook					No Dependencies; No Version Info; No Container; No Environment Spec	6
Religious Orders Study	ROS	Alzheimer's Disease; Parkinson's Disease; Lewy Body Dementia; Normal Controls	https://github.com/kkkiyomi1/ROSC-S	kkkiyomi1	kkkiyomi1	Python					No Version Info; No Container; No Environment Spec	7
Religious Orders Study	ROS	Alzheimer's Disease; Parkinson's Disease; Lewy Body Dementia; Normal Controls	https://github.com/daiqile96/ROSMAP_C2C	daiqile96	daiqile96	R					No Dependencies; No Version Info; No Container; No Environment Spec	6
Religious Orders Study	ROS	Alzheimer's Disease; Parkinson's Disease; Lewy Body Dementia; Normal Controls	https://github.com/alexeykolodkin/ROS_model	alexeykolodkin	alexeykolodkin						No Dependencies; No Version Info; No Container; No Environment Spec	6
Religious Orders Study	ROS	Alzheimer's Disease; Parkinson's Disease; Lewy Body Dementia; Normal Controls	https://github.com/LordJpz18/roselyne-pipernos	LordJpz18	LordJpz18	HTML					No README; No Version Info; No Container; No Environment Spec	6
Religious Orders Study	ROS	Alzheimer's Disease; Parkinson's Disease; Lewy Body Dementia; Normal Controls	https://github.com/OpenAgricultureFoundation/openag_brain	OpenAgricultureFoundation	gordonbrander; LeonChambers; sp4ghet; rbaynes; goruck; spaghet; yaromins; yeliztaneroglu; davoclavo; novemberalpha	Python					No Version Info; No Environment Spec	8
Religious Orders Study	ROS	Alzheimer's Disease; Parkinson's Disease; Lewy Body Dementia; Normal Controls	https://github.com/matrix97317/UniRobot	matrix97317	matrix97317	Python					No Version Info; No Container; No Environment Spec	7
Religious Orders Study	ROS	Alzheimer's Disease; Parkinson's Disease; Lewy Body Dementia; Normal Controls	https://github.com/BrainCoTech/brainco_hand_ros2	BrainCoTech	dtg-andy	C++					No Dependencies; No Version Info; No Container; No Environment Spec	6
Religious Orders Study	ROS	Alzheimer's Disease; Parkinson's Disease; Lewy Body Dementia; Normal Controls	https://github.com/UTAH-VEXU-Robotics/ros_lib	UTAH-VEXU-Robotics	acetousk	C++					No Dependencies; No Version Info; No Container; No Environment Spec	6
Religious Orders Study	ROS	Alzheimer's Disease; Parkinson's Disease; Lewy Body Dementia; Normal Controls	https://github.com/gaitech-robotics/gaitech-bci	gaitech-robotics	gaitechdev	Python					No Dependencies; No Version Info; No Container; No Environment Spec	6
Religious Orders Study	ROS	Alzheimer's Disease; Parkinson's Disease; Lewy Body Dementia; Normal Controls	https://github.com/openkinematics/openbrain-ros	openkinematics	openkinematics	Python					No Dependencies; No Version Info; No Container; No Environment Spec	6
Religious Orders Study	ROS	Alzheimer's Disease; Parkinson's Disease; Lewy Body Dementia; Normal Controls	https://github.com/Mufrad6502/SSVEP-BASED-BCI-SYSTEM	Mufrad6502	Mufrad6502	Lua					No Dependencies; No Version Info; No Container; No Environment Spec	6
Religious Orders Study	ROS	Alzheimer's Disease; Parkinson's Disease; Lewy Body Dementia; Normal Controls	https://github.com/ECC-BFMC/Brain_ROS	ECC-BFMC	BFMC-Rares-Lemnariu	C++					No Dependencies; No Version Info; No Container; No Environment Spec	6
Religious Orders Study	ROS	Alzheimer's Disease; Parkinson's Disease; Lewy Body Dementia; Normal Controls	https://github.com/UGA-AgRobotics/red-rover	UGA-AgRobotics		C++					No Dependencies; No Version Info; No Container; No Environment Spec	6
Religious Orders Study	ROS	Alzheimer's Disease; Parkinson's Disease; Lewy Body Dementia; Normal Controls	https://github.com/Rudxain/brain-rost	Rudxain	Rudxain	Rust					No Version Info; No Container; No Environment Spec	7
Religious Orders Study	ROS	Alzheimer's Disease; Parkinson's Disease; Lewy Body Dementia; Normal Controls	https://github.com/elizabethkoh/BrainROS	elizabethkoh	elizabethkoh	C++					No Dependencies; No Version Info; No Container; No Environment Spec	6
Religious Orders Study	ROS	Alzheimer's Disease; Parkinson's Disease; Lewy Body Dementia; Normal Controls	https://github.com/blaigene/ROS2-Sentinel-Brain	blaigene	blaigene	Python					No Dependencies; No Version Info; No Container; No Environment Spec	6
Religious Orders Study	ROS	Alzheimer's Disease; Parkinson's Disease; Lewy Body Dementia; Normal Controls	https://github.com/methylDragon/teleop_twist_brain_bridge	methylDragon	methylDragon	Python					No Dependencies; No Version Info; No Container; No Environment Spec	6
Religious Orders Study	ROS	Alzheimer's Disease; Parkinson's Disease; Lewy Body Dementia; Normal Controls	https://github.com/bangthe2222/Brain_ROS_BFMC_2025	bangthe2222	bangthe2222	C++					No Dependencies; No Version Info; No Container; No Environment Spec	6
Religious Orders Study	ROS	Alzheimer's Disease; Parkinson's Disease; Lewy Body Dementia; Normal Controls	https://github.com/roshanss163/roshanss163radiology.github.io	roshanss163	roshanss163	HTML					No Dependencies; No Version Info; No Container; No Environment Spec	6
Religious Orders Study	ROS	Alzheimer's Disease; Parkinson's Disease; Lewy Body Dementia; Normal Controls	https://github.com/jjangddung/seame_brain	jjangddung	cmh0728; jjangddung	Python					No Dependencies; No Version Info; No Container; No Environment Spec	6
Religious Orders Study	ROS	Alzheimer's Disease; Parkinson's Disease; Lewy Body Dementia; Normal Controls	https://github.com/Costopoulos/NTUA-Robotics-II	Costopoulos	Costopoulos	Python					No Dependencies; No Version Info; No Container; No Environment Spec	6
Religious Orders Study	ROS	Alzheimer's Disease; Parkinson's Disease; Lewy Body Dementia; Normal Controls	https://github.com/MaidReal/brain	MaidReal	ANonABento; VirtualFlight	Python					No Version Info; No Container; No Environment Spec	7
Religious Orders Study	ROS	Alzheimer's Disease; Parkinson's Disease; Lewy Body Dementia; Normal Controls	https://github.com/ogonek-spider/ros2	ogonek-spider	alarin	Python					No Dependencies; No Version Info; No Container; No Environment Spec	6
Religious Orders Study	ROS	Alzheimer's Disease; Parkinson's Disease; Lewy Body Dementia; Normal Controls	https://github.com/qniesz/ROSie	qniesz	qniesz	Python					No Dependencies; No Version Info; No Container; No Environment Spec	6
Religious Orders Study	ROS	Alzheimer's Disease; Parkinson's Disease; Lewy Body Dementia; Normal Controls	https://github.com/Zakhar-the-Robot/brain	Zakhar-the-Robot	an-dr						No Dependencies; No Version Info; No Container; No Environment Spec	6
Religious Orders Study	ROS	Alzheimer's Disease; Parkinson's Disease; Lewy Body Dementia; Normal Controls	https://github.com/cornellev/brain_ros2	cornellev	sidharthmrao; utkudotdev; selym3; Jklein64; ethanuppal; ChickenCoupe; yuchenie	Python					No Dependencies; No Version Info; No Environment Spec	7
Religious Orders Study	ROS	Alzheimer's Disease; Parkinson's Disease; Lewy Body Dementia; Normal Controls	https://github.com/elizabethkoh/BrainROS_dataproc	elizabethkoh	elizabethkoh	Python					No Dependencies; No Version Info; No Container; No Environment Spec	6
Religious Orders Study	ROS	Alzheimer's Disease; Parkinson's Disease; Lewy Body Dementia; Normal Controls	https://github.com/El7agAdel/ROS_BrainComputer_Interface	El7agAdel	El7agAdel	Python					No Dependencies; No Version Info; No Container; No Environment Spec	6
Religious Orders Study	ROS	Alzheimer's Disease; Parkinson's Disease; Lewy Body Dementia; Normal Controls	https://github.com/pengfuchuan/ros2-brain-agent	pengfuchuan	pengfuchuan; iampfc	Python					No Dependencies; No Version Info; No Environment Spec	7
Cognitive Function and Ageing Study	CFAS	Dementia; Cognitive Decline; Normal Aging	https://github.com/mdrajab/CFAS-and-ADNI-Neuropathology	mdrajab	mdrajab	Jupyter Notebook					No Dependencies; No Version Info; No Container; No Environment Spec; No Dependencies; No Version Info; No Container; No Environment Spec	2
Cognitive Function and Ageing Study	CFAS	Dementia; Cognitive Decline; Normal Aging	https://github.com/mdrajab/CFAS-ranking-code	mdrajab	mdrajab	Jupyter Notebook					No Dependencies; No Version Info; No Container; No Environment Spec	6
Cognitive Function and Ageing Study	CFAS	Dementia; Cognitive Decline; Normal Aging	https://github.com/buttybren/Incident-Dementia-in-Wales	buttybren	buttybren						No Dependencies; No Version Info; No Container; No Environment Spec	6
Cambridgeshire Parkinsons Incidence from GP to Neurologist Study	CamPaIGN	Alzheimer's Disease; Mild Cognitive Impairment	https://github.com/mehakkhangura26/pc_interactive	mehakkhangura26	mehakkhangura26	HTML					No Dependencies; No Version Info; No Container; No Environment Spec	6
Cambridgeshire Parkinsons Incidence from GP to Neurologist Study	CamPaIGN	Alzheimer's Disease; Mild Cognitive Impairment	https://github.com/hlnkm/helen-kilimanjaro-campaign-2018	hlnkm	joeyklee	HTML					No Dependencies; No Version Info; No Container; No Environment Spec	6
Cambridgeshire Parkinsons Incidence from GP to Neurologist Study	CamPaIGN	Alzheimer's Disease; Mild Cognitive Impairment	https://github.com/charlesdguthrie/APDA_Clock	charlesdguthrie	charlesdguthrie	JavaScript					No Dependencies; No Version Info; No Container; No Environment Spec	6
Cambridgeshire Parkinsons Incidence from GP to Neurologist Study	CamPaIGN	Alzheimer's Disease; Mild Cognitive Impairment	https://github.com/jvson03/web-template-2	jvson03	jvson03	HTML					No Dependencies; No Version Info; No Container; No Environment Spec	6
Cambridgeshire Parkinsons Incidence from GP to Neurologist Study	CamPaIGN	Alzheimer's Disease; Mild Cognitive Impairment	https://github.com/danderfer/Comp_Sci_Sem_2	danderfer	danderfer	Python					No Dependencies; No Version Info; No Container; No Environment Spec; No Dependencies; No Version Info; No Container; No Environment Spec	2
Cambridgeshire Parkinsons Incidence from GP to Neurologist Study	CamPaIGN	Alzheimer's Disease; Mild Cognitive Impairment	https://github.com/S4ltster/Beemovie	S4ltster	S4ltster; Deltara3	CSS					No Dependencies; No Version Info; No Container; No Environment Spec	6
Cambridgeshire Parkinsons Incidence from GP to Neurologist Study	CamPaIGN	Alzheimer's Disease; Mild Cognitive Impairment	https://github.com/HimangshuCyber/Math-Quiz	HimangshuCyber	HimangshuCyber	JavaScript					No Dependencies; No Version Info; No Container; No Environment Spec	6
Cambridgeshire Parkinsons Incidence from GP to Neurologist Study	CamPaIGN	Alzheimer's Disease; Mild Cognitive Impairment	https://github.com/SanTanBan/MindControl	SanTanBan	SanTanBan						No Dependencies; No Version Info; No Container; No Environment Spec	6
Cambridgeshire Parkinsons Incidence from GP to Neurologist Study	CamPaIGN	Alzheimer's Disease; Mild Cognitive Impairment	https://github.com/mobassir94/Introduction-to-TensorFlow-for-Artificial-Intelligence-Machine-Learning-and-Deep-Learning	mobassir94	mobassir94	Jupyter Notebook					No Dependencies; No Version Info; No Container; No Environment Spec	6
Cambridgeshire Parkinsons Incidence from GP to Neurologist Study	CamPaIGN	Alzheimer's Disease; Mild Cognitive Impairment	https://github.com/vunderkind/Brain.js	vunderkind	vunderkind	JavaScript					No Version Info; No Container; No Environment Spec	7
Cambridgeshire Parkinsons Incidence from GP to Neurologist Study	CamPaIGN	Alzheimer's Disease; Mild Cognitive Impairment	https://github.com/mot-displate/brainwall	mot-displate	mot-displate	HTML					No Dependencies; No Version Info; No Container; No Environment Spec	6
Cambridgeshire Parkinsons Incidence from GP to Neurologist Study	CamPaIGN	Alzheimer's Disease; Mild Cognitive Impairment	https://github.com/appumorgan-creator/campaignlog	appumorgan-creator	appumorgan-creator	TypeScript					No Version Info; No Container; No Environment Spec	7
Cambridgeshire Parkinsons Incidence from GP to Neurologist Study	CamPaIGN	Alzheimer's Disease; Mild Cognitive Impairment	https://github.com/tom-burholt/brainlabs-task	tom-burholt	tom-burholt	HTML					No Version Info; No Environment Spec	8
Cambridgeshire Parkinsons Incidence from GP to Neurologist Study	CamPaIGN	Alzheimer's Disease; Mild Cognitive Impairment	https://github.com/elijahtanblue/BrandBrain	elijahtanblue	elijahtanblue						No Dependencies; No Version Info; No Container; No Environment Spec	6
Cambridgeshire Parkinsons Incidence from GP to Neurologist Study	CamPaIGN	Alzheimer's Disease; Mild Cognitive Impairment	https://github.com/strazdinalaura/kickstarter-campaign-brainstation	strazdinalaura	strazdinalaura						No Dependencies; No Version Info; No Container; No Environment Spec	6
Cambridgeshire Parkinsons Incidence from GP to Neurologist Study	CamPaIGN	Alzheimer's Disease; Mild Cognitive Impairment	https://github.com/bRaiNRoTRePoRt666X/brainrot-metadata_campaigns	bRaiNRoTRePoRt666X		Python					No Dependencies; No Version Info; No Container; No Environment Spec	6
Cambridgeshire Parkinsons Incidence from GP to Neurologist Study	CamPaIGN	Alzheimer's Disease; Mild Cognitive Impairment	https://github.com/StrykerXKnight/albion-campaign-brain	StrykerXKnight	StrykerXKnight	Python					No README; No Version Info; No Container; No Environment Spec	6
Cambridgeshire Parkinsons Incidence from GP to Neurologist Study	CamPaIGN	Alzheimer's Disease; Mild Cognitive Impairment	https://github.com/RNA-Messenger/brainfart-gm	RNA-Messenger	RNA-Messenger	JavaScript					No Version Info; No Container; No Environment Spec	7
Cambridgeshire Parkinsons Incidence from GP to Neurologist Study	CamPaIGN	Alzheimer's Disease; Mild Cognitive Impairment	https://github.com/YouTrip-Marketing/brainstorm-toolkit	YouTrip-Marketing	kelifries	JavaScript					No Version Info; No Container; No Environment Spec	7
Cambridgeshire Parkinsons Incidence from GP to Neurologist Study	CamPaIGN	Alzheimer's Disease; Mild Cognitive Impairment	https://github.com/Lynknex/Marketing-Brainstorm-Tool	Lynknex	Lynknex	TypeScript					No Version Info; No Container; No Environment Spec	7
Cambridgeshire Parkinsons Incidence from GP to Neurologist Study	CamPaIGN	Alzheimer's Disease; Mild Cognitive Impairment	https://github.com/matteof123/Mendel	matteof123		Python					No Dependencies; No Version Info; No Container; No Environment Spec	6
Cambridgeshire Parkinsons Incidence from GP to Neurologist Study	CamPaIGN	Alzheimer's Disease; Mild Cognitive Impairment	https://github.com/Lyzr-Apps/campaign-brain-sharp-node-chh4	Lyzr-Apps		TypeScript					No README; No Version Info; No Environment Spec	7
Cambridgeshire Parkinsons Incidence from GP to Neurologist Study	CamPaIGN	Alzheimer's Disease; Mild Cognitive Impairment	https://github.com/ellaneumann/bike_safety_campaign	ellaneumann	ellaneumann	CSS					No Dependencies; No Version Info; No Container; No Environment Spec	6
The ACOM Study (Apolipoprotein E Effects in Cerebral Organoid Models)	ACOM	Alzheimer's Disease; Cognitively Unimpaired Controls	https://github.com/TCC-Sistema-Alzhaimer/tcc_acompanhamento_alzheimer	TCC-Sistema-Alzhaimer	Starbiel; joaoguerios; Luccachl; WesleyParastchuk	TypeScript					No Version Info; No Environment Spec	8
The ACOM Study (Apolipoprotein E Effects in Cerebral Organoid Models)	ACOM	Alzheimer's Disease; Cognitively Unimpaired Controls	https://github.com/cptanalatriste/ACOMedicalImageSegmentation	cptanalatriste	cptanalatriste	Java					No Dependencies; No Version Info; No Container; No Environment Spec	6
The Harvard Brain Tissue Resource Center (HBTRC) Study	HBTRC	Alzheimer's Disease; Late Onset Alzheimer's Disease; Normal Controls	https://github.com/jdagilliland/bmes680.20143-gill-weik-final-project	jdagilliland	jdagilliland; weikernm	Matlab					No Dependencies; No Version Info; No Container; No Environment Spec	6
The Harvard Brain Tissue Resource Center (HBTRC) Study	HBTRC	Alzheimer's Disease; Late Onset Alzheimer's Disease; Normal Controls	https://github.com/Tony980624/Gene-Expression-And-Alzheimer	Tony980624	Tony980624	Jupyter Notebook					No Dependencies; No Version Info; No Container; No Environment Spec	6
Transcriptome-Wide Association Study in Alzheimer's Disease	TWAS	Alzheimer's Disease	https://github.com/gaow/neuro-twas	gaow	hsun3163; gaow	Jupyter Notebook					No Dependencies; No Version Info; No Container; No Environment Spec; No Dependencies; No Version Info; No Container; No Environment Spec	2
Transcriptome-Wide Association Study in Alzheimer's Disease	TWAS	Alzheimer's Disease	https://github.com/SleegersLab-VIBCMN/EADB_GWAS_NatureGenetics_QTL_TWAS	SleegersLab-VIBCMN	maegsul						No Dependencies; No Version Info; No Container; No Environment Spec	6
Transcriptome-Wide Association Study in Alzheimer's Disease	TWAS	Alzheimer's Disease	https://github.com/Leo-LiuQiang/CTA-TWAS	Leo-LiuQiang		R					No Dependencies; No Version Info; No Container; No Environment Spec	6
Transcriptome-Wide Association Study in Alzheimer's Disease	TWAS	Alzheimer's Disease	https://github.com/sarahmughal/Post-GWAS-Functional-Annotation-and-TWAS-Analysis-of-Alzheimer-s-Disease-Risk-Loci	sarahmughal	sarahmughal	HTML					No Dependencies; No Version Info; No Container; No Environment Spec	6
Transcriptome-Wide Association Study in Alzheimer's Disease	TWAS	Alzheimer's Disease	https://github.com/rubinovlab/brain_twas	rubinovlab	nhunghoang; NedaVU; mikarubi	Python					No Dependencies; No Version Info; No Container; No Environment Spec	6
Transcriptome-Wide Association Study in Alzheimer's Disease	TWAS	Alzheimer's Disease	https://github.com/t-welton/BAG_TWAS	t-welton	t-welton	R					No Dependencies; No Version Info; No Container; No Environment Spec	6
The RNAseq Harmonization Study	RNAseq Harmonization	Alzheimer's Disease	https://github.com/ASAP-CRN/sc-rnaseq-wf	ASAP-CRN	kfang4; hkeward; ergonyc; github-actions[bot]	WDL					No Dependencies; No Version Info; No Container; No Environment Spec	6
The RNAseq Harmonization Study	RNAseq Harmonization	Alzheimer's Disease	https://github.com/ASAP-CRN/bulk-rnaseq-wf	ASAP-CRN	kfang4; github-actions[bot]	WDL					No Dependencies; No Version Info; No Container; No Environment Spec	6
The Mount Sinai Brain Bank study	MSBB	Alzheimer's Disease	https://github.com/SNN0/APOE_coexpression_analysis	SNN0	SNN0	R					No Dependencies; No Version Info; No Container; No Environment Spec	6
The Mount Sinai Brain Bank study	MSBB	Alzheimer's Disease	https://github.com/jamiecarnevale/RNASeq-AD-Classification	jamiecarnevale	jamiecarnevale	Jupyter Notebook					No Dependencies; No Version Info; No Container; No Environment Spec	6
GERAS Observational Study	GERAS	Alzheimer's Disease; Mild Cognitive Impairment	https://github.com/eera-l/Geras	eera-l	eera-l; dependabot[bot]	Python					No Dependencies; No Version Info; No Container; No Environment Spec; No Dependencies; No Version Info; No Container; No Environment Spec	2
GERAS Observational Study	GERAS	Alzheimer's Disease; Mild Cognitive Impairment	https://github.com/ranigera/MultiModalMRI_Habits	ranigera	ranigera	Jupyter Notebook					No Dependencies; No Version Info; No Container; No Environment Spec; No Dependencies; No Version Info; No Container; No Environment Spec	2
GERAS Observational Study	GERAS	Alzheimer's Disease; Mild Cognitive Impairment	https://github.com/drianne/brainfuck	drianne	drianne; leticiadesouza	C					No Dependencies; No Version Info; No Container; No Environment Spec; No Dependencies; No Version Info; No Container; No Environment Spec	2
Solanezumab EXPEDITION Program	EXPEDITION	Mild to Moderate Alzheimer's Disease	https://github.com/Dot-H/brain-visit	Dot-H	Dot-H	TypeScript					No Version Info; No Container; No Environment Spec	7
Australian Imaging Biomarkers and Lifestyle Study of Ageing	AIBL	Alzheimer's Disease; Mild Cognitive Impairment; Normal Controls	https://github.com/akinyeraakintunde/Data-Validation-with-Python-	akinyeraakintunde	akinyeraakintunde	Jupyter Notebook					No Dependencies; No Version Info; No Container; No Environment Spec	6
Australian Imaging Biomarkers and Lifestyle Study of Ageing	AIBL	Alzheimer's Disease; Mild Cognitive Impairment; Normal Controls	https://github.com/xiaoxingxingkz/BrainStatTrans-GAN	xiaoxingxingkz	xiaoxingxingkz	Python					No Dependencies; No Version Info; No Container; No Environment Spec; No Dependencies; No Version Info; No Container; No Environment Spec	2
Australian Imaging Biomarkers and Lifestyle Study of Ageing	AIBL	Alzheimer's Disease; Mild Cognitive Impairment; Normal Controls	https://github.com/xiaoxingxingkz/BrainStatTrans-GAN-MindSpore	xiaoxingxingkz	xiaoxingxingkz	Python					No Dependencies; No Version Info; No Container; No Environment Spec; No Dependencies; No Version Info; No Container; No Environment Spec	2
Parkinson's Progression Markers Initiative	PPMI	Parkinson's Disease; Prodromal Parkinson's Disease; SWEDD; Normal Controls; Genetic PD (LRRK2, GBA, SNCA mutations)	https://github.com/sameerd/ppmi	sameerd	sameerd; cseas; ypotier	Jupyter Notebook					No Dependencies; No Version Info; No Container; No Environment Spec	6
Parkinson's Progression Markers Initiative	PPMI	Parkinson's Disease; Prodromal Parkinson's Disease; SWEDD; Normal Controls; Genetic PD (LRRK2, GBA, SNCA mutations)	https://github.com/rmarkello/pypmi	rmarkello	rmarkello	Python					No Version Info; No Container; No Environment Spec	7
Parkinson's Progression Markers Initiative	PPMI	Parkinson's Disease; Prodromal Parkinson's Disease; SWEDD; Normal Controls; Genetic PD (LRRK2, GBA, SNCA mutations)	https://github.com/IoBT-VISTEC/PPMI_DL	IoBT-VISTEC	thee-pn; IoBT-VISTEC	Python					No Dependencies; No Version Info; No Container; No Environment Spec	6
Parkinson's Progression Markers Initiative	PPMI	Parkinson's Disease; Prodromal Parkinson's Disease; SWEDD; Normal Controls; Genetic PD (LRRK2, GBA, SNCA mutations)	https://github.com/sheryl-ai/PPMI-Subtype-Analysis	sheryl-ai	sheryl-ai	Python					No Dependencies; No Version Info; No Container; No Environment Spec	6
Parkinson's Progression Markers Initiative	PPMI	Parkinson's Disease; Prodromal Parkinson's Disease; SWEDD; Normal Controls; Genetic PD (LRRK2, GBA, SNCA mutations)	https://github.com/Rrtk2/PPMI-ML-Cognition-PD	Rrtk2		R					No Dependencies; No Version Info; No Container; No Environment Spec	6
Parkinson's Progression Markers Initiative	PPMI	Parkinson's Disease; Prodromal Parkinson's Disease; SWEDD; Normal Controls; Genetic PD (LRRK2, GBA, SNCA mutations)	https://github.com/MJFF-ResearchCommunity/PIE	MJFF-ResearchCommunity	allianceai; cowlet; AmgadDroby; e-hutchins	Python					No Version Info; No Container; No Environment Spec	7
Parkinson's Progression Markers Initiative	PPMI	Parkinson's Disease; Prodromal Parkinson's Disease; SWEDD; Normal Controls; Genetic PD (LRRK2, GBA, SNCA mutations)	https://github.com/rmarkello/ppmitobids	rmarkello	rmarkello	Python					No Dependencies; No Version Info; No Container; No Environment Spec	6
Parkinson's Progression Markers Initiative	PPMI	Parkinson's Disease; Prodromal Parkinson's Disease; SWEDD; Normal Controls; Genetic PD (LRRK2, GBA, SNCA mutations)	https://github.com/vtn6/PPMI-Data-Mining	vtn6	vtn6	R					No Dependencies; No Version Info; No Container; No Environment Spec	6
Parkinson's Progression Markers Initiative	PPMI	Parkinson's Disease; Prodromal Parkinson's Disease; SWEDD; Normal Controls; Genetic PD (LRRK2, GBA, SNCA mutations)	https://github.com/ck37/ppmi-challenge-2016	ck37	ck37	R					No Dependencies; No Version Info; No Container; No Environment Spec	6
Parkinson's Progression Markers Initiative	PPMI	Parkinson's Disease; Prodromal Parkinson's Disease; SWEDD; Normal Controls; Genetic PD (LRRK2, GBA, SNCA mutations)	https://github.com/dhareshvadalia/PPMI	dhareshvadalia	dhareshvadalia	Jupyter Notebook					No Dependencies; No Version Info; No Container; No Environment Spec	6
Parkinson's Progression Markers Initiative	PPMI	Parkinson's Disease; Prodromal Parkinson's Disease; SWEDD; Normal Controls; Genetic PD (LRRK2, GBA, SNCA mutations)	https://github.com/arunava5764/Predictive_Analysis_of_Parkinsons_Disease_from_Gait_Sensor_Data_and_Brain_MRI_Images	arunava5764	arunava5764	Jupyter Notebook					No Dependencies; No Version Info; No Container; No Environment Spec	6
Parkinson's Progression Markers Initiative	PPMI	Parkinson's Disease; Prodromal Parkinson's Disease; SWEDD; Normal Controls; Genetic PD (LRRK2, GBA, SNCA mutations)	https://github.com/MJFF-ResearchCommunity/PIE-clean	MJFF-ResearchCommunity	cowlet; e-hutchins	Jupyter Notebook					No Version Info; No Container; No Environment Spec	7
Parkinson's Progression Markers Initiative	PPMI	Parkinson's Disease; Prodromal Parkinson's Disease; SWEDD; Normal Controls; Genetic PD (LRRK2, GBA, SNCA mutations)	https://github.com/GalvanizeDataScience/Project-PPMI	GalvanizeDataScience	cbracher69						No Dependencies; No Version Info; No Container; No Environment Spec	6
Parkinson's Progression Markers Initiative	PPMI	Parkinson's Disease; Prodromal Parkinson's Disease; SWEDD; Normal Controls; Genetic PD (LRRK2, GBA, SNCA mutations)	https://github.com/sayadennis/ppmi	sayadennis	sayadennis	Jupyter Notebook					No Dependencies; No Version Info; No Container; No Environment Spec	6
Parkinson's Progression Markers Initiative	PPMI	Parkinson's Disease; Prodromal Parkinson's Disease; SWEDD; Normal Controls; Genetic PD (LRRK2, GBA, SNCA mutations)	https://github.com/Andreater/parkinson_cdss	Andreater	Andreater; 217c	R					No Dependencies; No Version Info; No Container; No Environment Spec	6
Parkinson's Progression Markers Initiative	PPMI	Parkinson's Disease; Prodromal Parkinson's Disease; SWEDD; Normal Controls; Genetic PD (LRRK2, GBA, SNCA mutations)	https://github.com/Niharika626/PD_DETECTION	Niharika626	Niharika626	Jupyter Notebook					No Dependencies; No Version Info; No Container; No Environment Spec	6
Parkinson's Progression Markers Initiative	PPMI	Parkinson's Disease; Prodromal Parkinson's Disease; SWEDD; Normal Controls; Genetic PD (LRRK2, GBA, SNCA mutations)	https://github.com/MJFF-ResearchCommunity/PIE-Workbench	MJFF-ResearchCommunity	allianceai	TypeScript					No Version Info; No Container; No Environment Spec	7
Parkinson's Progression Markers Initiative	PPMI	Parkinson's Disease; Prodromal Parkinson's Disease; SWEDD; Normal Controls; Genetic PD (LRRK2, GBA, SNCA mutations)	https://github.com/ffaghri1/ppmi-mjff	ffaghri1	ffaghri1	Jupyter Notebook					No Dependencies; No Version Info; No Container; No Environment Spec	6
Parkinson's Progression Markers Initiative	PPMI	Parkinson's Disease; Prodromal Parkinson's Disease; SWEDD; Normal Controls; Genetic PD (LRRK2, GBA, SNCA mutations)	https://github.com/TianjieCheng/PPMI	TianjieCheng	TianjieCheng						No Dependencies; No Version Info; No Container; No Environment Spec	6
Parkinson's Progression Markers Initiative	PPMI	Parkinson's Disease; Prodromal Parkinson's Disease; SWEDD; Normal Controls; Genetic PD (LRRK2, GBA, SNCA mutations)	https://github.com/brian-j-smith/PPMIChallenge2016	brian-j-smith	brian-j-smith; petersonR	R					No Dependencies; No Version Info; No Container; No Environment Spec	6
Parkinson's Progression Markers Initiative	PPMI	Parkinson's Disease; Prodromal Parkinson's Disease; SWEDD; Normal Controls; Genetic PD (LRRK2, GBA, SNCA mutations)	https://github.com/pulselogicbio/pulselogic-parkinsons	pulselogicbio	pulselogicbio						No Dependencies; No Version Info; No Container; No Environment Spec	6
Parkinson's Progression Markers Initiative	PPMI	Parkinson's Disease; Prodromal Parkinson's Disease; SWEDD; Normal Controls; Genetic PD (LRRK2, GBA, SNCA mutations)	https://github.com/JacksonGS-1/Alpha-Synuclein-Seeding-Activity-and-Parkinsons-Disease-Progression	JacksonGS-1	JacksonGS-1	SAS					No Dependencies; No Version Info; No Container; No Environment Spec; No Dependencies; No Version Info; No Container; No Environment Spec	2
Parkinson's Progression Markers Initiative	PPMI	Parkinson's Disease; Prodromal Parkinson's Disease; SWEDD; Normal Controls; Genetic PD (LRRK2, GBA, SNCA mutations)	https://github.com/ahmedfawaz879/Parkinson-s-Voice-and-Clinical-Modeling	ahmedfawaz879	ahmedfawaz879	Jupyter Notebook					No Dependencies; No Version Info; No Container; No Environment Spec	6
Parkinson's Progression Markers Initiative	PPMI	Parkinson's Disease; Prodromal Parkinson's Disease; SWEDD; Normal Controls; Genetic PD (LRRK2, GBA, SNCA mutations)	https://github.com/jhaker/PPMI	jhaker	jhaker						No Dependencies; No Version Info; No Container; No Environment Spec	6
Parkinson's Progression Markers Initiative	PPMI	Parkinson's Disease; Prodromal Parkinson's Disease; SWEDD; Normal Controls; Genetic PD (LRRK2, GBA, SNCA mutations)	https://github.com/Hari-P-22121/Transfomer-Parkinsons-3D-MRI-Classifier	Hari-P-22121	Hari-P-22121	Python					No Version Info; No Container; No Environment Spec	7
Global Parkinson's Genetics Program	GP2	Atypical Parkinsonism; Controls (global populations); Early-onset Parkinson's Disease; Familial Parkinson's Disease; Parkinson's Disease; Parkinson's Plus syndromes; Prodromal Parkinson's Disease	https://github.com/GP2code/GP2-AFR-AAC-metaGWAS	GP2code	m-makarious	Jupyter Notebook					No Dependencies; No Version Info; No Container; No Environment Spec	6
Global Parkinson's Genetics Program	GP2	Atypical Parkinsonism; Controls (global populations); Early-onset Parkinson's Disease; Familial Parkinson's Disease; Parkinson's Disease; Parkinson's Plus syndromes; Prodromal Parkinson's Disease	https://github.com/datatecnica/genotools-server	datatecnica	dvitale199; syedislamuddin; dependabot[bot]; nvk23	Python					No Dependencies; No Version Info; No Container; No Environment Spec	6
Global Parkinson's Genetics Program	GP2	Atypical Parkinsonism; Controls (global populations); Early-onset Parkinson's Disease; Familial Parkinson's Disease; Parkinson's Disease; Parkinson's Plus syndromes; Prodromal Parkinson's Disease	https://github.com/GP2code/GP2-mitochondrial-PRS	GP2code	is-mariam	Jupyter Notebook					No Dependencies; No Version Info; No Container; No Environment Spec	6
Global Parkinson's Genetics Program	GP2	Atypical Parkinsonism; Controls (global populations); Early-onset Parkinson's Disease; Familial Parkinson's Disease; Parkinson's Disease; Parkinson's Plus syndromes; Prodromal Parkinson's Disease	https://github.com/GP2code/GP2-precision-medicine	GP2code	is-mariam	Jupyter Notebook					No Dependencies; No Version Info; No Container; No Environment Spec	6
Global Parkinson's Genetics Program	GP2	Atypical Parkinsonism; Controls (global populations); Early-onset Parkinson's Disease; Familial Parkinson's Disease; Parkinson's Disease; Parkinson's Plus syndromes; Prodromal Parkinson's Disease	https://github.com/mkoretsky1/pathogenic_pd_variants	mkoretsky1	mkoretsky1; sammyhong23	Jupyter Notebook					No Dependencies; No Version Info; No Container; No Environment Spec	6
Global Parkinson's Genetics Program	GP2	Atypical Parkinsonism; Controls (global populations); Early-onset Parkinson's Disease; Familial Parkinson's Disease; Parkinson's Disease; Parkinson's Plus syndromes; Prodromal Parkinson's Disease	https://github.com/HeatherKates/farrer-2025-parkinsons-prs-sim	HeatherKates	HeatherKates	R					No Dependencies; No Version Info; No Container; No Environment Spec	6
Global Parkinson's Genetics Program	GP2	Atypical Parkinsonism; Controls (global populations); Early-onset Parkinson's Disease; Familial Parkinson's Disease; Parkinson's Disease; Parkinson's Plus syndromes; Prodromal Parkinson's Disease	https://github.com/LeonardoHDL/GP2_Transcriptomics_PDD_PDNCI	LeonardoHDL	LeonardoHDL	Jupyter Notebook					No Dependencies; No Version Info; No Container; No Environment Spec	6
Global Parkinson's Genetics Program	GP2	Atypical Parkinsonism; Controls (global populations); Early-onset Parkinson's Disease; Familial Parkinson's Disease; Parkinson's Disease; Parkinson's Plus syndromes; Prodromal Parkinson's Disease	https://github.com/GP2code/GP2-global-genetic-variant-landscape	GP2code	is-mariam	Jupyter Notebook					No Dependencies; No Version Info; No Container; No Environment Spec	6
Global Parkinson's Genetics Program	GP2	Atypical Parkinsonism; Controls (global populations); Early-onset Parkinson's Disease; Familial Parkinson's Disease; Parkinson's Disease; Parkinson's Plus syndromes; Prodromal Parkinson's Disease	https://github.com/huw-morris-lab/MD-GAP-GP2-CPC	huw-morris-lab	lesleywu13	R					No Dependencies; No Version Info; No Container; No Environment Spec	6
NIH NeuroBioBank	NBB	Alzheimer's Disease, Parkinson's disease, Huntington's disease, Autism Spectrum Disorder, Down syndrome, Schizophrenia, Lewy Body Disease, Pick's disease, Spinal Muscular Atrophy, Major Depressive Disorder, Sudden Infant Death Syndrome	https://github.com/manuelatan/lewy_body_GWAS	manuelatan	manuelatan	Shell					No Dependencies; No Version Info; No Container; No Environment Spec	6
The Global Alzheimer’s Association Interactive Network 	GAAIN	Alzheimer's Disease; Mild Cognitive Impairment; Normal Controls	https://github.com/allucas/PyAmyloid	allucas	allucas	Python					No Version Info; No Container; No Environment Spec	7
The National Institute on Aging Genetics of Alzheimer's Disease Data Storage Site	NIAGADS	Alzheimer's Disease, Progressive Supranuclear Palsy, CBD, COVID-19, ADRD, Neuropsychiatric Brain Disorders, Dementia, Parkinson's Disease,  Mild Cognitive Impairment, Aging, Neurodegenerative disease, ALS, CTE	https://github.com/danymukesha/MRforAD	danymukesha	danymukesha	R					No Dependencies; No Version Info; No Container; No Environment Spec	6
Aligning Science Across Parkinson's Collaborative Research Network	ASAP-CRN	Parkinson's Disease; Prodromal Parkinson's Disease; Genetic PD; Model Systems	https://github.com/ASAP-CRN/asap-crn-learning-lab	ASAP-CRN	amaraalexander; amaraalexan	Jupyter Notebook					No Dependencies; No Version Info; No Container; No Environment Spec	6
Open Access Series of Imaging Studies - Clinical Memory Disorders	OASIS-4	Memory Disorders; Dementia; Alzheimer's Disease	https://github.com/jobayer/OASIS4-JPG-Data-and-Label-Extractor	jobayer	jobayer	Jupyter Notebook					No Dependencies; No Version Info; No Container; No Environment Spec	6
Alzheimer's Disease Cooperative Study Clinical Trials Dataset	ADCS	Alzheimer's Disease; Mild Cognitive Impairment	https://github.com/ravitedlapu/ADC-RBK-a-multimodal-approach-for-early-detection-of-chronic-diseases-and-focusing-on-Alzheimer-s	ravitedlapu	ravitedlapu						No Dependencies; No Version Info; No Container; No Environment Spec	6
Alzheimer's Disease Cooperative Study Clinical Trials Dataset	ADCS	Alzheimer's Disease; Mild Cognitive Impairment	https://github.com/Rishi8520/S.H.R.A.V.Y.A	Rishi8520	Rishi8520	C					No Dependencies; No Version Info; No Container; No Environment Spec	6
Alzheimer's Disease Cooperative Study Clinical Trials Dataset	ADCS	Alzheimer's Disease; Mild Cognitive Impairment	https://github.com/bothlab/galdur	bothlab	ximion						No Dependencies; No Version Info; No Container; No Environment Spec	6
Alzheimer's Disease Cooperative Study Clinical Trials Dataset	ADCS	Alzheimer's Disease; Mild Cognitive Impairment	https://github.com/DevEraY/Stroke_Detector_AI_using_mri_and_ct_slices	DevEraY	DevEraY	Python					No Dependencies; No Version Info; No Container; No Environment Spec	6
Alzheimer's Disease Cooperative Study Clinical Trials Dataset	ADCS	Alzheimer's Disease; Mild Cognitive Impairment	https://github.com/daniellevg04/FAST-UNSUPERVISED-AFFINE-REGISTRATION-OF-DWI-AND-ADC-BRAIN-MRI-FOR-ACUTE-ISCHEMIC-STROKE	daniellevg04	daniellevg04	Jupyter Notebook					No Dependencies; No Version Info; No Container; No Environment Spec	6
Alzheimer's Disease Cooperative Study Clinical Trials Dataset	ADCS	Alzheimer's Disease; Mild Cognitive Impairment	https://github.com/BroteusSKTP/Machine-Learning	BroteusSKTP	BroteusSK; BroteusSKTP	Jupyter Notebook					No Dependencies; No Version Info; No Container; No Environment Spec	6
Moorfields Eye Hospital Dementia Dataset	AlzEye	Dementia; Eye diseases; Aging	https://github.com/himashahansani001/AlzEyePredict-ML-Model	himashahansani001	himashahansani001						No Dependencies; No Version Info; No Container; No Environment Spec	6
Blood based 12-miRNA signature of Alzheimer patients	GSE46579	Alzheimer's Disease; Multiple Sclerosis; Parkinson's Disease; Major Depression; Bipolar Disorder; Schizophrenia; Mild Cognitive Impairment; Normal Controls	https://github.com/cepdnaclk/e15-4yp-Revealing-miRNA-Biomarkers-for-Alzheimer-s-Disease-using-NGS	cepdnaclk	hasiniThilakarathn4; Vidwa; Imalshadinu	Jupyter Notebook					No Dependencies; No Version Info; No Container; No Environment Spec; No Dependencies; No Version Info; No Container; No Environment Spec	2
RNA Sequencing of Entorhinal Cortex from Alzheimer's Disease Patients and Controls	GSE53697	Alzheimer's Disease; Normal Controls	https://github.com/AratrikaB-tech/Alzheimer-Transcriptomics-DGE	AratrikaB-tech	AratrikaB-tech	R					No Dependencies; No Version Info; No Container; No Environment Spec; No Dependencies; No Version Info; No Container; No Environment Spec	2
iPSC Neurodegenerative Disease Initiative Cell Line Collection	iNDI	Alzheimer's Disease; ALS; Parkinson's Disease; Frontotemporal Dementia; Lewy Body Dementia	https://github.com/sarkarias18-ctrl/indian-multilingual-clock	sarkarias18-ctrl	sarkarias18-ctrl	Dart					No Dependencies; No Version Info; No Container; No Environment Spec	6
iPSC Neurodegenerative Disease Initiative Cell Line Collection	iNDI	Alzheimer's Disease; ALS; Parkinson's Disease; Frontotemporal Dementia; Lewy Body Dementia	https://github.com/EddyTryToCode/PET-MRI-multimodal-individual-graph-analysis	EddyTryToCode	EddyTryToCode	Python					No Dependencies; No Version Info; No Container; No Environment Spec	6
iPSC Neurodegenerative Disease Initiative Cell Line Collection	iNDI	Alzheimer's Disease; ALS; Parkinson's Disease; Frontotemporal Dementia; Lewy Body Dementia	https://github.com/ScenerYOne/Distinguishing-Parkinson-s-Alzheimer-s-and-Healthy-Individuals-A-CNN-Approach	ScenerYOne	ScenerYOne	Jupyter Notebook					No Dependencies; No Version Info; No Container; No Environment Spec	6
iPSC Neurodegenerative Disease Initiative Cell Line Collection	iNDI	Alzheimer's Disease; ALS; Parkinson's Disease; Frontotemporal Dementia; Lewy Body Dementia	https://github.com/jiwu96/Multimodal-analysis-has-revealed-new-individual-prediction-patterns-for-AD	jiwu96	jiwu96	R					No Dependencies; No Version Info; No Container; No Environment Spec	6
iPSC Neurodegenerative Disease Initiative Cell Line Collection	iNDI	Alzheimer's Disease; ALS; Parkinson's Disease; Frontotemporal Dementia; Lewy Body Dementia	https://github.com/desomeboy/Foundation-Individual-Generative-Virtual-Brain	desomeboy	desomeboy	Python					No Version Info; No Container; No Environment Spec; No Version Info; No Container; No Environment Spec	4
iPSC Neurodegenerative Disease Initiative Cell Line Collection	iNDI	Alzheimer's Disease; ALS; Parkinson's Disease; Frontotemporal Dementia; Lewy Body Dementia	https://github.com/Louis-YuZhao/deep-metabolic-imaging-indices	Louis-YuZhao	Louis-YuZhao	Python					No Dependencies; No Version Info; No Container; No Environment Spec	6
iPSC Neurodegenerative Disease Initiative Cell Line Collection	iNDI	Alzheimer's Disease; ALS; Parkinson's Disease; Frontotemporal Dementia; Lewy Body Dementia	https://github.com/Mintu1603/Parkinson-Doctors-in-India	Mintu1603	Mintu1603	HTML					No Dependencies; No Version Info; No Container; No Environment Spec	6
iPSC Neurodegenerative Disease Initiative Cell Line Collection	iNDI	Alzheimer's Disease; ALS; Parkinson's Disease; Frontotemporal Dementia; Lewy Body Dementia	https://github.com/SayakGiri/Detect_the_presence_of_Parkinson-s_Disease_in_individuals	SayakGiri	SayakGiri	Jupyter Notebook					No Dependencies; No Version Info; No Container; No Environment Spec	6
iPSC Neurodegenerative Disease Initiative Cell Line Collection	iNDI	Alzheimer's Disease; ALS; Parkinson's Disease; Frontotemporal Dementia; Lewy Body Dementia	https://github.com/GP2code/India-metaGWAS	GP2code	m-makarious	Jupyter Notebook					No Dependencies; No Version Info; No Container; No Environment Spec	6
iPSC Neurodegenerative Disease Initiative Cell Line Collection	iNDI	Alzheimer's Disease; ALS; Parkinson's Disease; Frontotemporal Dementia; Lewy Body Dementia	https://github.com/COBsquare/Dementia-Examiner-for-Individuals	COBsquare	CemKabar; begumozceylan; onurdurukan	Java					No Dependencies; No Version Info; No Container; No Environment Spec	6
iPSC Neurodegenerative Disease Initiative Cell Line Collection	iNDI	Alzheimer's Disease; ALS; Parkinson's Disease; Frontotemporal Dementia; Lewy Body Dementia	https://github.com/ArianIR77/Caregiving-for-Individuals-with-Dementia	ArianIR77	ArianIR77	Jupyter Notebook					No Dependencies; No Version Info; No Container; No Environment Spec	6
iPSC Neurodegenerative Disease Initiative Cell Line Collection	iNDI	Alzheimer's Disease; ALS; Parkinson's Disease; Frontotemporal Dementia; Lewy Body Dementia	https://github.com/jessicaschmilovich/Predicting-Dementia-Risk-Using-Brain-Health-Indicators	jessicaschmilovich	jessicaschmilovich	Jupyter Notebook					No Dependencies; No Version Info; No Container; No Environment Spec	6
iPSC Neurodegenerative Disease Initiative Cell Line Collection	iNDI	Alzheimer's Disease; ALS; Parkinson's Disease; Frontotemporal Dementia; Lewy Body Dementia	https://github.com/Radhesh-gautam/HackIndia-Peace-out	Radhesh-gautam	Radhesh-gautam	JavaScript					No Version Info; No Container; No Environment Spec	7
iPSC Neurodegenerative Disease Initiative Cell Line Collection	iNDI	Alzheimer's Disease; ALS; Parkinson's Disease; Frontotemporal Dementia; Lewy Body Dementia	https://github.com/zhangyubrain/COBE-Common-and-Individualized-Brain-Pattern-Modeling	zhangyubrain	alienx-zero; zhangyubrain	MATLAB					No Dependencies; No Version Info; No Container; No Environment Spec	6
iPSC Neurodegenerative Disease Initiative Cell Line Collection	iNDI	Alzheimer's Disease; ALS; Parkinson's Disease; Frontotemporal Dementia; Lewy Body Dementia	https://github.com/sandyrobot/SANDY-THE-INDIAN-HUMANOID.	sandyrobot	sandyrobot						No Dependencies; No Version Info; No Container; No Environment Spec	6
iPSC Neurodegenerative Disease Initiative Cell Line Collection	iNDI	Alzheimer's Disease; ALS; Parkinson's Disease; Frontotemporal Dementia; Lewy Body Dementia	https://github.com/sreevalsansmenon/IndividualBrainConnectivity	sreevalsansmenon	sreevalsansmenon	MATLAB					No Dependencies; No Version Info; No Container; No Environment Spec	6
iPSC Neurodegenerative Disease Initiative Cell Line Collection	iNDI	Alzheimer's Disease; ALS; Parkinson's Disease; Frontotemporal Dementia; Lewy Body Dementia	https://github.com/yuzhounh/SLIC-individual	yuzhounh	yuzhounh	MATLAB					No Dependencies; No Version Info; No Container; No Environment Spec	6
iPSC Neurodegenerative Disease Initiative Cell Line Collection	iNDI	Alzheimer's Disease; ALS; Parkinson's Disease; Frontotemporal Dementia; Lewy Body Dementia	https://github.com/trichtu/BAI-Net-Brain-Atlas-Individualization-Network	trichtu	trichtu	Python					No Dependencies; No Version Info; No Container; No Environment Spec	6
iPSC Neurodegenerative Disease Initiative Cell Line Collection	iNDI	Alzheimer's Disease; ALS; Parkinson's Disease; Frontotemporal Dementia; Lewy Body Dementia	https://github.com/Mansooreh-Pakravan/Joint-partiallyJoint-Individual-Independent-Component-Analysis	Mansooreh-Pakravan	Mansooreh-Pakravan	MATLAB					No Dependencies; No Version Info; No Container; No Environment Spec	6
iPSC Neurodegenerative Disease Initiative Cell Line Collection	iNDI	Alzheimer's Disease; ALS; Parkinson's Disease; Frontotemporal Dementia; Lewy Body Dementia	https://github.com/PranavMandlik/BrainTumor-Indirectinputs-	PranavMandlik	PranavMandlik	Python					No README; No Version Info; No Container; No Environment Spec	6
iPSC Neurodegenerative Disease Initiative Cell Line Collection	iNDI	Alzheimer's Disease; ALS; Parkinson's Disease; Frontotemporal Dementia; Lewy Body Dementia	https://github.com/hollabharath/IndiaBrainTemplates	hollabharath	hollabharath	Shell					No Dependencies; No Version Info; No Container; No Environment Spec	6
iPSC Neurodegenerative Disease Initiative Cell Line Collection	iNDI	Alzheimer's Disease; ALS; Parkinson's Disease; Frontotemporal Dementia; Lewy Body Dementia	https://github.com/zhaohuaxishi1/neonatal_Individual_Parcellation	zhaohuaxishi1	zhaohuaxishi1	MATLAB					No Dependencies; No Version Info; No Container; No Environment Spec	6
iPSC Neurodegenerative Disease Initiative Cell Line Collection	iNDI	Alzheimer's Disease; ALS; Parkinson's Disease; Frontotemporal Dementia; Lewy Body Dementia	https://github.com/DSmith537/Brain_Tumour_Segmentation_UNet_Indi	DSmith537	DSmith537	Python					No Dependencies; No Version Info; No Container; No Environment Spec	6
iPSC Neurodegenerative Disease Initiative Cell Line Collection	iNDI	Alzheimer's Disease; ALS; Parkinson's Disease; Frontotemporal Dementia; Lewy Body Dementia	https://github.com/StarryBNU/Physicist_Brain_Type_Indicator	StarryBNU	StarryBNU	TypeScript					No Version Info; No Container; No Environment Spec	7
iPSC Neurodegenerative Disease Initiative Cell Line Collection	iNDI	Alzheimer's Disease; ALS; Parkinson's Disease; Frontotemporal Dementia; Lewy Body Dementia	https://github.com/Subham2901/Thousand-Brains-Project-Individual_Project	Subham2901	Subham2901	Python					No Dependencies; No Version Info; No Container; No Environment Spec	6
iPSC Neurodegenerative Disease Initiative Cell Line Collection	iNDI	Alzheimer's Disease; ALS; Parkinson's Disease; Frontotemporal Dementia; Lewy Body Dementia	https://github.com/SrijanRoy12/HealthyIndia-Digital-Health-Brain-MVP-	SrijanRoy12	SrijanRoy12	Python					No Version Info; No Container; No Environment Spec	7
iPSC Neurodegenerative Disease Initiative Cell Line Collection	iNDI	Alzheimer's Disease; ALS; Parkinson's Disease; Frontotemporal Dementia; Lewy Body Dementia	https://github.com/rscgh/individual_function_predictions	rscgh	rscgh	Jupyter Notebook					No Dependencies; No Version Info; No Container; No Environment Spec	6
iPSC Neurodegenerative Disease Initiative Cell Line Collection	iNDI	Alzheimer's Disease; ALS; Parkinson's Disease; Frontotemporal Dementia; Lewy Body Dementia	https://github.com/selina-lii/fMRI_individual_parcellation	selina-lii	selina-lii	MATLAB					No Dependencies; No Version Info; No Container; No Environment Spec	6
iPSC Neurodegenerative Disease Initiative Cell Line Collection	iNDI	Alzheimer's Disease; ALS; Parkinson's Disease; Frontotemporal Dementia; Lewy Body Dementia	https://github.com/connectomicslab/indivbrainparcel	connectomicslab		Python					No Version Info; No Container; No Environment Spec	7
iPSC Neurodegenerative Disease Initiative Cell Line Collection	iNDI	Alzheimer's Disease; ALS; Parkinson's Disease; Frontotemporal Dementia; Lewy Body Dementia	https://github.com/pratikjaiswal1998/Indian-Stock-Analyser	pratikjaiswal1998	pratikjaiswal1998	Python					No Version Info; No Container; No Environment Spec	7
iPSC Neurodegenerative Disease Initiative Cell Line Collection	iNDI	Alzheimer's Disease; ALS; Parkinson's Disease; Frontotemporal Dementia; Lewy Body Dementia	https://github.com/forwho/Individual-Difference-in-Structural-connectivity	forwho	forwho	Python					No Dependencies; No Version Info; No Container; No Environment Spec	6
iPSC Neurodegenerative Disease Initiative Cell Line Collection	iNDI	Alzheimer's Disease; ALS; Parkinson's Disease; Frontotemporal Dementia; Lewy Body Dementia	https://github.com/decolab/restoring-signatures-individual-WBM	decolab	idontknoweider	Python					No Version Info; No Container; No Environment Spec	7
iPSC Neurodegenerative Disease Initiative Cell Line Collection	iNDI	Alzheimer's Disease; ALS; Parkinson's Disease; Frontotemporal Dementia; Lewy Body Dementia	https://github.com/data-indi/brain	data-indi	frankyeh; github-actions[bot]; data-hcp						No Dependencies; No Version Info; No Container; No Environment Spec	6
iPSC Neurodegenerative Disease Initiative Cell Line Collection	iNDI	Alzheimer's Disease; ALS; Parkinson's Disease; Frontotemporal Dementia; Lewy Body Dementia	https://github.com/Amanmathur150/IndianSmartBrain	Amanmathur150	Amanmathur150	JavaScript					No Version Info; No Container; No Environment Spec	7
Accelerating Medicines Partnership - Parkinson's Disease and Related Disorders	AMP-PD	Parkinson's Disease; Prodromal Parkinson's Disease; Genetic PD; Essential Tremor; Normal Controls	https://github.com/Nvl1024/InfoTheoryParkinson	Nvl1024		Jupyter Notebook					No Dependencies; No Version Info; No Container	7
Accelerating Medicines Partnership - Parkinson's Disease and Related Disorders	AMP-PD	Parkinson's Disease; Prodromal Parkinson's Disease; Genetic PD; Essential Tremor; Normal Controls	https://github.com/aneesh-aparajit/amp-pdpp-rl	aneesh-aparajit	aneesh-aparajit	Jupyter Notebook					No Version Info; No Container; No Environment Spec	7
Accelerating Medicines Partnership - Parkinson's Disease and Related Disorders	AMP-PD	Parkinson's Disease; Prodromal Parkinson's Disease; Genetic PD; Essential Tremor; Normal Controls	https://github.com/helenyjx/Accelerating-Medicines-Partnership-Parkinson-s-Disease-AMP-PD-Progression-Prediction	helenyjx	helenyjx; 5ukhy21; RuixinLou	Jupyter Notebook					No Dependencies; No Version Info; No Container; No Environment Spec	6
Anti-Amyloid Treatment in Asymptomatic Alzheimer's Study	A4	Preclinical Alzheimer's Disease; Amyloid-positive Cognitively Normal; Normal Controls	https://github.com/bmcastrow/AmyloidbetaA4-pIC50-prediction	bmcastrow	bmcastrow	Jupyter Notebook					No Dependencies; No Version Info; No Container; No Environment Spec	6
Anti-Amyloid Treatment in Asymptomatic Alzheimer's Study	A4	Preclinical Alzheimer's Disease; Amyloid-positive Cognitively Normal; Normal Controls	https://github.com/AAA-lab-genetic/Multiancestry_LRRK2_p.A419V	AAA-lab-genetic	LimKaiShi	Jupyter Notebook					No Dependencies; No Version Info; No Container; No Environment Spec	6
Anti-Amyloid Treatment in Asymptomatic Alzheimer's Study	A4	Preclinical Alzheimer's Disease; Amyloid-positive Cognitively Normal; Normal Controls	https://github.com/RoxanneWAAANG/A4-Unet	RoxanneWAAANG	JenDuu; RoxanneWAAANG	Python					No Dependencies; No Version Info; No Container; No Environment Spec	6
Anti-Amyloid Treatment in Asymptomatic Alzheimer's Study	A4	Preclinical Alzheimer's Disease; Amyloid-positive Cognitively Normal; Normal Controls	https://github.com/menglutao/Motor-imagery-classification-from-EEG-for-brain-computer-interface	menglutao	DiegoZanutti; menglutao	Jupyter Notebook					No Version Info; No Container; No Environment Spec	7
Anti-Amyloid Treatment in Asymptomatic Alzheimer's Study	A4	Preclinical Alzheimer's Disease; Amyloid-positive Cognitively Normal; Normal Controls	https://github.com/bhavik-knight/5511-a4-brain-surgery	bhavik-knight	bhavik-bhagat-smu; bhavik-knight; dependabot[bot]	Python					No Dependencies; No Container; No Environment Spec	7
Anti-Amyloid Treatment in Asymptomatic Alzheimer's Study	A4	Preclinical Alzheimer's Disease; Amyloid-positive Cognitively Normal; Normal Controls	https://github.com/henrymasterlof/brainpill-a41e75f3-ind	henrymasterlof	henrymasterlof						No Dependencies; No Version Info; No Container; No Environment Spec	6
Anti-Amyloid Treatment in Asymptomatic Alzheimer's Study	A4	Preclinical Alzheimer's Disease; Amyloid-positive Cognitively Normal; Normal Controls	https://github.com/MohdIrfan03/Brain-Hemorrhage-Detection_A4_3-32-39	MohdIrfan03	MohdIrfan03	Python					No Version Info; No Container; No Environment Spec	7
Anti-Amyloid Treatment in Asymptomatic Alzheimer's Study	A4	Preclinical Alzheimer's Disease; Amyloid-positive Cognitively Normal; Normal Controls	https://github.com/dayBrain/DayBrain-5-Minute-Daily-Planner-Template	dayBrain	gmhsource-lab	HTML					No Dependencies; No Version Info; No Container; No Environment Spec	6
Brain Health Registry	BHR	Alzheimer's Disease; Parkinson's Disease; Cognitive Decline; Normal Aging; Multiple Neurodegenerative Conditions	https://github.com/PathipakaSujita/bhr2	PathipakaSujita	PathipakaSujita	JavaScript					No README; No Version Info; No Container; No Environment Spec	6
Brain Health Registry	BHR	Alzheimer's Disease; Parkinson's Disease; Cognitive Decline; Normal Aging; Multiple Neurodegenerative Conditions	https://github.com/ehmpathy/rhachet-brains-bhrain	ehmpathy	ehm-seaturtle; rhelease[bot]; uladkasach	TypeScript					No Container; No Environment Spec	8
Generation Scotland	GS	Multiple conditions including neurodegenerative diseases; Normal Aging	https://github.com/xmootoo/gsp-alzheimer-detection	xmootoo	xmootoo	Jupyter Notebook					No Dependencies; No Version Info; No Container; No Environment Spec	6
Generation Scotland	GS	Multiple conditions including neurodegenerative diseases; Normal Aging	https://github.com/XiaoliNolan/GSGLMTL	XiaoliNolan	XiaoliNolan	MATLAB					No Dependencies; No Version Info; No Container; No Environment Spec; No Dependencies; No Version Info; No Container; No Environment Spec	2
Generation Scotland	GS	Multiple conditions including neurodegenerative diseases; Normal Aging	https://github.com/Magiccapital/D-GSMLM-code	Magiccapital	Magiccapital	MATLAB					No Dependencies; No Version Info; No Container; No Environment Spec	6
Generation Scotland	GS	Multiple conditions including neurodegenerative diseases; Normal Aging	https://github.com/Ipbhardwaj/Alzheimers_GSE5281_Analysis	Ipbhardwaj	Ipbhardwaj	R					No Dependencies; No Version Info; No Container; No Environment Spec	6
Generation Scotland	GS	Multiple conditions including neurodegenerative diseases; Normal Aging	https://github.com/shirleychawla/Alzheimer-Transcriptomics-GSE122063	shirleychawla	shirleychawla	R					No Dependencies; No Version Info; No Container; No Environment Spec	6
Generation Scotland	GS	Multiple conditions including neurodegenerative diseases; Normal Aging	https://github.com/Aditidwivedi-bio/Alzheimer_GeneExpression_GSE5281	Aditidwivedi-bio	Aditidwivedi-bio	Jupyter Notebook					No Dependencies; No Version Info; No Container; No Environment Spec	6
Generation Scotland	GS	Multiple conditions including neurodegenerative diseases; Normal Aging	https://github.com/mohamedessamhashim/GSE63060_IL6_Analysis	mohamedessamhashim	mohamedessamhashim						No Dependencies; No Version Info; No Container; No Environment Spec	6
Generation Scotland	GS	Multiple conditions including neurodegenerative diseases; Normal Aging	https://github.com/rashyy17/Microarray-Data-Analysis-GSE5281-Alzheimers-Disease-	rashyy17	rashyy17	R					No Dependencies; No Version Info; No Container; No Environment Spec	6
Generation Scotland	GS	Multiple conditions including neurodegenerative diseases; Normal Aging	https://github.com/claudiaazzahrasarif07/ANALISIS-TRANSKRIPTOMIK-PENYAKIT-ALZHEIMER-MENGGUNAKAN-DATASET-GSE5281	claudiaazzahrasarif07	claudiaazzahrasarif07						No Dependencies; No Version Info; No Container; No Environment Spec	6
Generation Scotland	GS	Multiple conditions including neurodegenerative diseases; Normal Aging	https://github.com/ls-javier/mRNA--GSE5281-Drug-Repurposing	ls-javier	ls-javier	R					No Dependencies; No Version Info; No Container; No Environment Spec	6
Generation Scotland	GS	Multiple conditions including neurodegenerative diseases; Normal Aging	https://github.com/theaxonaut/GSE33000-AD-analysis	theaxonaut	theaxonaut	R					No Dependencies; No Version Info; No Container; No Environment Spec	6
Generation Scotland	GS	Multiple conditions including neurodegenerative diseases; Normal Aging	https://github.com/kamilasharani08-bit/GSE5281_AD_Transcriptomics	kamilasharani08-bit	kamilasharani08-bit						No Dependencies; No Version Info; No Container; No Environment Spec	6
Generation Scotland	GS	Multiple conditions including neurodegenerative diseases; Normal Aging	https://github.com/BioData-Yipeng/Brain-tissue-AD-scRNA-seq-GSE175814	BioData-Yipeng	BioData-Yipeng	R					No Dependencies; No Version Info; No Container; No Environment Spec	6
Generation Scotland	GS	Multiple conditions including neurodegenerative diseases; Normal Aging	https://github.com/jlm-assist/gse95587-ad-te-analysis	jlm-assist		Python					No Dependencies; No Version Info; No Container; No Environment Spec	6
Generation Scotland	GS	Multiple conditions including neurodegenerative diseases; Normal Aging	https://github.com/BioData-Yipeng/Brain-tissue-AD-scRNA-seq-GSE188545	BioData-Yipeng	BioData-Yipeng	R					No Dependencies; No Version Info; No Container; No Environment Spec	6
Generation Scotland	GS	Multiple conditions including neurodegenerative diseases; Normal Aging	https://github.com/psj1996-CR7/AD-scRNAseq-GSE138852-Pipeline	psj1996-CR7	psj1996-CR7	R					No Dependencies; No Version Info; No Container; No Environment Spec	6
Generation Scotland	GS	Multiple conditions including neurodegenerative diseases; Normal Aging	https://github.com/khaledalam/GSE205450_PD_RNAseq_Analysis	khaledalam	khaledalam	Python					No Dependencies; No Version Info; No Container; No Environment Spec	6
Generation Scotland	GS	Multiple conditions including neurodegenerative diseases; Normal Aging	https://github.com/mohamedOubella/GSEII_2_AI_Project	mohamedOubella	mohamedOubella	Jupyter Notebook					No Dependencies; No Version Info; No Container; No Environment Spec	6
Generation Scotland	GS	Multiple conditions including neurodegenerative diseases; Normal Aging	https://github.com/Arpitashukla09/Arduino-GPS-GSM-Bulwark	Arpitashukla09	Arpitashukla09						No Dependencies; No Version Info; No Container; No Environment Spec	6
Generation Scotland	GS	Multiple conditions including neurodegenerative diseases; Normal Aging	https://github.com/yansheng-qiu/GSS	yansheng-qiu	yansheng-qiu	Python					No Dependencies; No Version Info; No Container; No Environment Spec	6
Generation Scotland	GS	Multiple conditions including neurodegenerative diseases; Normal Aging	https://github.com/GuangqiWen/BrainGSL	GuangqiWen	GuangqiWen	Python					No Dependencies; No Version Info; No Container; No Environment Spec	6
Generation Scotland	GS	Multiple conditions including neurodegenerative diseases; Normal Aging	https://github.com/leiferlab/NeRVEclustering	leiferlab	JeffreyNguyen; ashleylinder; aleifer; gplummer	Matlab					No Dependencies; No Version Info; No Container; No Environment Spec	6
Generation Scotland	GS	Multiple conditions including neurodegenerative diseases; Normal Aging	https://github.com/Gaitxh/GS-GCA-A-novel-robust-Student-s-t-based-Granger-causality-for-EEG-based-brain-network-analysis	Gaitxh	Gaitxh	MATLAB					No Dependencies; No Version Info; No Container; No Environment Spec	6
Generation Scotland	GS	Multiple conditions including neurodegenerative diseases; Normal Aging	https://github.com/shuo-zhou/GSDA-Lateralization	shuo-zhou	shuo-zhou; junhaols	Jupyter Notebook					No Version Info; No Container; No Environment Spec	7
Generation Scotland	GS	Multiple conditions including neurodegenerative diseases; Normal Aging	https://github.com/agriffa/GSP_brain_decode_fingerprint	agriffa	agriffa	MATLAB					No Version Info; No Container; No Environment Spec	7
Generation Scotland	GS	Multiple conditions including neurodegenerative diseases; Normal Aging	https://github.com/EEG-NBF-Gaussian-Splatting/FP-Neural-Brain-Fields-for-EEG-Reconstruction-with-GS	EEG-NBF-Gaussian-Splatting	YaronH08; LironAdi						No Dependencies; No Version Info; No Container; No Environment Spec	6
Generation Scotland	GS	Multiple conditions including neurodegenerative diseases; Normal Aging	https://github.com/anders-s-olsen/BrainGSP_subject-specific	anders-s-olsen	anders-s-olsen	Jupyter Notebook					No Dependencies; No Version Info; No Container; No Environment Spec	6
Generation Scotland	GS	Multiple conditions including neurodegenerative diseases; Normal Aging	https://github.com/zyzju/GSSIP	zyzju	zyzju	MATLAB					No Dependencies; No Version Info; No Container; No Environment Spec	6
Generation Scotland	GS	Multiple conditions including neurodegenerative diseases; Normal Aging	https://github.com/mssabir/BulkRNASeq_MouseBrain_GSLandSAMetabolismPathways	mssabir	mssabir	R					No Dependencies; No Version Info; No Container; No Environment Spec	6
Generation Scotland	GS	Multiple conditions including neurodegenerative diseases; Normal Aging	https://github.com/shamroz12/Human-Brain-Gene-Regulatory-Network-Analysis-GSE5281	shamroz12	shamroz12	Jupyter Notebook					No Version Info; No Container; No Environment Spec	7
Generation Scotland	GS	Multiple conditions including neurodegenerative diseases; Normal Aging	https://github.com/Vamsi-Dath/GAN-Evaluation---Brain-MRI	Vamsi-Dath	Vamsi-Dath	Jupyter Notebook					No Dependencies; No Version Info; No Container; No Environment Spec	6
Generation Scotland	GS	Multiple conditions including neurodegenerative diseases; Normal Aging	https://github.com/LingyuanMeng17/BrainGS	LingyuanMeng17	LingyuanMeng17						No Dependencies; No Version Info; No Container; No Environment Spec	6
Generation Scotland	GS	Multiple conditions including neurodegenerative diseases; Normal Aging	https://github.com/BRomans/GSS_BrainSculptor	BRomans	BRomans; galantartdesign	C#					No Dependencies; No Version Info; No Container; No Environment Spec	6
Generation Scotland	GS	Multiple conditions including neurodegenerative diseases; Normal Aging	https://github.com/Saint24Louis/GST-Test	Saint24Louis	Saint24Louis	JavaScript					No Dependencies; No Version Info; No Container; No Environment Spec	6
Generation Scotland	GS	Multiple conditions including neurodegenerative diseases; Normal Aging	https://github.com/MehkaanKhan/neurodyads-gsoc2026	MehkaanKhan	MehkaanKhan	Jupyter Notebook					No Dependencies; No Version Info; No Container; No Environment Spec	6
Generation Scotland	GS	Multiple conditions including neurodegenerative diseases; Normal Aging	https://github.com/laurabilicz/GSoC2018	laurabilicz	laurabilicz	Python					No Dependencies; No Version Info; No Container; No Environment Spec	6
Generation Scotland	GS	Multiple conditions including neurodegenerative diseases; Normal Aging	https://github.com/Kunall7890/BrainWave_Responsive_website_GSAP	Kunall7890		JavaScript					No Version Info; No Container; No Environment Spec	7
Generation Scotland	GS	Multiple conditions including neurodegenerative diseases; Normal Aging	https://github.com/tlancian/gsp_brain	tlancian	tlancian	Python					No Dependencies; No Version Info; No Container; No Environment Spec	6
Generation Scotland	GS	Multiple conditions including neurodegenerative diseases; Normal Aging	https://github.com/tiper2066/gsap-brainwave	tiper2066	tiper2066	TypeScript					No Version Info; No Container; No Environment Spec	7
Generation Scotland	GS	Multiple conditions including neurodegenerative diseases; Normal Aging	https://github.com/MangoCode0/Brain_GSE50161_Dataset_CaseStudy	MangoCode0	MangoCode0	Python					No Dependencies; No Version Info; No Container; No Environment Spec	6
Generation Scotland	GS	Multiple conditions including neurodegenerative diseases; Normal Aging	https://github.com/aayushi-shekhat/GSoC-eeg-brain-classification	aayushi-shekhat	aayushi-shekhat	Jupyter Notebook					No Dependencies; No Version Info; No Container; No Environment Spec	6
Generation Scotland	GS	Multiple conditions including neurodegenerative diseases; Normal Aging	https://github.com/smir9ra18/Brain_scRNAseq_Workflow_GSE67835	smir9ra18	smir9ra18						No Dependencies; No Version Info; No Container; No Environment Spec	6
Generation Scotland	GS	Multiple conditions including neurodegenerative diseases; Normal Aging	https://github.com/aaron-gemstate/gsh-second-brain	aaron-gemstate	aaron-gemstate	TypeScript					No Version Info; No Container; No Environment Spec	7
Generation Scotland	GS	Multiple conditions including neurodegenerative diseases; Normal Aging	https://github.com/stmh/gsc-brain-interface	stmh	stmh	JavaScript					No Dependencies; No Version Info; No Container; No Environment Spec	6
National Alzheimer's Coordinating Center	NACC	Alzheimer's Disease; Frontotemporal Dementia; Lewy Body Dementia; Normal Controls	https://github.com/tjiagoM/adni_phenotypes	tjiagoM	tjiagoM	Python					No Dependencies; No Version Info; No Container; No Environment Spec; No Dependencies; No Version Info; No Container; No Environment Spec	2
National Alzheimer's Coordinating Center	NACC	Alzheimer's Disease; Frontotemporal Dementia; Lewy Body Dementia; Normal Controls	https://github.com/tiwari-vaish/alzheimers-cognitive-classification	tiwari-vaish		Jupyter Notebook					No Dependencies; No Version Info; No Container; No Environment Spec	6
National Alzheimer's Coordinating Center	NACC	Alzheimer's Disease; Frontotemporal Dementia; Lewy Body Dementia; Normal Controls	https://github.com/manvis2/Predicting-Alzheimers-Disease-Progression	manvis2	manvis2	Jupyter Notebook					No Dependencies; No Version Info; No Container; No Environment Spec	6
National Alzheimer's Coordinating Center	NACC	Alzheimer's Disease; Frontotemporal Dementia; Lewy Body Dementia; Normal Controls	https://github.com/GeorgeTak/Diploma-thesis	GeorgeTak	GeorgeTak	Jupyter Notebook					No Dependencies; No Version Info; No Container; No Environment Spec; No Dependencies; No Version Info; No Container; No Environment Spec	2
National Alzheimer's Coordinating Center	NACC	Alzheimer's Disease; Frontotemporal Dementia; Lewy Body Dementia; Normal Controls	https://github.com/RaymondSHANG/NACC_AI	RaymondSHANG	RaymondSHANG	HTML					No Dependencies; No Version Info; No Container; No Environment Spec	6
National Alzheimer's Coordinating Center	NACC	Alzheimer's Disease; Frontotemporal Dementia; Lewy Body Dementia; Normal Controls	https://github.com/cemiledemir/NACC_Alzheimer_Disease_Prediction	cemiledemir	cemiledemir	Jupyter Notebook					No Dependencies; No Version Info; No Container; No Environment Spec	6
National Alzheimer's Coordinating Center	NACC	Alzheimer's Disease; Frontotemporal Dementia; Lewy Body Dementia; Normal Controls	https://github.com/yoonjoungkim/alzheimers-automl	yoonjoungkim	yoonjoungkim	Jupyter Notebook					No Dependencies; No Version Info; No Container; No Environment Spec	6
National Alzheimer's Coordinating Center	NACC	Alzheimer's Disease; Frontotemporal Dementia; Lewy Body Dementia; Normal Controls	https://github.com/atri-biostats/NACCADRC	atri-biostats	mcdonohue	R					No Dependencies; No Version Info; No Container; No Environment Spec; No Dependencies; No Version Info; No Container; No Environment Spec	2
National Alzheimer's Coordinating Center	NACC	Alzheimer's Disease; Frontotemporal Dementia; Lewy Body Dementia; Normal Controls	https://github.com/atri-biostats/UDS	atri-biostats	mcdonohue	R					No Dependencies; No Version Info; No Container; No Environment Spec	6
National Alzheimer's Coordinating Center	NACC	Alzheimer's Disease; Frontotemporal Dementia; Lewy Body Dementia; Normal Controls	https://github.com/MenuraSathnindu/MindGauge	MenuraSathnindu	MenuraSathnindu	Jupyter Notebook					No Container; No Environment Spec	8
National Alzheimer's Coordinating Center	NACC	Alzheimer's Disease; Frontotemporal Dementia; Lewy Body Dementia; Normal Controls	https://github.com/bawansr/T07_AstraCode	bawansr	bawansr	Jupyter Notebook					No Dependencies; No Version Info; No Container; No Environment Spec	6
National Alzheimer's Coordinating Center	NACC	Alzheimer's Disease; Frontotemporal Dementia; Lewy Body Dementia; Normal Controls	https://github.com/wll199566/NACC_Dementia_Subtype	wll199566	wll199566	Jupyter Notebook					No Dependencies; No Version Info; No Container; No Environment Spec	6
National Alzheimer's Coordinating Center	NACC	Alzheimer's Disease; Frontotemporal Dementia; Lewy Body Dementia; Normal Controls	https://github.com/danula-rathnayaka/dementia-prediction	danula-rathnayaka	danula-rathnayaka	Jupyter Notebook					No Container; No Environment Spec	8
National Alzheimer's Coordinating Center	NACC	Alzheimer's Disease; Frontotemporal Dementia; Lewy Body Dementia; Normal Controls	https://github.com/0xneobyte/ModelX-Dementia-0xCyberNauts	0xneobyte	0xneobyte; zenith600; Gimhani03; ManujaDemin-dev	Jupyter Notebook					No Version Info; No Container; No Environment Spec	7
National Alzheimer's Coordinating Center	NACC	Alzheimer's Disease; Frontotemporal Dementia; Lewy Body Dementia; Normal Controls	https://github.com/arosharandew/MindScope-Dementia-Risk-Prediction-System	arosharandew	arosharandew	Jupyter Notebook					No Version Info; No Container; No Environment Spec	7
National Alzheimer's Coordinating Center	NACC	Alzheimer's Disease; Frontotemporal Dementia; Lewy Body Dementia; Normal Controls	https://github.com/MrRaveen/Dimensia-Model	MrRaveen	MrRaveen; SanujaRasanajna2007	Jupyter Notebook					No Dependencies; No Version Info; No Container; No Environment Spec	6
Northern Ireland Cohort for Longitudinal Study of Ageing	NICOLA	Aging; Multiple age-related conditions	https://github.com/alexandrezamberlan/tcc_nicolas	alexandrezamberlan	alexandrezamberlan	ASL					No Version Info; No Container; No Environment Spec	7
Northern Ireland Cohort for Longitudinal Study of Ageing	NICOLA	Aging; Multiple age-related conditions	https://github.com/NCBV/PCBS_NicolasBeauvais_project	NCBV	NCBV	Python					No Dependencies; No Version Info; No Container; No Environment Spec	6
Northern Ireland Cohort for Longitudinal Study of Ageing	NICOLA	Aging; Multiple age-related conditions	https://github.com/thoughtpilot99/company-brain-starter	thoughtpilot99	thoughtpilot99	Python					No Dependencies; No Version Info; No Container; No Environment Spec	6
Scottish Medical Imaging Research Dataset	SMI	Multiple conditions including neurodegenerative diseases	https://github.com/rgs212/Meta-analysis-Smith	rgs212	rgs212	R					No Dependencies; No Version Info; No Container; No Environment Spec	6
Scottish Medical Imaging Research Dataset	SMI	Multiple conditions including neurodegenerative diseases	https://github.com/rishi2002/Molecular_activity_prediction_using_smiles	rishi2002	rishi2002	Jupyter Notebook					No Dependencies; No Version Info; No Container; No Environment Spec; No Dependencies; No Version Info; No Container; No Environment Spec	2
Scottish Medical Imaging Research Dataset	SMI	Multiple conditions including neurodegenerative diseases	https://github.com/vzachari/IronSmithQSM	vzachari	vzachari	Shell					No Dependencies; No Version Info; No Container; No Environment Spec; No Dependencies; No Version Info; No Container; No Environment Spec	2
Scottish Medical Imaging Research Dataset	SMI	Multiple conditions including neurodegenerative diseases	https://github.com/MangoWAY/SMIBID_BrainRegistration	MangoWAY	MangoWAY	Python					No Version Info; No Container; No Environment Spec	7
Scottish Medical Imaging Research Dataset	SMI	Multiple conditions including neurodegenerative diseases	https://github.com/zjor/smile-hunter	zjor	zjor	TypeScript					No Version Info; No Container; No Environment Spec	7
Scottish Medical Imaging Research Dataset	SMI	Multiple conditions including neurodegenerative diseases	https://github.com/mbpfws/sentient-brain-smithery	mbpfws	mbpfws	Python					No Version Info; No Environment Spec	8
Scottish Medical Imaging Research Dataset	SMI	Multiple conditions including neurodegenerative diseases	https://github.com/thepok/BrainSmith	thepok	thepok	Python					No Dependencies; No Version Info; No Container; No Environment Spec	6
Scottish Medical Imaging Research Dataset	SMI	Multiple conditions including neurodegenerative diseases	https://github.com/Entropicsky/SmiteGodBrainstorm	Entropicsky	Entropicsky	Python					No Dependencies; No Version Info; No Container; No Environment Spec	6
Scottish Medical Imaging Research Dataset	SMI	Multiple conditions including neurodegenerative diseases	https://github.com/krzylesniewski/brainsSmileGame	krzylesniewski	krzylesniewski	JavaScript					No Version Info; No Container; No Environment Spec	7
Scottish Medical Imaging Research Dataset	SMI	Multiple conditions including neurodegenerative diseases	https://github.com/netnichaa/SmileySound	netnichaa	netnichaa	Dart					No Dependencies; No Version Info; No Container; No Environment Spec	6
Scottish Medical Imaging Research Dataset	SMI	Multiple conditions including neurodegenerative diseases	https://github.com/the-sasi/BrainSmith_backend	the-sasi		Python					No Version Info; No Container; No Environment Spec	7
Scottish Medical Imaging Research Dataset	SMI	Multiple conditions including neurodegenerative diseases	https://github.com/BonaDenyS/smith-brain	BonaDenyS		JavaScript					No Version Info; No Container; No Environment Spec	7
Scottish Medical Imaging Research Dataset	SMI	Multiple conditions including neurodegenerative diseases	https://github.com/Voiki-html/smiley	Voiki-html	Voiki-html						No Dependencies; No Version Info; No Container; No Environment Spec	6
Scottish Medical Imaging Research Dataset	SMI	Multiple conditions including neurodegenerative diseases	https://github.com/stuhelgeson/smidi-system	stuhelgeson	stuhelgeson	C					No Dependencies; No Version Info; No Container; No Environment Spec	6
Scottish Medical Imaging Research Dataset	SMI	Multiple conditions including neurodegenerative diseases	https://github.com/smimrankhan/smimrankhan-AI-Blog-Idea-Brainstormer	smimrankhan	smimrankhan	Python					No Version Info; No Container; No Environment Spec	7
Cambridge Centre for Ageing and Neuroscience (Cam-CAN)	Cam-CAN	Alzheimer's Disease; Dementia; Mild Cognitive Impairment; Healthy Aging; Cognitive Aging	https://github.com/McIntosh-Lab/dFC_Cam-CAN	McIntosh-Lab	neudorf	MATLAB					No Dependencies; No Version Info; No Container; No Environment Spec	6
Cambridge Centre for Ageing and Neuroscience (Cam-CAN)	Cam-CAN	Alzheimer's Disease; Dementia; Mild Cognitive Impairment; Healthy Aging; Cognitive Aging	https://github.com/kojonketia/African-Brain-Data-Science-ABDS-project	kojonketia	kojonketia	Jupyter Notebook					No Dependencies; No Version Info; No Container; No Environment Spec	6
European Prevention of Alzheimer's Dementia Consortium	EPAD	Alzheimer's Disease; dementia; controls	https://github.com/bozdaglab/DyEPAD	bozdaglab	Cagri-Ozdemir; serdarbozdag	Python					No Dependencies; No Version Info; No Container; No Environment Spec	6
Blood-based microRNA Biomarkers GSE46579	GSE46579	Alzheimer's Disease; Normal Controls	https://github.com/cepdnaclk/e15-4yp-Revealing-miRNA-Biomarkers-for-Alzheimer-s-Disease-using-NGS	cepdnaclk	hasiniThilakarathn4; Vidwa; Imalshadinu	Jupyter Notebook					No Dependencies; No Version Info; No Container; No Environment Spec; No Dependencies; No Version Info; No Container; No Environment Spec	2
RNA-seq of Alzheimer's Patients GSE53697	GSE53697	Alzheimer's Disease; Normal Controls	https://github.com/AratrikaB-tech/Alzheimer-Transcriptomics-DGE	AratrikaB-tech	AratrikaB-tech	R					No Dependencies; No Version Info; No Container; No Environment Spec; No Dependencies; No Version Info; No Container; No Environment Spec	2
The Caerphilly Prospective Study	CaPS	Cardiovascular Disease; Dementia; Aging	https://github.com/infomindgithub/Machine-Learning-Engineer-Nanodegree-Capstone-PROJECT-ANALYSIS	infomindgithub	infomindgithub	Jupyter Notebook					No Dependencies; No Version Info; No Container; No Environment Spec	6
The Caerphilly Prospective Study	CaPS	Cardiovascular Disease; Dementia; Aging	https://github.com/tamap94/ds-capstone-alzheimers-	tamap94	ValleSoYeah; tamap94; deneick; leo92ra	Jupyter Notebook					No Version Info; No Container; No Environment Spec	7
The Caerphilly Prospective Study	CaPS	Cardiovascular Disease; Dementia; Aging	https://github.com/MASILab/Capstone_WhiteMatterML	MASILab	ok-tsar	Jupyter Notebook					No Dependencies; No Version Info; No Container; No Environment Spec	6
The Caerphilly Prospective Study	CaPS	Cardiovascular Disease; Dementia; Aging	https://github.com/bstephan-smu/spring-2021-capstone	bstephan-smu	DustinBracy; bstephan-smu; urbandj; 7446Nguyen	HTML					No Version Info; No Container; No Environment Spec	7
The Caerphilly Prospective Study	CaPS	Cardiovascular Disease; Dementia; Aging	https://github.com/denise-remhof/Data-Science-Alzheimers-Capstone	denise-remhof	denise-remhof	Jupyter Notebook					No Dependencies; No Version Info; No Container; No Environment Spec	6
The Caerphilly Prospective Study	CaPS	Cardiovascular Disease; Dementia; Aging	https://github.com/mrinal18/Alzheimer-Prediction-CapsNets	mrinal18	mrinal18	Python					No Dependencies; No Version Info; No Container; No Environment Spec	6
The Caerphilly Prospective Study	CaPS	Cardiovascular Disease; Dementia; Aging	https://github.com/jvgalvin/capstone	jvgalvin	landmund; jvgalvin; paul590; iamick	Jupyter Notebook					No Version Info; No Environment Spec	8
The Caerphilly Prospective Study	CaPS	Cardiovascular Disease; Dementia; Aging	https://github.com/jaddasony10/CAPSTONE-FaceAid-AI-Based-Facial-Recognition-Support-System-For-Alzheimer-Memory-Loss-Patients	jaddasony10	jaddasony10	EJS					No Version Info; No Container; No Environment Spec	7
The Caerphilly Prospective Study	CaPS	Cardiovascular Disease; Dementia; Aging	https://github.com/infomindgithub/Machine-Learning-Engineer-Nanodegree-Capstone-PROJECT-PROPOSAL	infomindgithub	infomindgithub	HTML					No Dependencies; No Version Info; No Container; No Environment Spec	6
The Caerphilly Prospective Study	CaPS	Cardiovascular Disease; Dementia; Aging	https://github.com/MarkUchendu/Alzheimer_Capstone	MarkUchendu	MarkUchendu	Jupyter Notebook					No Dependencies; No Version Info; No Container; No Environment Spec	6
The Caerphilly Prospective Study	CaPS	Cardiovascular Disease; Dementia; Aging	https://github.com/rohanchidrewar05/smart_cap	rohanchidrewar05	rohanchidrewar05	Jupyter Notebook					No Dependencies; No Version Info; No Container; No Environment Spec	6
The Caerphilly Prospective Study	CaPS	Cardiovascular Disease; Dementia; Aging	https://github.com/ClaeymanDamien/Alzheimer-Center-Manager	ClaeymanDamien	ClaeymanDamien	PHP					No Dependencies; No Version Info; No Container; No Environment Spec	6
The Caerphilly Prospective Study	CaPS	Cardiovascular Disease; Dementia; Aging	https://github.com/AkileshD/capstone-project	AkileshD	AkileshD; dhanushkumar-karuppasamy	Python					No Version Info; No Container; No Environment Spec	7
The Caerphilly Prospective Study	CaPS	Cardiovascular Disease; Dementia; Aging	https://github.com/adrianadu/capstone_Alzheimer	adrianadu	adrianadu	Jupyter Notebook					No Dependencies; No Version Info; No Container; No Environment Spec	6
The Caerphilly Prospective Study	CaPS	Cardiovascular Disease; Dementia; Aging	https://github.com/Kur1su0/Efficient-CapsNet-for-Alzheimer-Disease-Classification	Kur1su0	Kur1su0						No Dependencies; No Version Info; No Container; No Environment Spec	6
The Caerphilly Prospective Study	CaPS	Cardiovascular Disease; Dementia; Aging	https://github.com/Hemant-Sachdev/Capstone_project_Alzheimers	Hemant-Sachdev	Hemant-Sachdev	Python					No Version Info; No Container; No Environment Spec	7
The Caerphilly Prospective Study	CaPS	Cardiovascular Disease; Dementia; Aging	https://github.com/pcsingh812/Alzheimer_Diagnosis_Capstone	pcsingh812	pcsingh812; yeskaycodes	Jupyter Notebook					No Version Info; No Container; No Environment Spec	7
The Caerphilly Prospective Study	CaPS	Cardiovascular Disease; Dementia; Aging	https://github.com/nazirxz/capstone-project-alzheimer	nazirxz	nazirxz; gmichaelll; nicolaswonoadi	Kotlin					No Version Info; No Container; No Environment Spec	7
The Caerphilly Prospective Study	CaPS	Cardiovascular Disease; Dementia; Aging	https://github.com/sandrayu49/Berkeley_AI_Capstone_Alzheimer	sandrayu49	sandrayu49	Jupyter Notebook					No Dependencies; No Version Info; No Container; No Environment Spec	6
The Caerphilly Prospective Study	CaPS	Cardiovascular Disease; Dementia; Aging	https://github.com/aryanm5/cosmos-capstone	aryanm5	aryanm5; johnivanov04	HTML					No Dependencies; No Version Info; No Container; No Environment Spec	6
The Caerphilly Prospective Study	CaPS	Cardiovascular Disease; Dementia; Aging	https://github.com/mmimet/GBC-capstone-Alzheimer-Brain-Tumor	mmimet	mmimet	Jupyter Notebook					No Dependencies; No Version Info; No Container; No Environment Spec	6
The Caerphilly Prospective Study	CaPS	Cardiovascular Disease; Dementia; Aging	https://github.com/adrianadu/Capstone_project2025	adrianadu	adrianadu	Jupyter Notebook					No Dependencies; No Version Info; No Container; No Environment Spec	6
The Caerphilly Prospective Study	CaPS	Cardiovascular Disease; Dementia; Aging	https://github.com/kristinslevine/Capstone-Group4-Kristin-Levine	kristinslevine	kristinslevine	Jupyter Notebook					No Dependencies; No Version Info; No Container; No Environment Spec	6
The Caerphilly Prospective Study	CaPS	Cardiovascular Disease; Dementia; Aging	https://github.com/kavlabs/capsule-network-for-the-classification-of-mri-images-into-alzheimer-s-and-parkinson-s	kavlabs	kavlabs	Python					No Dependencies; No Version Info; No Container; No Environment Spec	6
The Caerphilly Prospective Study	CaPS	Cardiovascular Disease; Dementia; Aging	https://github.com/liliu-data/mlzoomcamp_capstone2	liliu-data	liliu-data	Python					No Dependencies; No Version Info; No Environment Spec	7
The Caerphilly Prospective Study	CaPS	Cardiovascular Disease; Dementia; Aging	https://github.com/Achaltheplant/Capstone-Project	Achaltheplant	Achaltheplant; ashokvenki	Jupyter Notebook					No Version Info; No Container; No Environment Spec	7
The Caerphilly Prospective Study	CaPS	Cardiovascular Disease; Dementia; Aging	https://github.com/grahamheather/CS4970W-Capstone	grahamheather	MasonFlint44; grahamheather; meyerben	Python					No Version Info; No Container; No Environment Spec	7
The Caerphilly Prospective Study	CaPS	Cardiovascular Disease; Dementia; Aging	https://github.com/cafesmire/capstone_parkinsons	cafesmire	cafesmire	Jupyter Notebook					No Dependencies; No Version Info; No Container; No Environment Spec	6
The Caerphilly Prospective Study	CaPS	Cardiovascular Disease; Dementia; Aging	https://github.com/vallakkivasisht/parkinsons_capstone	vallakkivasisht	vallakkivasisht	Python					No Dependencies; No Version Info; No Container; No Environment Spec	6
The Caerphilly Prospective Study	CaPS	Cardiovascular Disease; Dementia; Aging	https://github.com/deands1073/Parkinson-s-Capstone	deands1073	deands1073						No Dependencies; No Version Info; No Container; No Environment Spec	6
The Caerphilly Prospective Study	CaPS	Cardiovascular Disease; Dementia; Aging	https://github.com/NancyYan21/capstone_project_NY	NancyYan21	NancyYan21	Jupyter Notebook					No Dependencies; No Version Info; No Container; No Environment Spec	6
The Caerphilly Prospective Study	CaPS	Cardiovascular Disease; Dementia; Aging	https://github.com/Doren1/MBE-Capstone-Project	Doren1	Doren1; doha-kim01	C#					No Dependencies; No Version Info; No Container; No Environment Spec	6
The Caerphilly Prospective Study	CaPS	Cardiovascular Disease; Dementia; Aging	https://github.com/jayant1818/Capstone-Project-Group-91--Designing-an-appsuite-for-early-detection-of-Parkinson-s-disease	jayant1818	jayant1818	Jupyter Notebook					No Dependencies; No Version Info; No Container; No Environment Spec	6
The Caerphilly Prospective Study	CaPS	Cardiovascular Disease; Dementia; Aging	https://github.com/RameesaNasrin/Capstone-Project_-Prediction-of-Unified-Parkinson-s-Disease-Rating-Scale-UPDRS-with-voice-measures-	RameesaNasrin	RameesaNasrin	Jupyter Notebook					No Dependencies; No Version Info; No Container; No Environment Spec	6
The Caerphilly Prospective Study	CaPS	Cardiovascular Disease; Dementia; Aging	https://github.com/Alyssa-286/PDCompanion	Alyssa-286	Alyssa-286; Ankit-iyk	JavaScript					No Dependencies; No Version Info; No Container; No Environment Spec	6
The Caerphilly Prospective Study	CaPS	Cardiovascular Disease; Dementia; Aging	https://github.com/ds5500/OHDSI-dementia-capstone	ds5500	edwardjwong08; Ehsanhaghian; karthikvarunn	Python					No Dependencies; No Version Info; No Container	7
The Caerphilly Prospective Study	CaPS	Cardiovascular Disease; Dementia; Aging	https://github.com/royc0003/PEAR-NTU-Capstone-Project	royc0003	royc0003						No Dependencies; No Version Info; No Container; No Environment Spec	6
The Caerphilly Prospective Study	CaPS	Cardiovascular Disease; Dementia; Aging	https://github.com/ForeverKuku/CapstoneProjectDementiaCareApp	ForeverKuku	Faithswen; ForeverKuku; Kellen-ira	JavaScript					No README; No Version Info; No Container; No Environment Spec	6
The Caerphilly Prospective Study	CaPS	Cardiovascular Disease; Dementia; Aging	https://github.com/michelpf/mldn-capstone-dementia-prediction	michelpf	michelpf	Jupyter Notebook					No Dependencies; No Version Info; No Container; No Environment Spec	6
The Caerphilly Prospective Study	CaPS	Cardiovascular Disease; Dementia; Aging	https://github.com/Doc3ric/Capstone_Iot_Wearable_for_dementia	Doc3ric	Doc3ric; jamaicadumatal12	Java					No Dependencies; No Version Info; No Container; No Environment Spec	6
The Caerphilly Prospective Study	CaPS	Cardiovascular Disease; Dementia; Aging	https://github.com/cerebralabs-qk/CEREBRA-DX-Capstone	cerebralabs-qk	cerebralabs-qk						No Dependencies; No Version Info; No Container; No Environment Spec	6
The Caerphilly Prospective Study	CaPS	Cardiovascular Disease; Dementia; Aging	https://github.com/tgrey2024/capstone	tgrey2024	tgrey2024	JavaScript					No Container; No Environment Spec	8
The Caerphilly Prospective Study	CaPS	Cardiovascular Disease; Dementia; Aging	https://github.com/pranav-kapoor24/Memory-Capsule-	pranav-kapoor24		Python					No README; No Version Info; No Container; No Environment Spec	6
The Caerphilly Prospective Study	CaPS	Cardiovascular Disease; Dementia; Aging	https://github.com/CarlosC27/Aegeliss-Capstone-Project	CarlosC27	CarlosC27						No Dependencies; No Version Info; No Container; No Environment Spec	6
The Caerphilly Prospective Study	CaPS	Cardiovascular Disease; Dementia; Aging	https://github.com/danderfer/Comp_Sci_Sem_2	danderfer	danderfer	Python					No Dependencies; No Version Info; No Container; No Environment Spec; No Dependencies; No Version Info; No Container; No Environment Spec	2
The Caerphilly Prospective Study	CaPS	Cardiovascular Disease; Dementia; Aging	https://github.com/CAPRDZV/Capsulepaper	CAPRDZV	cymqqqq						No Dependencies; No Version Info; No Container; No Environment Spec	6
The Caerphilly Prospective Study	CaPS	Cardiovascular Disease; Dementia; Aging	https://github.com/tonykim07/fNIRS	tonykim07	tonykim07; Bellahuang3715; wuingrid; kev-liuht	C					No Dependencies; No Version Info; No Container; No Environment Spec	6
The Caerphilly Prospective Study	CaPS	Cardiovascular Disease; Dementia; Aging	https://github.com/PrasoonPratham/brainrot-lang	PrasoonPratham	PrasoonPratham	C++					No Dependencies; No Version Info; No Container; No Environment Spec	6
The Caerphilly Prospective Study	CaPS	Cardiovascular Disease; Dementia; Aging	https://github.com/changspencer/Tumor-CapsNet	changspencer	changspencer; CameronFredrickson; jakep11	Jupyter Notebook					No Dependencies; No Version Info; No Container; No Environment Spec	6
The Caerphilly Prospective Study	CaPS	Cardiovascular Disease; Dementia; Aging	https://github.com/ericabusch/tphate_analysis_capsule	ericabusch	ericabusch	Jupyter Notebook					No Dependencies; No Version Info; No Container	7
The Caerphilly Prospective Study	CaPS	Cardiovascular Disease; Dementia; Aging	https://github.com/SSShawnJ/Capstone-Brainwave_Controller	SSShawnJ	SSShawnJ; JieJeanL; LAwRenCEKK	Python					No Dependencies; No Version Info; No Container; No Environment Spec	6
The Caerphilly Prospective Study	CaPS	Cardiovascular Disease; Dementia; Aging	https://github.com/PeZeqo/capstone_pokemon_bci	PeZeqo	PeZeqo; salzaabi; zeleznikm1	Jupyter Notebook					No Version Info; No Container; No Environment Spec	7
The Caerphilly Prospective Study	CaPS	Cardiovascular Disease; Dementia; Aging	https://github.com/salsbeas/BrainStationCapstone	salsbeas	salsbeas	Jupyter Notebook					No Dependencies; No Version Info; No Container; No Environment Spec	6
The Caerphilly Prospective Study	CaPS	Cardiovascular Disease; Dementia; Aging	https://github.com/AryaPatel1111/Brain-Tumor-CapsNet	AryaPatel1111	AryaPatel1111	Jupyter Notebook					No Dependencies; No Version Info; No Container; No Environment Spec	6
The Caerphilly Prospective Study	CaPS	Cardiovascular Disease; Dementia; Aging	https://github.com/thingkilia2507/Brain_BangkitCapstoneProject	thingkilia2507	thingkilia2507; philipalexander01; celine-setyawan; millerama17; jefriismail; nandosultan258	Jupyter Notebook					No Dependencies; No Version Info; No Container; No Environment Spec	6
The Caerphilly Prospective Study	CaPS	Cardiovascular Disease; Dementia; Aging	https://github.com/kanchitank/AWS-MLE-Nanodegree-Capstone	kanchitank	kanchitank	HTML					No Dependencies; No Version Info; No Container; No Environment Spec	6
The Caerphilly Prospective Study	CaPS	Cardiovascular Disease; Dementia; Aging	https://github.com/alperensert/capsolver_python	alperensert	alperensert; laika-cosmonaut	Python					No Version Info; No Container; No Environment Spec	7
The Caerphilly Prospective Study	CaPS	Cardiovascular Disease; Dementia; Aging	https://github.com/EddieAmaitum/BrainStation_capstone_project	EddieAmaitum	EddieAmaitum	Jupyter Notebook					No Dependencies; No Version Info; No Container	7
The Caerphilly Prospective Study	CaPS	Cardiovascular Disease; Dementia; Aging	https://github.com/lighthousemacro/MacroAndMarkets-BrainStationCapstone	lighthousemacro	lighthousemacro	Jupyter Notebook					No Dependencies; No Version Info; No Container; No Environment Spec	6
The Caerphilly Prospective Study	CaPS	Cardiovascular Disease; Dementia; Aging	https://github.com/zairdon20/Last-capstone	zairdon20	zairdon20	CSS					No Version Info; No Container; No Environment Spec	7
The Caerphilly Prospective Study	CaPS	Cardiovascular Disease; Dementia; Aging	https://github.com/matthewjung04/brainstation-capstone	matthewjung04	matthewjung04; dependabot[bot]	JavaScript					No Version Info; No Container; No Environment Spec	7
The Caerphilly Prospective Study	CaPS	Cardiovascular Disease; Dementia; Aging	https://github.com/NacMed94/Capstone-project-Brainstation	NacMed94	NacMed94	Jupyter Notebook					No Dependencies; No Version Info; No Container; No Environment Spec	6
The Caerphilly Prospective Study	CaPS	Cardiovascular Disease; Dementia; Aging	https://github.com/matthewjung04/brainstation-capstone-backend	matthewjung04	matthewjung04	JavaScript					No Version Info; No Container; No Environment Spec	7
The Caerphilly Prospective Study	CaPS	Cardiovascular Disease; Dementia; Aging	https://github.com/griegner/capstone-mvp	griegner	griegner	Jupyter Notebook					No Dependencies; No Version Info; No Container; No Environment Spec	6
The Caerphilly Prospective Study	CaPS	Cardiovascular Disease; Dementia; Aging	https://github.com/alexmihalache/Football-Analytics-Capstone---BrainStation-Final-Project	alexmihalache	alexmihalache	Jupyter Notebook					No Version Info; No Container; No Environment Spec	7
The Caerphilly Prospective Study	CaPS	Cardiovascular Disease; Dementia; Aging	https://github.com/aylesse/Drug_Target_Discovery_Capstone	aylesse	aylesse	Jupyter Notebook					No Dependencies; No Version Info; No Container; No Environment Spec	6
The Caerphilly Prospective Study	CaPS	Cardiovascular Disease; Dementia; Aging	https://github.com/liaojdl/Unimelb_2019_Capstone_A_virtual_reality_based_brain_machine_interface_development	liaojdl	liaojdl	MATLAB					No Dependencies; No Version Info; No Container; No Environment Spec	6
The Caerphilly Prospective Study	CaPS	Cardiovascular Disease; Dementia; Aging	https://github.com/aduk4u/Multi-Lane-Atrous-Feature-Fusion-Capsule-Network-with-CLAHE	aduk4u	aduk4u	Python					No Dependencies; No Version Info; No Container; No Environment Spec	6
The Caerphilly Prospective Study	CaPS	Cardiovascular Disease; Dementia; Aging	https://github.com/Hadrien-Cornier/Maxtrix_Capsules_with_EM_routing	Hadrien-Cornier	Hadrien-Cornier						No Dependencies; No Version Info; No Container; No Environment Spec	6
The Caerphilly Prospective Study	CaPS	Cardiovascular Disease; Dementia; Aging	https://github.com/AdeebaRafi/EEG_Classification_BCI	AdeebaRafi	AdeebaRafi	Jupyter Notebook					No Dependencies; No Version Info; No Container; No Environment Spec	6
The English Longitudinal Study of Ageing	ELSA	Aging; Dementia; Multiple age-related conditions	https://github.com/sahmadiabhari/dementia_trends_ELSA	sahmadiabhari	sahmadiabhari	Stata					No Dependencies; No Version Info; No Container; No Environment Spec	6
The English Longitudinal Study of Ageing	ELSA	Aging; Dementia; Multiple age-related conditions	https://github.com/jgong94/ELSA_proteomics_dementia	jgong94	jgong94	R					No Dependencies; No Version Info; No Container; No Environment Spec	6
The English Longitudinal Study of Ageing	ELSA	Aging; Dementia; Multiple age-related conditions	https://github.com/Criszhou107/Sensory-impariment-frailty-dementia	Criszhou107	Criszhou107						No Dependencies; No Version Info; No Container; No Environment Spec	6
The English Longitudinal Study of Ageing	ELSA	Aging; Dementia; Multiple age-related conditions	https://github.com/johanms/elsa	johanms	johanms	JavaScript					No Version Info; No Container; No Environment Spec	7
The Seattle Alzheimer's Disease Brain Cell Atlas (SEA-AD) Study	SEA-AD	Alzheimer's Disease; Mild Cognitive Impairment; Normal aging controls	https://github.com/Collinformatics/SEA-AD	Collinformatics		Python					No Dependencies; No Version Info; No Container; No Environment Spec	6
The Seattle Alzheimer's Disease Brain Cell Atlas (SEA-AD) Study	SEA-AD	Alzheimer's Disease; Mild Cognitive Impairment; Normal aging controls	https://github.com/OpenBioResearch/brain-cell-atlas-s3	OpenBioResearch	OpenBioResearch; ggorlen	Python					No Version Info; No Container; No Environment Spec	7
The Seattle Alzheimer's Disease Brain Cell Atlas (SEA-AD) Study	SEA-AD	Alzheimer's Disease; Mild Cognitive Impairment; Normal aging controls	https://github.com/thomas-digregorio/Brain_Transcriptomic_GNN	thomas-digregorio	thomas-digregorio	Jupyter Notebook					No Dependencies; No Version Info; No Container	7
The Seattle Alzheimer's Disease Brain Cell Atlas (SEA-AD) Study	SEA-AD	Alzheimer's Disease; Mild Cognitive Impairment; Normal aging controls	https://github.com/rcalinjageman/Exploring-Disease-States-with-the-SEA-AD-project	rcalinjageman	rcalinjageman	TeX					No Dependencies; No Version Info; No Container; No Environment Spec	6
The Seattle Alzheimer's Disease Brain Cell Atlas (SEA-AD) Study	SEA-AD	Alzheimer's Disease; Mild Cognitive Impairment; Normal aging controls	https://github.com/Ehtelpena33/Real-Google-Adword-Search-Advertising-Advanced-Mock-Test-Braindumps-2019-	Ehtelpena33	Ehtelpena33						No Dependencies; No Version Info; No Container; No Environment Spec	6
Whitehall II Study	Whitehall-II	Cognitive Decline; Dementia; Cardiovascular Disease; Aging	https://github.com/dariajensen/DietWHRConnectivity	dariajensen	dariajensen	R					No Dependencies; No Version Info; No Container; No Environment Spec	6
