model_name	version	mention_type	url	context_from_paper	source_url
					https://www.ncbi.nlm.nih.gov/pmc/articles/PMC12916521/
					https://www.ncbi.nlm.nih.gov/pmc/articles/PMC12766863/
					https://www.ncbi.nlm.nih.gov/pmc/articles/PMC11957029/
					https://www.ncbi.nlm.nih.gov/pmc/articles/PMC12741591/
					https://www.ncbi.nlm.nih.gov/pmc/articles/PMC12126059/
					https://www.ncbi.nlm.nih.gov/pmc/articles/PMC12335828/
					https://www.ncbi.nlm.nih.gov/pmc/articles/PMC10496415/
					https://www.ncbi.nlm.nih.gov/pmc/articles/PMC13431782/
					https://www.ncbi.nlm.nih.gov/pmc/articles/PMC11694524/
					https://www.ncbi.nlm.nih.gov/pmc/articles/PMC13233740/
					https://www.ncbi.nlm.nih.gov/pmc/articles/PMC11415266/
					https://www.ncbi.nlm.nih.gov/pmc/articles/PMC13345636/
					https://www.ncbi.nlm.nih.gov/pmc/articles/PMC10884988/
					https://www.ncbi.nlm.nih.gov/pmc/articles/PMC13393608/
					https://www.ncbi.nlm.nih.gov/pmc/articles/PMC12701365/
multi-ancestry AD PRS		created	https://github.com/nkurniansyah/Alzheimer_PRS	Scripts used to perform analyses described in the paper and code to construct multi-ancestry AD PRS are available in the GitHub repository (https://github.com/nkurniansyah/Alzheimer_PRS)	https://www.ncbi.nlm.nih.gov/pmc/articles/PMC12486013/
					https://www.ncbi.nlm.nih.gov/pmc/articles/PMC10350161/
					https://www.ncbi.nlm.nih.gov/pmc/articles/PMC12468295/
					https://www.ncbi.nlm.nih.gov/pmc/articles/PMC12131157/
					https://www.ncbi.nlm.nih.gov/pmc/articles/PMC12788920/
					https://www.ncbi.nlm.nih.gov/pmc/articles/PMC12739615/
					https://www.ncbi.nlm.nih.gov/pmc/articles/PMC13437118/
					https://www.ncbi.nlm.nih.gov/pmc/articles/PMC12725220/
					https://www.ncbi.nlm.nih.gov/pmc/articles/PMC11971496/
					https://www.ncbi.nlm.nih.gov/pmc/articles/PMC13064742/
					https://www.ncbi.nlm.nih.gov/pmc/articles/PMC11065001/
					https://www.ncbi.nlm.nih.gov/pmc/articles/PMC12633133/
					https://www.ncbi.nlm.nih.gov/pmc/articles/PMC13402690/
					https://www.ncbi.nlm.nih.gov/pmc/articles/PMC13285181/
					https://www.ncbi.nlm.nih.gov/pmc/articles/PMC12507538/
					https://www.ncbi.nlm.nih.gov/pmc/articles/PMC10113935/
					https://www.ncbi.nlm.nih.gov/pmc/articles/PMC10985553/
					https://www.ncbi.nlm.nih.gov/pmc/articles/PMC13395894/
					https://www.ncbi.nlm.nih.gov/pmc/articles/PMC10841341/
					https://www.ncbi.nlm.nih.gov/pmc/articles/PMC11802639/
					https://www.ncbi.nlm.nih.gov/pmc/articles/PMC12732103/
					https://www.ncbi.nlm.nih.gov/pmc/articles/PMC13320855/
					https://www.ncbi.nlm.nih.gov/pmc/articles/PMC13359833/
					https://www.ncbi.nlm.nih.gov/pmc/articles/PMC13343322/
					https://www.ncbi.nlm.nih.gov/pmc/articles/PMC11780320/
					https://www.ncbi.nlm.nih.gov/pmc/articles/PMC11512049/
					https://www.ncbi.nlm.nih.gov/pmc/articles/PMC13054827/
					https://www.ncbi.nlm.nih.gov/pmc/articles/PMC13064071/
					https://www.ncbi.nlm.nih.gov/pmc/articles/PMC13346179/
					https://www.ncbi.nlm.nih.gov/pmc/articles/PMC12661535/
					https://www.ncbi.nlm.nih.gov/pmc/articles/PMC13322790/
					https://www.ncbi.nlm.nih.gov/pmc/articles/PMC12057860/
					https://www.ncbi.nlm.nih.gov/pmc/articles/PMC13205004/
					https://www.ncbi.nlm.nih.gov/pmc/articles/PMC13254819/
					https://www.ncbi.nlm.nih.gov/pmc/articles/PMC12589304/
					https://www.ncbi.nlm.nih.gov/pmc/articles/PMC13433631/
					https://www.ncbi.nlm.nih.gov/pmc/articles/PMC11350018/
					https://www.ncbi.nlm.nih.gov/pmc/articles/PMC11954983/
					https://www.ncbi.nlm.nih.gov/pmc/articles/PMC12500258/
					https://www.ncbi.nlm.nih.gov/pmc/articles/PMC11302603/
					https://www.ncbi.nlm.nih.gov/pmc/articles/PMC11765370/
					https://www.ncbi.nlm.nih.gov/pmc/articles/PMC13321689/
					https://www.ncbi.nlm.nih.gov/pmc/articles/PMC12125081/
					https://www.ncbi.nlm.nih.gov/pmc/articles/PMC11567871/
					https://www.ncbi.nlm.nih.gov/pmc/articles/PMC4482314/
					https://www.ncbi.nlm.nih.gov/pmc/articles/PMC12967478/
					https://www.ncbi.nlm.nih.gov/pmc/articles/PMC12263273/
					https://www.ncbi.nlm.nih.gov/pmc/articles/PMC12722584/
					https://www.ncbi.nlm.nih.gov/pmc/articles/PMC13269326/
					https://www.ncbi.nlm.nih.gov/pmc/articles/PMC12361691/
					https://www.ncbi.nlm.nih.gov/pmc/articles/PMC12455363/
					https://www.ncbi.nlm.nih.gov/pmc/articles/PMC11667519/
					https://www.ncbi.nlm.nih.gov/pmc/articles/PMC12205603/
					https://www.ncbi.nlm.nih.gov/pmc/articles/PMC12233549/
					https://www.ncbi.nlm.nih.gov/pmc/articles/PMC12204281/
					https://www.ncbi.nlm.nih.gov/pmc/articles/PMC13243208/
					https://www.ncbi.nlm.nih.gov/pmc/articles/PMC11709467/
					https://www.ncbi.nlm.nih.gov/pmc/articles/PMC12909066/
					https://www.ncbi.nlm.nih.gov/pmc/articles/PMC13387714/
					https://www.ncbi.nlm.nih.gov/pmc/articles/PMC11601746/
					https://www.ncbi.nlm.nih.gov/pmc/articles/PMC12687933/
					https://www.ncbi.nlm.nih.gov/pmc/articles/PMC11006164/
					https://www.ncbi.nlm.nih.gov/pmc/articles/PMC10680935/
					https://www.ncbi.nlm.nih.gov/pmc/articles/PMC11225196/
					https://www.ncbi.nlm.nih.gov/pmc/articles/PMC13331746/
					https://www.ncbi.nlm.nih.gov/pmc/articles/PMC11195046/
					https://www.ncbi.nlm.nih.gov/pmc/articles/PMC13429304/
					https://www.ncbi.nlm.nih.gov/pmc/articles/PMC12725047/
					https://www.ncbi.nlm.nih.gov/pmc/articles/PMC13325197/
					https://www.ncbi.nlm.nih.gov/pmc/articles/PMC12779345/
					https://www.ncbi.nlm.nih.gov/pmc/articles/PMC13102664/
					https://www.ncbi.nlm.nih.gov/pmc/articles/PMC10888909/
					https://www.ncbi.nlm.nih.gov/pmc/articles/PMC11401759/
					https://www.ncbi.nlm.nih.gov/pmc/articles/PMC11091720/
					https://www.ncbi.nlm.nih.gov/pmc/articles/PMC12637545/
					https://www.ncbi.nlm.nih.gov/pmc/articles/PMC12344583/
					https://www.ncbi.nlm.nih.gov/pmc/articles/PMC13041997/
					https://www.ncbi.nlm.nih.gov/pmc/articles/PMC12343331/
					https://www.ncbi.nlm.nih.gov/pmc/articles/PMC12741049/
					https://www.ncbi.nlm.nih.gov/pmc/articles/PMC12740175/
					https://www.ncbi.nlm.nih.gov/pmc/articles/PMC12857810/
					https://www.ncbi.nlm.nih.gov/pmc/articles/PMC11142072/
					https://www.ncbi.nlm.nih.gov/pmc/articles/PMC12738026/
					https://www.ncbi.nlm.nih.gov/pmc/articles/PMC13438179/
					https://www.ncbi.nlm.nih.gov/pmc/articles/PMC12484444/
					https://www.ncbi.nlm.nih.gov/pmc/articles/PMC13039543/
					https://www.ncbi.nlm.nih.gov/pmc/articles/PMC13309851/
					https://www.ncbi.nlm.nih.gov/pmc/articles/PMC13283907/
					https://www.ncbi.nlm.nih.gov/pmc/articles/PMC10877673/
					https://www.ncbi.nlm.nih.gov/pmc/articles/PMC13130329/
					https://www.ncbi.nlm.nih.gov/pmc/articles/PMC11838922/
					https://www.ncbi.nlm.nih.gov/pmc/articles/PMC12133910/
					https://www.ncbi.nlm.nih.gov/pmc/articles/PMC12725790/
					https://www.ncbi.nlm.nih.gov/pmc/articles/PMC13200471/
					https://www.ncbi.nlm.nih.gov/pmc/articles/PMC13088681/
					https://www.ncbi.nlm.nih.gov/pmc/articles/PMC13153421/
					https://www.ncbi.nlm.nih.gov/pmc/articles/PMC12090064/
					https://www.ncbi.nlm.nih.gov/pmc/articles/PMC12580907/
					https://www.ncbi.nlm.nih.gov/pmc/articles/PMC13131734/
					https://www.ncbi.nlm.nih.gov/pmc/articles/PMC11199580/
					https://www.ncbi.nlm.nih.gov/pmc/articles/PMC12204338/
					https://www.ncbi.nlm.nih.gov/pmc/articles/PMC12634119/
					https://www.ncbi.nlm.nih.gov/pmc/articles/PMC13036010/
					https://www.ncbi.nlm.nih.gov/pmc/articles/PMC11839231/
					https://www.ncbi.nlm.nih.gov/pmc/articles/PMC13228655/
					https://www.ncbi.nlm.nih.gov/pmc/articles/PMC11831731/
					https://www.ncbi.nlm.nih.gov/pmc/articles/PMC12787310/
					https://www.ncbi.nlm.nih.gov/pmc/articles/PMC12026817/
					https://www.ncbi.nlm.nih.gov/pmc/articles/PMC11108782/
					https://www.ncbi.nlm.nih.gov/pmc/articles/PMC12740335/
					https://www.ncbi.nlm.nih.gov/pmc/articles/PMC11266220/
					https://www.ncbi.nlm.nih.gov/pmc/articles/PMC12739245/
					https://www.ncbi.nlm.nih.gov/pmc/articles/PMC11300440/
					https://www.ncbi.nlm.nih.gov/pmc/articles/PMC13060398/
					https://www.ncbi.nlm.nih.gov/pmc/articles/PMC7175940/
					https://www.ncbi.nlm.nih.gov/pmc/articles/PMC11179421/
					https://www.ncbi.nlm.nih.gov/pmc/articles/PMC11826349/
					https://www.ncbi.nlm.nih.gov/pmc/articles/PMC12368846/
					https://www.ncbi.nlm.nih.gov/pmc/articles/PMC10854272/
					https://www.ncbi.nlm.nih.gov/pmc/articles/PMC11452344/
					https://www.ncbi.nlm.nih.gov/pmc/articles/PMC11275847/
					https://www.ncbi.nlm.nih.gov/pmc/articles/PMC10723322/
					https://www.ncbi.nlm.nih.gov/pmc/articles/PMC13174398/
					https://www.ncbi.nlm.nih.gov/pmc/articles/PMC12859249/
					https://www.ncbi.nlm.nih.gov/pmc/articles/PMC13323011/
					https://www.ncbi.nlm.nih.gov/pmc/articles/PMC13352412/
					https://www.ncbi.nlm.nih.gov/pmc/articles/PMC13444374/
					https://www.ncbi.nlm.nih.gov/pmc/articles/PMC13250638/
					https://www.ncbi.nlm.nih.gov/pmc/articles/PMC11715095/
					https://www.ncbi.nlm.nih.gov/pmc/articles/PMC11285649/
					https://www.ncbi.nlm.nih.gov/pmc/articles/PMC10500750/
					https://www.ncbi.nlm.nih.gov/pmc/articles/PMC12725441/
					https://www.ncbi.nlm.nih.gov/pmc/articles/PMC11470232/
					https://www.ncbi.nlm.nih.gov/pmc/articles/PMC12235535/
					https://www.ncbi.nlm.nih.gov/pmc/articles/PMC10580156/
					https://www.ncbi.nlm.nih.gov/pmc/articles/PMC13262459/
					https://www.ncbi.nlm.nih.gov/pmc/articles/PMC11237775/
					https://www.ncbi.nlm.nih.gov/pmc/articles/PMC13370474/
					https://www.ncbi.nlm.nih.gov/pmc/articles/PMC12742867/
					https://www.ncbi.nlm.nih.gov/pmc/articles/PMC13345015/
					https://www.ncbi.nlm.nih.gov/pmc/articles/PMC13231753/
					https://www.ncbi.nlm.nih.gov/pmc/articles/PMC11734525/
					https://www.ncbi.nlm.nih.gov/pmc/articles/PMC12726869/
					https://www.ncbi.nlm.nih.gov/pmc/articles/PMC13420409/
					https://www.ncbi.nlm.nih.gov/pmc/articles/PMC13232038/
					https://www.ncbi.nlm.nih.gov/pmc/articles/PMC11833753/
					https://www.ncbi.nlm.nih.gov/pmc/articles/PMC12855881/
					https://www.ncbi.nlm.nih.gov/pmc/articles/PMC13340468/
					https://www.ncbi.nlm.nih.gov/pmc/articles/PMC13448560/
					https://www.ncbi.nlm.nih.gov/pmc/articles/PMC11699654/
					https://www.ncbi.nlm.nih.gov/pmc/articles/PMC13196839/
					https://www.ncbi.nlm.nih.gov/pmc/articles/PMC13452662/
					https://www.ncbi.nlm.nih.gov/pmc/articles/PMC13445788/
					https://www.ncbi.nlm.nih.gov/pmc/articles/PMC12018902/
					https://www.ncbi.nlm.nih.gov/pmc/articles/PMC10521301/
					https://www.ncbi.nlm.nih.gov/pmc/articles/PMC11715103/
					https://www.ncbi.nlm.nih.gov/pmc/articles/PMC11980231/
					https://www.ncbi.nlm.nih.gov/pmc/articles/PMC10879283/
					https://www.ncbi.nlm.nih.gov/pmc/articles/PMC10543321/
					https://www.ncbi.nlm.nih.gov/pmc/articles/PMC12994854/
					https://www.ncbi.nlm.nih.gov/pmc/articles/PMC10527497/
					https://www.ncbi.nlm.nih.gov/pmc/articles/PMC12054513/
					https://www.ncbi.nlm.nih.gov/pmc/articles/PMC13370575/
					https://www.ncbi.nlm.nih.gov/pmc/articles/PMC12761828/
					https://www.ncbi.nlm.nih.gov/pmc/articles/PMC13419625/
					https://www.ncbi.nlm.nih.gov/pmc/articles/PMC12155013/
					https://www.ncbi.nlm.nih.gov/pmc/articles/PMC12501624/
					https://www.ncbi.nlm.nih.gov/pmc/articles/PMC13158143/
					https://www.ncbi.nlm.nih.gov/pmc/articles/PMC10925353/
					https://www.ncbi.nlm.nih.gov/pmc/articles/PMC12847414/
					https://www.ncbi.nlm.nih.gov/pmc/articles/PMC13232448/
					https://www.ncbi.nlm.nih.gov/pmc/articles/PMC12139797/
					https://www.ncbi.nlm.nih.gov/pmc/articles/PMC11385320/
					https://www.ncbi.nlm.nih.gov/pmc/articles/PMC10507039/
					https://www.ncbi.nlm.nih.gov/pmc/articles/PMC11253830/
					https://www.ncbi.nlm.nih.gov/pmc/articles/PMC13351331/
					https://www.ncbi.nlm.nih.gov/pmc/articles/PMC11626176/
					https://www.ncbi.nlm.nih.gov/pmc/articles/PMC12737942/
					https://www.ncbi.nlm.nih.gov/pmc/articles/PMC10942751/
					https://www.ncbi.nlm.nih.gov/pmc/articles/PMC13344884/
					https://www.ncbi.nlm.nih.gov/pmc/articles/PMC11759614/
					https://www.ncbi.nlm.nih.gov/pmc/articles/PMC12688011/
					https://www.ncbi.nlm.nih.gov/pmc/articles/PMC13225236/
					https://www.ncbi.nlm.nih.gov/pmc/articles/PMC13228766/
					https://www.ncbi.nlm.nih.gov/pmc/articles/PMC10773025/
					https://www.ncbi.nlm.nih.gov/pmc/articles/PMC10516060/
					https://www.ncbi.nlm.nih.gov/pmc/articles/PMC11369523/
					https://www.ncbi.nlm.nih.gov/pmc/articles/PMC12788817/
					https://www.ncbi.nlm.nih.gov/pmc/articles/PMC11710376/
					https://www.ncbi.nlm.nih.gov/pmc/articles/PMC12739827/
					https://www.ncbi.nlm.nih.gov/pmc/articles/PMC13370562/
					https://www.ncbi.nlm.nih.gov/pmc/articles/PMC11614932/
					https://www.ncbi.nlm.nih.gov/pmc/articles/PMC12150229/
					https://www.ncbi.nlm.nih.gov/pmc/articles/PMC11670752/
					https://www.ncbi.nlm.nih.gov/pmc/articles/PMC12934851/
					https://www.ncbi.nlm.nih.gov/pmc/articles/PMC12782243/
					https://www.ncbi.nlm.nih.gov/pmc/articles/PMC13445249/
					https://www.ncbi.nlm.nih.gov/pmc/articles/PMC12932907/
					https://www.ncbi.nlm.nih.gov/pmc/articles/PMC11403779/
					https://www.ncbi.nlm.nih.gov/pmc/articles/PMC10880141/
					https://www.ncbi.nlm.nih.gov/pmc/articles/PMC13240426/
					https://www.ncbi.nlm.nih.gov/pmc/articles/PMC13058453/
					https://www.ncbi.nlm.nih.gov/pmc/articles/PMC12738057/
					https://www.ncbi.nlm.nih.gov/pmc/articles/PMC12739989/
					https://www.ncbi.nlm.nih.gov/pmc/articles/PMC11342352/
					https://www.ncbi.nlm.nih.gov/pmc/articles/PMC11967934/
					https://www.ncbi.nlm.nih.gov/pmc/articles/PMC12421064/
					https://www.ncbi.nlm.nih.gov/pmc/articles/PMC13276526/
					https://www.ncbi.nlm.nih.gov/pmc/articles/PMC12796839/
					https://www.ncbi.nlm.nih.gov/pmc/articles/PMC13034883/
					https://www.ncbi.nlm.nih.gov/pmc/articles/PMC12782091/
					https://www.ncbi.nlm.nih.gov/pmc/articles/PMC11877577/
					https://www.ncbi.nlm.nih.gov/pmc/articles/PMC13245483/
					https://www.ncbi.nlm.nih.gov/pmc/articles/PMC11830047/
					https://www.ncbi.nlm.nih.gov/pmc/articles/PMC13187836/
					https://www.ncbi.nlm.nih.gov/pmc/articles/PMC12627885/
					https://www.ncbi.nlm.nih.gov/pmc/articles/PMC13248426/
					https://www.ncbi.nlm.nih.gov/pmc/articles/PMC13098421/
					https://www.ncbi.nlm.nih.gov/pmc/articles/PMC13190262/
					https://www.ncbi.nlm.nih.gov/pmc/articles/PMC11483014/
					https://www.ncbi.nlm.nih.gov/pmc/articles/PMC12781258/
					https://www.ncbi.nlm.nih.gov/pmc/articles/PMC10834256/
					https://www.ncbi.nlm.nih.gov/pmc/articles/PMC12100500/
					https://www.ncbi.nlm.nih.gov/pmc/articles/PMC12532695/
					https://www.ncbi.nlm.nih.gov/pmc/articles/PMC13078744/
					https://www.ncbi.nlm.nih.gov/pmc/articles/PMC13084539/
					https://www.ncbi.nlm.nih.gov/pmc/articles/PMC11564539/
					https://www.ncbi.nlm.nih.gov/pmc/articles/PMC11163627/
					https://www.ncbi.nlm.nih.gov/pmc/articles/PMC12722012/
					https://www.ncbi.nlm.nih.gov/pmc/articles/PMC13261687/
					https://www.ncbi.nlm.nih.gov/pmc/articles/PMC12870644/
					https://www.ncbi.nlm.nih.gov/pmc/articles/PMC12257812/
					https://www.ncbi.nlm.nih.gov/pmc/articles/PMC13288190/
					https://www.ncbi.nlm.nih.gov/pmc/articles/PMC13214193/
					https://www.ncbi.nlm.nih.gov/pmc/articles/PMC12633431/
					https://www.ncbi.nlm.nih.gov/pmc/articles/PMC12740332/
					https://www.ncbi.nlm.nih.gov/pmc/articles/PMC5646177/
					https://www.ncbi.nlm.nih.gov/pmc/articles/PMC12740506/
					https://www.ncbi.nlm.nih.gov/pmc/articles/PMC12883677/
					https://www.ncbi.nlm.nih.gov/pmc/articles/PMC11227160/
					https://www.ncbi.nlm.nih.gov/pmc/articles/PMC13347466/
					https://www.ncbi.nlm.nih.gov/pmc/articles/PMC12742544/
					https://www.ncbi.nlm.nih.gov/pmc/articles/PMC12040266/
					https://www.ncbi.nlm.nih.gov/pmc/articles/PMC10808262/
					https://www.ncbi.nlm.nih.gov/pmc/articles/PMC13284737/
					https://www.ncbi.nlm.nih.gov/pmc/articles/PMC12375874/
					https://www.ncbi.nlm.nih.gov/pmc/articles/PMC13382979/
					https://www.ncbi.nlm.nih.gov/pmc/articles/PMC10799891/
					https://www.ncbi.nlm.nih.gov/pmc/articles/PMC11741457/
					https://www.ncbi.nlm.nih.gov/pmc/articles/PMC12358004/
					https://www.ncbi.nlm.nih.gov/pmc/articles/PMC13183600/
					https://www.ncbi.nlm.nih.gov/pmc/articles/PMC13299064/
					https://www.ncbi.nlm.nih.gov/pmc/articles/PMC13131451/
					https://www.ncbi.nlm.nih.gov/pmc/articles/PMC12492342/
					https://www.ncbi.nlm.nih.gov/pmc/articles/PMC11515778/
					https://www.ncbi.nlm.nih.gov/pmc/articles/PMC11879397/
					https://www.ncbi.nlm.nih.gov/pmc/articles/PMC11814480/
					https://www.ncbi.nlm.nih.gov/pmc/articles/PMC11911999/
					https://www.ncbi.nlm.nih.gov/pmc/articles/PMC12618263/
					https://www.ncbi.nlm.nih.gov/pmc/articles/PMC10775372/
					https://www.ncbi.nlm.nih.gov/pmc/articles/PMC12621989/
					https://www.ncbi.nlm.nih.gov/pmc/articles/PMC12805644/
					https://www.ncbi.nlm.nih.gov/pmc/articles/PMC12724277/
					https://www.ncbi.nlm.nih.gov/pmc/articles/PMC11601747/
					https://www.ncbi.nlm.nih.gov/pmc/articles/PMC10889035/
					https://www.ncbi.nlm.nih.gov/pmc/articles/PMC12362095/
					https://www.ncbi.nlm.nih.gov/pmc/articles/PMC11999687/
					https://www.ncbi.nlm.nih.gov/pmc/articles/PMC12450182/
					https://www.ncbi.nlm.nih.gov/pmc/articles/PMC11451652/
					https://www.ncbi.nlm.nih.gov/pmc/articles/PMC11160829/
					https://www.ncbi.nlm.nih.gov/pmc/articles/PMC12552636/
					https://www.ncbi.nlm.nih.gov/pmc/articles/PMC12851898/
					https://www.ncbi.nlm.nih.gov/pmc/articles/PMC13265118/
					https://www.ncbi.nlm.nih.gov/pmc/articles/PMC11815327/
					https://www.ncbi.nlm.nih.gov/pmc/articles/PMC13307342/
					https://www.ncbi.nlm.nih.gov/pmc/articles/PMC13083612/
					https://www.ncbi.nlm.nih.gov/pmc/articles/PMC13422478/
					https://www.ncbi.nlm.nih.gov/pmc/articles/PMC12417310/
					https://www.ncbi.nlm.nih.gov/pmc/articles/PMC13319776/
					https://www.ncbi.nlm.nih.gov/pmc/articles/PMC11710252/
					https://www.ncbi.nlm.nih.gov/pmc/articles/PMC12788170/
					https://www.ncbi.nlm.nih.gov/pmc/articles/PMC13183907/
					https://www.ncbi.nlm.nih.gov/pmc/articles/PMC13324047/
					https://www.ncbi.nlm.nih.gov/pmc/articles/PMC11667527/
					https://www.ncbi.nlm.nih.gov/pmc/articles/PMC12024232/
					https://www.ncbi.nlm.nih.gov/pmc/articles/PMC11715260/
MSigDB	v.7.3	used	https://www.gsea-msigdb.org/gsea/msigdb/human/collections.jsp	Canonical pathway gene sets were obtained from MSigDB (v.7.3; https://www.gsea-msigdb.org/gsea/msigdb/human/collections.jsp)	https://www.ncbi.nlm.nih.gov/pmc/articles/PMC13347950/
STRING	v.11.5	used	https://string-db.org/cgi/download	Human physical PPIs were downloaded from STRING https://www.gsea-msigdb.org/gsea/msigdb/human/collections.jsp (v.11.5; https://string-db.org/cgi/download)	https://www.ncbi.nlm.nih.gov/pmc/articles/PMC13347950/
HuRI		used	http://www.interactome-atlas.org/download	Human physical PPIs were downloaded from STRING https://www.gsea-msigdb.org/gsea/msigdb/human/collections.jsp (v.11.5; https://string-db.org/cgi/download), HuRI (https://string-db.org/cgi/download http://www.interactome-atlas.org/download: last accessed in January 2022)	https://www.ncbi.nlm.nih.gov/pmc/articles/PMC13347950/
inBio Map		used	https://www.intomics.com/inbio/map	and inBio Map (https://www.intomics.com/inbio/map: last accessed in January 2022) databases	https://www.ncbi.nlm.nih.gov/pmc/articles/PMC13347950/
TransposeNet		used		TransposeNet's humanized α-synuclein-, β-amyloid-, and TDP-43-modifier networks were obtained from our prior study.	https://www.ncbi.nlm.nih.gov/pmc/articles/PMC13347950/
GTEx	v.8	used	https://www.gtexportal.org/	Bulk expression data in TPM format from different human tissues were downloaded from the GTEx (v.8; https://www.gtexportal.org/)	https://www.ncbi.nlm.nih.gov/pmc/articles/PMC13347950/
DepMap	2023Q2	used	https://depmap.org/portal/data_page/?tab=allData	and gene dependency data in different cell lines were downloaded from DepMap (release: 2023Q2; https://depmap.org/portal/data_page/?tab=allData)	https://www.ncbi.nlm.nih.gov/pmc/articles/PMC13347950/
NERINE		created	https://github.com/snz20/NERINE	NERINE's source code is available on GitHub (https://github.com/snz20/NERINE) and Zenodo (https://github.com/snz20/NERINE https://doi.org/10.5281/zenodo.19209293)	https://www.ncbi.nlm.nih.gov/pmc/articles/PMC13347950/
RVTT		used	https://github.com/snz20/RVTT	RVTT was run by adapting the code from https://github.com/snz20/RVTT (Zenodo, https://doi.org/10.5281/zenodo.10627549)	https://www.ncbi.nlm.nih.gov/pmc/articles/PMC13347950/
MAGeCK	v.0.5.9.2	used		MAGeCK-iNC analysis was performed using the MAGeCK (v.0.5.9.2) package on python (v.2.7)	https://www.ncbi.nlm.nih.gov/pmc/articles/PMC13347950/
GSEApy	v.1.1.3	used		GO gene set enrichment analysis was performed using GSEApy (v.1.1.3) on python (v.3.12.4)	https://www.ncbi.nlm.nih.gov/pmc/articles/PMC13347950/
					https://www.ncbi.nlm.nih.gov/pmc/articles/PMC11525609/
					https://www.ncbi.nlm.nih.gov/pmc/articles/PMC12952287/
					https://www.ncbi.nlm.nih.gov/pmc/articles/PMC13426690/
					https://www.ncbi.nlm.nih.gov/pmc/articles/PMC12140536/
					https://www.ncbi.nlm.nih.gov/pmc/articles/PMC12218935/
					https://www.ncbi.nlm.nih.gov/pmc/articles/PMC12022895/
					https://www.ncbi.nlm.nih.gov/pmc/articles/PMC13343386/
karlsson_synthetic_taupet		created	https://github.com/DeMONLab-BioFINDER/karlsson_synthetic_taupet	The code and model will be made available at https://github.com/DeMONLab-BioFINDER/karlsson_synthetic_taupet	https://www.ncbi.nlm.nih.gov/pmc/articles/PMC13174752/
					https://www.ncbi.nlm.nih.gov/pmc/articles/PMC12781080/
					https://www.ncbi.nlm.nih.gov/pmc/articles/PMC11877413/
					https://www.ncbi.nlm.nih.gov/pmc/articles/PMC13320885/
					https://www.ncbi.nlm.nih.gov/pmc/articles/PMC10932392/
					https://www.ncbi.nlm.nih.gov/pmc/articles/PMC12742863/
					https://www.ncbi.nlm.nih.gov/pmc/articles/PMC11623527/
					https://www.ncbi.nlm.nih.gov/pmc/articles/PMC10516255/
					https://www.ncbi.nlm.nih.gov/pmc/articles/PMC12465532/
					https://www.ncbi.nlm.nih.gov/pmc/articles/PMC13416840/
					https://www.ncbi.nlm.nih.gov/pmc/articles/PMC2493521/
					https://www.ncbi.nlm.nih.gov/pmc/articles/PMC13190297/
					https://www.ncbi.nlm.nih.gov/pmc/articles/PMC11772699/
					https://www.ncbi.nlm.nih.gov/pmc/articles/PMC12739822/
					https://www.ncbi.nlm.nih.gov/pmc/articles/PMC12233550/
					https://www.ncbi.nlm.nih.gov/pmc/articles/PMC12205744/
					https://www.ncbi.nlm.nih.gov/pmc/articles/PMC12776598/
					https://www.ncbi.nlm.nih.gov/pmc/articles/PMC12823283/
					https://www.ncbi.nlm.nih.gov/pmc/articles/PMC11245081/
					https://www.ncbi.nlm.nih.gov/pmc/articles/PMC13445916/
					https://www.ncbi.nlm.nih.gov/pmc/articles/PMC13392201/
					https://www.ncbi.nlm.nih.gov/pmc/articles/PMC12836475/
					https://www.ncbi.nlm.nih.gov/pmc/articles/PMC13108674/
					https://www.ncbi.nlm.nih.gov/pmc/articles/PMC13253357/
					https://www.ncbi.nlm.nih.gov/pmc/articles/PMC11095441/
					https://www.ncbi.nlm.nih.gov/pmc/articles/PMC12074538/
					https://www.ncbi.nlm.nih.gov/pmc/articles/PMC13274543/
					https://www.ncbi.nlm.nih.gov/pmc/articles/PMC13348328/
					https://www.ncbi.nlm.nih.gov/pmc/articles/PMC13321348/
					https://www.ncbi.nlm.nih.gov/pmc/articles/PMC8461722/
					https://www.ncbi.nlm.nih.gov/pmc/articles/PMC12957399/
					https://www.ncbi.nlm.nih.gov/pmc/articles/PMC5651436/
					https://www.ncbi.nlm.nih.gov/pmc/articles/PMC13418614/
					https://www.ncbi.nlm.nih.gov/pmc/articles/PMC12092275/
					https://www.ncbi.nlm.nih.gov/pmc/articles/PMC10907085/
					https://www.ncbi.nlm.nih.gov/pmc/articles/PMC11114609/
					https://www.ncbi.nlm.nih.gov/pmc/articles/PMC11209765/
					https://www.ncbi.nlm.nih.gov/pmc/articles/PMC11284633/
					https://www.ncbi.nlm.nih.gov/pmc/articles/PMC12809718/
					https://www.ncbi.nlm.nih.gov/pmc/articles/PMC13194236/
					https://www.ncbi.nlm.nih.gov/pmc/articles/PMC12484700/
					https://www.ncbi.nlm.nih.gov/pmc/articles/PMC13183605/
					https://www.ncbi.nlm.nih.gov/pmc/articles/PMC12934298/
					https://www.ncbi.nlm.nih.gov/pmc/articles/PMC10811272/
					https://www.ncbi.nlm.nih.gov/pmc/articles/PMC13345444/
					https://www.ncbi.nlm.nih.gov/pmc/articles/PMC11667515/
					https://www.ncbi.nlm.nih.gov/pmc/articles/PMC11838632/
					https://www.ncbi.nlm.nih.gov/pmc/articles/PMC13364039/
					https://www.ncbi.nlm.nih.gov/pmc/articles/PMC13405541/
					https://www.ncbi.nlm.nih.gov/pmc/articles/PMC10195963/
					https://www.ncbi.nlm.nih.gov/pmc/articles/PMC13419567/
					https://www.ncbi.nlm.nih.gov/pmc/articles/PMC11780117/
					https://www.ncbi.nlm.nih.gov/pmc/articles/PMC11180868/
					https://www.ncbi.nlm.nih.gov/pmc/articles/PMC13178023/
					https://www.ncbi.nlm.nih.gov/pmc/articles/PMC13140026/
					https://www.ncbi.nlm.nih.gov/pmc/articles/PMC10491364/
					https://www.ncbi.nlm.nih.gov/pmc/articles/PMC12740393/
					https://www.ncbi.nlm.nih.gov/pmc/articles/PMC13093350/
					https://www.ncbi.nlm.nih.gov/pmc/articles/PMC11391213/
					https://www.ncbi.nlm.nih.gov/pmc/articles/PMC12378614/
					https://www.ncbi.nlm.nih.gov/pmc/articles/PMC11342757/
					https://www.ncbi.nlm.nih.gov/pmc/articles/PMC12159507/
					https://www.ncbi.nlm.nih.gov/pmc/articles/PMC11821528/
					https://www.ncbi.nlm.nih.gov/pmc/articles/PMC12946819/
					https://www.ncbi.nlm.nih.gov/pmc/articles/PMC11578025/
					https://www.ncbi.nlm.nih.gov/pmc/articles/PMC10916966/
					https://www.ncbi.nlm.nih.gov/pmc/articles/PMC12734404/
					https://www.ncbi.nlm.nih.gov/pmc/articles/PMC11669416/
					https://www.ncbi.nlm.nih.gov/pmc/articles/PMC12856522/
					https://www.ncbi.nlm.nih.gov/pmc/articles/PMC13442569/
					https://www.ncbi.nlm.nih.gov/pmc/articles/PMC12179338/
					https://www.ncbi.nlm.nih.gov/pmc/articles/PMC13348048/
					https://www.ncbi.nlm.nih.gov/pmc/articles/PMC12154997/
					https://www.ncbi.nlm.nih.gov/pmc/articles/PMC12129114/
					https://www.ncbi.nlm.nih.gov/pmc/articles/PMC11014770/
					https://www.ncbi.nlm.nih.gov/pmc/articles/PMC11741496/
					https://www.ncbi.nlm.nih.gov/pmc/articles/PMC12375433/
					https://www.ncbi.nlm.nih.gov/pmc/articles/PMC12127509/
					https://www.ncbi.nlm.nih.gov/pmc/articles/PMC12123750/
					https://www.ncbi.nlm.nih.gov/pmc/articles/PMC12726769/
					https://www.ncbi.nlm.nih.gov/pmc/articles/PMC13425622/
					https://www.ncbi.nlm.nih.gov/pmc/articles/PMC13211806/
					https://www.ncbi.nlm.nih.gov/pmc/articles/PMC11470552/
					https://www.ncbi.nlm.nih.gov/pmc/articles/PMC12364501/
					https://www.ncbi.nlm.nih.gov/pmc/articles/PMC13289427/
					https://www.ncbi.nlm.nih.gov/pmc/articles/PMC12173831/
					https://www.ncbi.nlm.nih.gov/pmc/articles/PMC13190554/
					https://www.ncbi.nlm.nih.gov/pmc/articles/PMC13384024/
					https://www.ncbi.nlm.nih.gov/pmc/articles/PMC13111417/
					https://www.ncbi.nlm.nih.gov/pmc/articles/PMC10863424/
					https://www.ncbi.nlm.nih.gov/pmc/articles/PMC12811766/
					https://www.ncbi.nlm.nih.gov/pmc/articles/PMC13239684/
					https://www.ncbi.nlm.nih.gov/pmc/articles/PMC12265659/
					https://www.ncbi.nlm.nih.gov/pmc/articles/PMC12889768/
					https://www.ncbi.nlm.nih.gov/pmc/articles/PMC12635865/
					https://www.ncbi.nlm.nih.gov/pmc/articles/PMC13330517/
					https://www.ncbi.nlm.nih.gov/pmc/articles/PMC13082890/
					https://www.ncbi.nlm.nih.gov/pmc/articles/PMC13135914/
					https://www.ncbi.nlm.nih.gov/pmc/articles/PMC10759368/
					https://www.ncbi.nlm.nih.gov/pmc/articles/PMC12929444/
					https://www.ncbi.nlm.nih.gov/pmc/articles/PMC12330451/
					https://www.ncbi.nlm.nih.gov/pmc/articles/PMC13451453/
MLNI	v0.1.2 and v0.1.5	used	https://github.com/anbai106/mlni	MLNI   (v0.1.2 and v0.1.5):   89  89  https://github.com/anbai106/mlni  , MRIBAG generation	https://www.ncbi.nlm.nih.gov/pmc/articles/PMC12265779/
FUMA	v1.5.0	used	https://fuma.ctglab.nl/	FUMA (v1.5.0):   https://fuma.ctglab.nl/  , Gene mapping, genomic locus annotation	https://www.ncbi.nlm.nih.gov/pmc/articles/PMC12265779/
GCTA	v1.94.1	used	https://yanglab.westlake.edu.cn/software/gcta/#Overview	GCTA (v1.94.1):   https://yanglab.westlake.edu.cn/software/gcta/#Overview  , fastGWA	https://www.ncbi.nlm.nih.gov/pmc/articles/PMC12265779/
LDSC	git version aa33296	used	https://github.com/bulik/ldsc	LDSC (git version aa33296):   https://github.com/bulik/ldsc  , genetic correlation	https://www.ncbi.nlm.nih.gov/pmc/articles/PMC12265779/
TwoSampleMR	v0.5.6	used	https://mrcieu.github.io/TwoSampleMR/index.html	TwoSampleMR (v0.5.6):   https://mrcieu.github.io/TwoSampleMR/index.html  , Mendelian randomization	https://www.ncbi.nlm.nih.gov/pmc/articles/PMC12265779/
PRScs	release date: Aug 10, 2023	used	https://github.com/getian107/PRScs	PRScs (release date: Aug 10, 2023):   https://github.com/getian107/PRScs  , PRS calculation	https://www.ncbi.nlm.nih.gov/pmc/articles/PMC12265779/
Lifelines	v0.27.8	used	https://lifelines.readthedocs.io/en/latest/	Lifelines (v0.27.8):   https://lifelines.readthedocs.io/en/latest/  , Survival analysis	https://www.ncbi.nlm.nih.gov/pmc/articles/PMC12265779/
String	V12.0	used	https://string-db.org/	String (V12.0):   https://string-db.org/  , protein analyses	https://www.ncbi.nlm.nih.gov/pmc/articles/PMC12265779/
coloc	v5	used	https://github.com/chr1swallace/coloc	coloc (v5):   https://github.com/chr1swallace/coloc  ; Bayesian colocalization	https://www.ncbi.nlm.nih.gov/pmc/articles/PMC12265779/
					https://www.ncbi.nlm.nih.gov/pmc/articles/PMC11465931/
					https://www.ncbi.nlm.nih.gov/pmc/articles/PMC13308631/
					https://www.ncbi.nlm.nih.gov/pmc/articles/PMC12453491/
					https://www.ncbi.nlm.nih.gov/pmc/articles/PMC13051992/
					https://www.ncbi.nlm.nih.gov/pmc/articles/PMC13067953/
					https://www.ncbi.nlm.nih.gov/pmc/articles/PMC12320004/
					https://www.ncbi.nlm.nih.gov/pmc/articles/PMC13228476/
					https://www.ncbi.nlm.nih.gov/pmc/articles/PMC13105931/
					https://www.ncbi.nlm.nih.gov/pmc/articles/PMC12802076/
					https://www.ncbi.nlm.nih.gov/pmc/articles/PMC12739986/
					https://www.ncbi.nlm.nih.gov/pmc/articles/PMC10680785/
					https://www.ncbi.nlm.nih.gov/pmc/articles/PMC13392838/
					https://www.ncbi.nlm.nih.gov/pmc/articles/PMC11032558/
					https://www.ncbi.nlm.nih.gov/pmc/articles/PMC12724757/
					https://www.ncbi.nlm.nih.gov/pmc/articles/PMC10873577/
					https://www.ncbi.nlm.nih.gov/pmc/articles/PMC13405417/
					https://www.ncbi.nlm.nih.gov/pmc/articles/PMC13373788/
					https://www.ncbi.nlm.nih.gov/pmc/articles/PMC13387574/
					https://www.ncbi.nlm.nih.gov/pmc/articles/PMC10473779/
					https://www.ncbi.nlm.nih.gov/pmc/articles/PMC11399113/
					https://www.ncbi.nlm.nih.gov/pmc/articles/PMC11905702/
					https://www.ncbi.nlm.nih.gov/pmc/articles/PMC12976656/
					https://www.ncbi.nlm.nih.gov/pmc/articles/PMC13406452/
					https://www.ncbi.nlm.nih.gov/pmc/articles/PMC7618452/
					https://www.ncbi.nlm.nih.gov/pmc/articles/PMC13004141/
					https://www.ncbi.nlm.nih.gov/pmc/articles/PMC13395453/
					https://www.ncbi.nlm.nih.gov/pmc/articles/PMC11713457/
					https://www.ncbi.nlm.nih.gov/pmc/articles/PMC11574007/
					https://www.ncbi.nlm.nih.gov/pmc/articles/PMC11607912/
					https://www.ncbi.nlm.nih.gov/pmc/articles/PMC13185335/
					https://www.ncbi.nlm.nih.gov/pmc/articles/PMC11632366/
					https://www.ncbi.nlm.nih.gov/pmc/articles/PMC12677139/
					https://www.ncbi.nlm.nih.gov/pmc/articles/PMC13396107/
					https://www.ncbi.nlm.nih.gov/pmc/articles/PMC11772709/
					https://www.ncbi.nlm.nih.gov/pmc/articles/PMC13275329/
					https://www.ncbi.nlm.nih.gov/pmc/articles/PMC11180185/
					https://www.ncbi.nlm.nih.gov/pmc/articles/PMC12812856/
					https://www.ncbi.nlm.nih.gov/pmc/articles/PMC10454324/
					https://www.ncbi.nlm.nih.gov/pmc/articles/PMC10681640/
					https://www.ncbi.nlm.nih.gov/pmc/articles/PMC12889836/
					https://www.ncbi.nlm.nih.gov/pmc/articles/PMC12873951/
					https://www.ncbi.nlm.nih.gov/pmc/articles/PMC10912539/
					https://www.ncbi.nlm.nih.gov/pmc/articles/PMC13452017/
					https://www.ncbi.nlm.nih.gov/pmc/articles/PMC12898237/
					https://www.ncbi.nlm.nih.gov/pmc/articles/PMC12632522/
					https://www.ncbi.nlm.nih.gov/pmc/articles/PMC7615979/
					https://www.ncbi.nlm.nih.gov/pmc/articles/PMC11744813/
					https://www.ncbi.nlm.nih.gov/pmc/articles/PMC11990013/
					https://www.ncbi.nlm.nih.gov/pmc/articles/PMC13444719/
					https://www.ncbi.nlm.nih.gov/pmc/articles/PMC12529252/
					https://www.ncbi.nlm.nih.gov/pmc/articles/PMC13159293/
					https://www.ncbi.nlm.nih.gov/pmc/articles/PMC11788211/
					https://www.ncbi.nlm.nih.gov/pmc/articles/PMC12724800/
					https://www.ncbi.nlm.nih.gov/pmc/articles/PMC3978584/
					https://www.ncbi.nlm.nih.gov/pmc/articles/PMC13188380/
					https://www.ncbi.nlm.nih.gov/pmc/articles/PMC11399067/
					https://www.ncbi.nlm.nih.gov/pmc/articles/PMC13370797/
					https://www.ncbi.nlm.nih.gov/pmc/articles/PMC12633613/
					https://www.ncbi.nlm.nih.gov/pmc/articles/PMC12784160/
					https://www.ncbi.nlm.nih.gov/pmc/articles/PMC12724812/
					https://www.ncbi.nlm.nih.gov/pmc/articles/PMC11954665/
					https://www.ncbi.nlm.nih.gov/pmc/articles/PMC13404311/
					https://www.ncbi.nlm.nih.gov/pmc/articles/PMC10635230/
					https://www.ncbi.nlm.nih.gov/pmc/articles/PMC13172624/
					https://www.ncbi.nlm.nih.gov/pmc/articles/PMC11381381/
					https://www.ncbi.nlm.nih.gov/pmc/articles/PMC11714355/
					https://www.ncbi.nlm.nih.gov/pmc/articles/PMC13345451/
					https://www.ncbi.nlm.nih.gov/pmc/articles/PMC12099406/
					https://www.ncbi.nlm.nih.gov/pmc/articles/PMC13440154/
					https://www.ncbi.nlm.nih.gov/pmc/articles/PMC12373115/
					https://www.ncbi.nlm.nih.gov/pmc/articles/PMC12045475/
					https://www.ncbi.nlm.nih.gov/pmc/articles/PMC12723739/
					https://www.ncbi.nlm.nih.gov/pmc/articles/PMC12912195/
					https://www.ncbi.nlm.nih.gov/pmc/articles/PMC13321210/
					https://www.ncbi.nlm.nih.gov/pmc/articles/PMC11667558/
					https://www.ncbi.nlm.nih.gov/pmc/articles/PMC13174749/
					https://www.ncbi.nlm.nih.gov/pmc/articles/PMC11998833/
					https://www.ncbi.nlm.nih.gov/pmc/articles/PMC11095482/
					https://www.ncbi.nlm.nih.gov/pmc/articles/PMC13321217/
					https://www.ncbi.nlm.nih.gov/pmc/articles/PMC12699934/
					https://www.ncbi.nlm.nih.gov/pmc/articles/PMC13187931/
GAMLSS		used		Code for out-of-sample data alignment, obtaining centile curves, and fitting the GAMLSS models is available in a containerized Docker image that is downloadable at https://zenodo.org/records/15367426.	https://www.ncbi.nlm.nih.gov/pmc/articles/PMC12247954/
					https://www.ncbi.nlm.nih.gov/pmc/articles/PMC12703652/
					https://www.ncbi.nlm.nih.gov/pmc/articles/PMC12726695/
					https://www.ncbi.nlm.nih.gov/pmc/articles/PMC13102163/
					https://www.ncbi.nlm.nih.gov/pmc/articles/PMC13272105/
					https://www.ncbi.nlm.nih.gov/pmc/articles/PMC13408882/
					https://www.ncbi.nlm.nih.gov/pmc/articles/PMC12892302/
					https://www.ncbi.nlm.nih.gov/pmc/articles/PMC13368755/
					https://www.ncbi.nlm.nih.gov/pmc/articles/PMC12739700/
					https://www.ncbi.nlm.nih.gov/pmc/articles/PMC12582183/
					https://www.ncbi.nlm.nih.gov/pmc/articles/PMC12598407/
					https://www.ncbi.nlm.nih.gov/pmc/articles/PMC12870581/
					https://www.ncbi.nlm.nih.gov/pmc/articles/PMC11848424/
					https://www.ncbi.nlm.nih.gov/pmc/articles/PMC12325632/
					https://www.ncbi.nlm.nih.gov/pmc/articles/PMC13365044/
					https://www.ncbi.nlm.nih.gov/pmc/articles/PMC10851521/
					https://www.ncbi.nlm.nih.gov/pmc/articles/PMC13404827/
					https://www.ncbi.nlm.nih.gov/pmc/articles/PMC13345447/
					https://www.ncbi.nlm.nih.gov/pmc/articles/PMC12690076/
					https://www.ncbi.nlm.nih.gov/pmc/articles/PMC10874032/
					https://www.ncbi.nlm.nih.gov/pmc/articles/PMC12365657/
					https://www.ncbi.nlm.nih.gov/pmc/articles/PMC13370547/
					https://www.ncbi.nlm.nih.gov/pmc/articles/PMC13233971/
					https://www.ncbi.nlm.nih.gov/pmc/articles/PMC13140494/
					https://www.ncbi.nlm.nih.gov/pmc/articles/PMC13174641/
					https://www.ncbi.nlm.nih.gov/pmc/articles/PMC12897552/
					https://www.ncbi.nlm.nih.gov/pmc/articles/PMC13149218/
					https://www.ncbi.nlm.nih.gov/pmc/articles/PMC10957173/
					https://www.ncbi.nlm.nih.gov/pmc/articles/PMC13425606/
					https://www.ncbi.nlm.nih.gov/pmc/articles/PMC11920684/
					https://www.ncbi.nlm.nih.gov/pmc/articles/PMC12772649/
					https://www.ncbi.nlm.nih.gov/pmc/articles/PMC12408025/
					https://www.ncbi.nlm.nih.gov/pmc/articles/PMC13092276/
					https://www.ncbi.nlm.nih.gov/pmc/articles/PMC13425276/
					https://www.ncbi.nlm.nih.gov/pmc/articles/PMC11712186/
					https://www.ncbi.nlm.nih.gov/pmc/articles/PMC13021938/
					https://www.ncbi.nlm.nih.gov/pmc/articles/PMC11071554/
					https://www.ncbi.nlm.nih.gov/pmc/articles/PMC12583127/
					https://www.ncbi.nlm.nih.gov/pmc/articles/PMC11982439/
					https://www.ncbi.nlm.nih.gov/pmc/articles/PMC13345245/
					https://www.ncbi.nlm.nih.gov/pmc/articles/PMC12211680/
					https://www.ncbi.nlm.nih.gov/pmc/articles/PMC5403515/
					https://www.ncbi.nlm.nih.gov/pmc/articles/PMC4024082/
					https://www.ncbi.nlm.nih.gov/pmc/articles/PMC10807231/
					https://www.ncbi.nlm.nih.gov/pmc/articles/PMC13307694/
					https://www.ncbi.nlm.nih.gov/pmc/articles/PMC12725081/
					https://www.ncbi.nlm.nih.gov/pmc/articles/PMC11527192/
					https://www.ncbi.nlm.nih.gov/pmc/articles/PMC12667373/
					https://www.ncbi.nlm.nih.gov/pmc/articles/PMC12909123/
					https://www.ncbi.nlm.nih.gov/pmc/articles/PMC12238312/
					https://www.ncbi.nlm.nih.gov/pmc/articles/PMC10806757/
					https://www.ncbi.nlm.nih.gov/pmc/articles/PMC13273419/
					https://www.ncbi.nlm.nih.gov/pmc/articles/PMC11709344/
					https://www.ncbi.nlm.nih.gov/pmc/articles/PMC11364372/
					https://www.ncbi.nlm.nih.gov/pmc/articles/PMC12853608/
					https://www.ncbi.nlm.nih.gov/pmc/articles/PMC13323295/
					https://www.ncbi.nlm.nih.gov/pmc/articles/PMC12914708/
					https://www.ncbi.nlm.nih.gov/pmc/articles/PMC11713870/
					https://www.ncbi.nlm.nih.gov/pmc/articles/PMC12918850/
					https://www.ncbi.nlm.nih.gov/pmc/articles/PMC12920126/
					https://www.ncbi.nlm.nih.gov/pmc/articles/PMC13309292/
					https://www.ncbi.nlm.nih.gov/pmc/articles/PMC12187977/
					https://www.ncbi.nlm.nih.gov/pmc/articles/PMC13382980/
					https://www.ncbi.nlm.nih.gov/pmc/articles/PMC13347585/
					https://www.ncbi.nlm.nih.gov/pmc/articles/PMC12891262/
					https://www.ncbi.nlm.nih.gov/pmc/articles/PMC12741577/
					https://www.ncbi.nlm.nih.gov/pmc/articles/PMC12340876/
					https://www.ncbi.nlm.nih.gov/pmc/articles/PMC11525023/
					https://www.ncbi.nlm.nih.gov/pmc/articles/PMC12379136/
					https://www.ncbi.nlm.nih.gov/pmc/articles/PMC13426312/
					https://www.ncbi.nlm.nih.gov/pmc/articles/PMC12689848/
					https://www.ncbi.nlm.nih.gov/pmc/articles/PMC10970005/
					https://www.ncbi.nlm.nih.gov/pmc/articles/PMC12633594/
Computational Anatomy Toolbox (CAT12)		used	https://github.com/ChristianGaser/cat12	The Computational Anatomy Toolbox (CAT12) used for MRI preprocessing is available at: https://github.com/ChristianGaser/cat12	https://www.ncbi.nlm.nih.gov/pmc/articles/PMC13409254/
BrainAGE		used	https://github.com/ChristianGaser/BrainAGE	The code used to generate https://github.com/ChristianGaser/cat12 BrainAGE is available at: https://github.com/ChristianGaser/BrainAGE	https://www.ncbi.nlm.nih.gov/pmc/articles/PMC13409254/
					https://www.ncbi.nlm.nih.gov/pmc/articles/PMC11067265/
					https://www.ncbi.nlm.nih.gov/pmc/articles/PMC11822357/
					https://www.ncbi.nlm.nih.gov/pmc/articles/PMC12177227/
					https://www.ncbi.nlm.nih.gov/pmc/articles/PMC13266463/
					https://www.ncbi.nlm.nih.gov/pmc/articles/PMC13415752/
					https://www.ncbi.nlm.nih.gov/pmc/articles/PMC13185787/
					https://www.ncbi.nlm.nih.gov/pmc/articles/PMC12795922/
					https://www.ncbi.nlm.nih.gov/pmc/articles/PMC13206922/
					https://www.ncbi.nlm.nih.gov/pmc/articles/PMC13359564/
					https://www.ncbi.nlm.nih.gov/pmc/articles/PMC11844581/
					https://www.ncbi.nlm.nih.gov/pmc/articles/PMC11897841/
					https://www.ncbi.nlm.nih.gov/pmc/articles/PMC10473788/
					https://www.ncbi.nlm.nih.gov/pmc/articles/PMC13183597/
					https://www.ncbi.nlm.nih.gov/pmc/articles/PMC12828788/
					https://www.ncbi.nlm.nih.gov/pmc/articles/PMC12737886/
					https://www.ncbi.nlm.nih.gov/pmc/articles/PMC12884196/
					https://www.ncbi.nlm.nih.gov/pmc/articles/PMC12741763/
					https://www.ncbi.nlm.nih.gov/pmc/articles/PMC12756048/
					https://www.ncbi.nlm.nih.gov/pmc/articles/PMC12353841/
					https://www.ncbi.nlm.nih.gov/pmc/articles/PMC12042767/
					https://www.ncbi.nlm.nih.gov/pmc/articles/PMC13292533/
					https://www.ncbi.nlm.nih.gov/pmc/articles/PMC12022891/
					https://www.ncbi.nlm.nih.gov/pmc/articles/PMC12389259/
					https://www.ncbi.nlm.nih.gov/pmc/articles/PMC13061609/
					https://www.ncbi.nlm.nih.gov/pmc/articles/PMC11032554/
brms		used		The corresponding R code for brms models is available upon reasonable request to the corresponding author.	https://www.ncbi.nlm.nih.gov/pmc/articles/PMC10619155/
					https://www.ncbi.nlm.nih.gov/pmc/articles/PMC12808103/
					https://www.ncbi.nlm.nih.gov/pmc/articles/PMC11783188/
					https://www.ncbi.nlm.nih.gov/pmc/articles/PMC13004153/
					https://www.ncbi.nlm.nih.gov/pmc/articles/PMC12869048/
					https://www.ncbi.nlm.nih.gov/pmc/articles/PMC11327306/
					https://www.ncbi.nlm.nih.gov/pmc/articles/PMC13138272/
					https://www.ncbi.nlm.nih.gov/pmc/articles/PMC11982912/
					https://www.ncbi.nlm.nih.gov/pmc/articles/PMC13346386/
					https://www.ncbi.nlm.nih.gov/pmc/articles/PMC13369312/
					https://www.ncbi.nlm.nih.gov/pmc/articles/PMC11884653/
					https://www.ncbi.nlm.nih.gov/pmc/articles/PMC10802486/
					https://www.ncbi.nlm.nih.gov/pmc/articles/PMC10543570/
					https://www.ncbi.nlm.nih.gov/pmc/articles/PMC12810153/
					https://www.ncbi.nlm.nih.gov/pmc/articles/PMC10501903/
					https://www.ncbi.nlm.nih.gov/pmc/articles/PMC11710575/
					https://www.ncbi.nlm.nih.gov/pmc/articles/PMC12032191/
					https://www.ncbi.nlm.nih.gov/pmc/articles/PMC12458908/
					https://www.ncbi.nlm.nih.gov/pmc/articles/PMC12788869/
					https://www.ncbi.nlm.nih.gov/pmc/articles/PMC13308364/
					https://www.ncbi.nlm.nih.gov/pmc/articles/PMC12931372/
					https://www.ncbi.nlm.nih.gov/pmc/articles/PMC13084883/
					https://www.ncbi.nlm.nih.gov/pmc/articles/PMC12096942/
ProtAIDe-Dx		created		Code for the ProtAIDe-Dx model development/evaluation/biological annotations can be found at [GitHub link].	https://www.ncbi.nlm.nih.gov/pmc/articles/PMC12236936/
					https://www.ncbi.nlm.nih.gov/pmc/articles/PMC10593006/
					https://www.ncbi.nlm.nih.gov/pmc/articles/PMC12413461/
					https://www.ncbi.nlm.nih.gov/pmc/articles/PMC10855009/
					https://www.ncbi.nlm.nih.gov/pmc/articles/PMC12321570/
					https://www.ncbi.nlm.nih.gov/pmc/articles/PMC11714496/
					https://www.ncbi.nlm.nih.gov/pmc/articles/PMC13125180/
					https://www.ncbi.nlm.nih.gov/pmc/articles/PMC10720169/
					https://www.ncbi.nlm.nih.gov/pmc/articles/PMC10635182/
					https://www.ncbi.nlm.nih.gov/pmc/articles/PMC13218884/
					https://www.ncbi.nlm.nih.gov/pmc/articles/PMC13272307/
					https://www.ncbi.nlm.nih.gov/pmc/articles/PMC13093584/
					https://www.ncbi.nlm.nih.gov/pmc/articles/PMC13436314/
					https://www.ncbi.nlm.nih.gov/pmc/articles/PMC12737430/
					https://www.ncbi.nlm.nih.gov/pmc/articles/PMC13002482/
					https://www.ncbi.nlm.nih.gov/pmc/articles/PMC13065743/
					https://www.ncbi.nlm.nih.gov/pmc/articles/PMC13435620/
					https://www.ncbi.nlm.nih.gov/pmc/articles/PMC12779117/
					https://www.ncbi.nlm.nih.gov/pmc/articles/PMC13014792/
					https://www.ncbi.nlm.nih.gov/pmc/articles/PMC12906369/
					https://www.ncbi.nlm.nih.gov/pmc/articles/PMC10937726/
					https://www.ncbi.nlm.nih.gov/pmc/articles/PMC13411257/
					https://www.ncbi.nlm.nih.gov/pmc/articles/PMC13435175/
					https://www.ncbi.nlm.nih.gov/pmc/articles/PMC11713832/
					https://www.ncbi.nlm.nih.gov/pmc/articles/PMC13239424/
					https://www.ncbi.nlm.nih.gov/pmc/articles/PMC11073927/
					https://www.ncbi.nlm.nih.gov/pmc/articles/PMC12165784/
					https://www.ncbi.nlm.nih.gov/pmc/articles/PMC13109652/
					https://www.ncbi.nlm.nih.gov/pmc/articles/PMC12041573/
					https://www.ncbi.nlm.nih.gov/pmc/articles/PMC11815204/
					https://www.ncbi.nlm.nih.gov/pmc/articles/PMC11237088/
					https://www.ncbi.nlm.nih.gov/pmc/articles/PMC13392919/
					https://www.ncbi.nlm.nih.gov/pmc/articles/PMC10709525/
					https://www.ncbi.nlm.nih.gov/pmc/articles/PMC11923046/
					https://www.ncbi.nlm.nih.gov/pmc/articles/PMC11716447/
					https://www.ncbi.nlm.nih.gov/pmc/articles/PMC11716482/
					https://www.ncbi.nlm.nih.gov/pmc/articles/PMC11748464/
					https://www.ncbi.nlm.nih.gov/pmc/articles/PMC11266444/
					https://www.ncbi.nlm.nih.gov/pmc/articles/PMC13072528/
					https://www.ncbi.nlm.nih.gov/pmc/articles/PMC12363687/
					https://www.ncbi.nlm.nih.gov/pmc/articles/PMC11266366/
					https://www.ncbi.nlm.nih.gov/pmc/articles/PMC12730559/
					https://www.ncbi.nlm.nih.gov/pmc/articles/PMC11231736/
					https://www.ncbi.nlm.nih.gov/pmc/articles/PMC12865316/
					https://www.ncbi.nlm.nih.gov/pmc/articles/PMC13344886/
					https://www.ncbi.nlm.nih.gov/pmc/articles/PMC10531353/
					https://www.ncbi.nlm.nih.gov/pmc/articles/PMC10774311/
					https://www.ncbi.nlm.nih.gov/pmc/articles/PMC13006630/
					https://www.ncbi.nlm.nih.gov/pmc/articles/PMC12325296/
					https://www.ncbi.nlm.nih.gov/pmc/articles/PMC13290126/
					https://www.ncbi.nlm.nih.gov/pmc/articles/PMC12438449/
					https://www.ncbi.nlm.nih.gov/pmc/articles/PMC13320867/
					https://www.ncbi.nlm.nih.gov/pmc/articles/PMC13189266/
					https://www.ncbi.nlm.nih.gov/pmc/articles/PMC13142817/
					https://www.ncbi.nlm.nih.gov/pmc/articles/PMC12148254/
					https://www.ncbi.nlm.nih.gov/pmc/articles/PMC11212969/
					https://www.ncbi.nlm.nih.gov/pmc/articles/PMC12831016/
					https://www.ncbi.nlm.nih.gov/pmc/articles/PMC13184777/
					https://www.ncbi.nlm.nih.gov/pmc/articles/PMC12740085/
					https://www.ncbi.nlm.nih.gov/pmc/articles/PMC11253401/
					https://www.ncbi.nlm.nih.gov/pmc/articles/PMC10940585/
					https://www.ncbi.nlm.nih.gov/pmc/articles/PMC13345494/
					https://www.ncbi.nlm.nih.gov/pmc/articles/PMC13232178/
					https://www.ncbi.nlm.nih.gov/pmc/articles/PMC12191094/
					https://www.ncbi.nlm.nih.gov/pmc/articles/PMC10629466/
					https://www.ncbi.nlm.nih.gov/pmc/articles/PMC12781179/
					https://www.ncbi.nlm.nih.gov/pmc/articles/PMC12854962/
					https://www.ncbi.nlm.nih.gov/pmc/articles/PMC13443333/
					https://www.ncbi.nlm.nih.gov/pmc/articles/PMC12870267/
					https://www.ncbi.nlm.nih.gov/pmc/articles/PMC13366243/
					https://www.ncbi.nlm.nih.gov/pmc/articles/PMC12289046/
					https://www.ncbi.nlm.nih.gov/pmc/articles/PMC12536762/
					https://www.ncbi.nlm.nih.gov/pmc/articles/PMC12725335/
					https://www.ncbi.nlm.nih.gov/pmc/articles/PMC13263136/
					https://www.ncbi.nlm.nih.gov/pmc/articles/PMC13088717/
					https://www.ncbi.nlm.nih.gov/pmc/articles/PMC13389145/
					https://www.ncbi.nlm.nih.gov/pmc/articles/PMC12782147/
					https://www.ncbi.nlm.nih.gov/pmc/articles/PMC13279743/
					https://www.ncbi.nlm.nih.gov/pmc/articles/PMC10884990/
					https://www.ncbi.nlm.nih.gov/pmc/articles/PMC13252657/
					https://www.ncbi.nlm.nih.gov/pmc/articles/PMC12912463/
					https://www.ncbi.nlm.nih.gov/pmc/articles/PMC13099594/
					https://www.ncbi.nlm.nih.gov/pmc/articles/PMC12457950/
					https://www.ncbi.nlm.nih.gov/pmc/articles/PMC12633125/
					https://www.ncbi.nlm.nih.gov/pmc/articles/PMC11424506/
					https://www.ncbi.nlm.nih.gov/pmc/articles/PMC12462436/
					https://www.ncbi.nlm.nih.gov/pmc/articles/PMC13016809/
					https://www.ncbi.nlm.nih.gov/pmc/articles/PMC13355404/
					https://www.ncbi.nlm.nih.gov/pmc/articles/PMC13444717/
					https://www.ncbi.nlm.nih.gov/pmc/articles/PMC12440034/
					https://www.ncbi.nlm.nih.gov/pmc/articles/PMC13286739/
					https://www.ncbi.nlm.nih.gov/pmc/articles/PMC10806768/
					https://www.ncbi.nlm.nih.gov/pmc/articles/PMC10840621/
					https://www.ncbi.nlm.nih.gov/pmc/articles/PMC13285033/
					https://www.ncbi.nlm.nih.gov/pmc/articles/PMC11712860/
					https://www.ncbi.nlm.nih.gov/pmc/articles/PMC10984014/
					https://www.ncbi.nlm.nih.gov/pmc/articles/PMC12614089/
					https://www.ncbi.nlm.nih.gov/pmc/articles/PMC12192400/
					https://www.ncbi.nlm.nih.gov/pmc/articles/PMC13415252/
					https://www.ncbi.nlm.nih.gov/pmc/articles/PMC10783439/
					https://www.ncbi.nlm.nih.gov/pmc/articles/PMC10944211/
					https://www.ncbi.nlm.nih.gov/pmc/articles/PMC13391514/
					https://www.ncbi.nlm.nih.gov/pmc/articles/PMC12780749/
					https://www.ncbi.nlm.nih.gov/pmc/articles/PMC13385208/
					https://www.ncbi.nlm.nih.gov/pmc/articles/PMC12154994/
					https://www.ncbi.nlm.nih.gov/pmc/articles/PMC10696515/
					https://www.ncbi.nlm.nih.gov/pmc/articles/PMC11714626/
					https://www.ncbi.nlm.nih.gov/pmc/articles/PMC11364440/
					https://www.ncbi.nlm.nih.gov/pmc/articles/PMC13288256/
					https://www.ncbi.nlm.nih.gov/pmc/articles/PMC12022892/
					https://www.ncbi.nlm.nih.gov/pmc/articles/PMC11716368/
					https://www.ncbi.nlm.nih.gov/pmc/articles/PMC13102589/
					https://www.ncbi.nlm.nih.gov/pmc/articles/PMC12631126/
					https://www.ncbi.nlm.nih.gov/pmc/articles/PMC10841236/
					https://www.ncbi.nlm.nih.gov/pmc/articles/PMC13162269/
					https://www.ncbi.nlm.nih.gov/pmc/articles/PMC11736638/
					https://www.ncbi.nlm.nih.gov/pmc/articles/PMC11926374/
					https://www.ncbi.nlm.nih.gov/pmc/articles/PMC13375551/
					https://www.ncbi.nlm.nih.gov/pmc/articles/PMC12724921/
					https://www.ncbi.nlm.nih.gov/pmc/articles/PMC11710598/
					https://www.ncbi.nlm.nih.gov/pmc/articles/PMC12870712/
					https://www.ncbi.nlm.nih.gov/pmc/articles/PMC11888362/
					https://www.ncbi.nlm.nih.gov/pmc/articles/PMC11883504/
					https://www.ncbi.nlm.nih.gov/pmc/articles/PMC12155033/
					https://www.ncbi.nlm.nih.gov/pmc/articles/PMC12819166/
					https://www.ncbi.nlm.nih.gov/pmc/articles/PMC13022224/
					https://www.ncbi.nlm.nih.gov/pmc/articles/PMC12229619/
					https://www.ncbi.nlm.nih.gov/pmc/articles/PMC12967651/
					https://www.ncbi.nlm.nih.gov/pmc/articles/PMC11023674/
					https://www.ncbi.nlm.nih.gov/pmc/articles/PMC11643159/
					https://www.ncbi.nlm.nih.gov/pmc/articles/PMC13117069/
					https://www.ncbi.nlm.nih.gov/pmc/articles/PMC13060494/
					https://www.ncbi.nlm.nih.gov/pmc/articles/PMC12739784/
					https://www.ncbi.nlm.nih.gov/pmc/articles/PMC12400355/
					https://www.ncbi.nlm.nih.gov/pmc/articles/PMC12185638/
					https://www.ncbi.nlm.nih.gov/pmc/articles/PMC12737986/
					https://www.ncbi.nlm.nih.gov/pmc/articles/PMC12786143/
					https://www.ncbi.nlm.nih.gov/pmc/articles/PMC13058467/
					https://www.ncbi.nlm.nih.gov/pmc/articles/PMC11344569/
					https://www.ncbi.nlm.nih.gov/pmc/articles/PMC12136514/
					https://www.ncbi.nlm.nih.gov/pmc/articles/PMC12762722/
					https://www.ncbi.nlm.nih.gov/pmc/articles/PMC12725189/
					https://www.ncbi.nlm.nih.gov/pmc/articles/PMC12724906/
					https://www.ncbi.nlm.nih.gov/pmc/articles/PMC10873049/
					https://www.ncbi.nlm.nih.gov/pmc/articles/PMC11160917/
					https://www.ncbi.nlm.nih.gov/pmc/articles/PMC11800584/
					https://www.ncbi.nlm.nih.gov/pmc/articles/PMC12730461/
					https://www.ncbi.nlm.nih.gov/pmc/articles/PMC13383852/
					https://www.ncbi.nlm.nih.gov/pmc/articles/PMC13252440/
					https://www.ncbi.nlm.nih.gov/pmc/articles/PMC11952592/
					https://www.ncbi.nlm.nih.gov/pmc/articles/PMC13425621/
					https://www.ncbi.nlm.nih.gov/pmc/articles/PMC12183107/
					https://www.ncbi.nlm.nih.gov/pmc/articles/PMC13283902/
					https://www.ncbi.nlm.nih.gov/pmc/articles/PMC13439750/
					https://www.ncbi.nlm.nih.gov/pmc/articles/PMC12848857/
					https://www.ncbi.nlm.nih.gov/pmc/articles/PMC10902710/
PEACOK	1.0.7	used	https://github.com/astrazeneca-cgr-publications/PEACOK/	Primary genetic association tests were performed using PEACOK (version 1.0.7). PEACOK 1.0.7 is available on Zenodo (https://doi.org/10.5281/zenodo.7097303) and GitHub (https://github.com/astrazeneca-cgr-publications/PEACOK/).	https://www.ncbi.nlm.nih.gov/pmc/articles/PMC12124131/
					https://www.ncbi.nlm.nih.gov/pmc/articles/PMC12222332/
					https://www.ncbi.nlm.nih.gov/pmc/articles/PMC13351097/
					https://www.ncbi.nlm.nih.gov/pmc/articles/PMC8988051/
					https://www.ncbi.nlm.nih.gov/pmc/articles/PMC10559996/
					https://www.ncbi.nlm.nih.gov/pmc/articles/PMC12353966/
					https://www.ncbi.nlm.nih.gov/pmc/articles/PMC12330439/
					https://www.ncbi.nlm.nih.gov/pmc/articles/PMC13320930/
					https://www.ncbi.nlm.nih.gov/pmc/articles/PMC13311063/
					https://www.ncbi.nlm.nih.gov/pmc/articles/PMC11714564/
TensorQTL		used		xQTL analysis protocol and documentation: A comprehensive, web-based protocol describing the full xQTL analysis framework, including data preprocessing, reference data generation, TensorQTL association testing, fine-mapping and harmonization, with step-by-step guidance and links to executable workflows.	https://www.ncbi.nlm.nih.gov/pmc/articles/PMC13308301/
Leafcutter		used		Alternative splicing QTL preprocessing pipeline: A workflow for quantifying and processing splicing variation from RNA-seq data, including intron clustering (e.g., via Leafcutter), filtering, normalization, and formatting into analysis-ready matrices for downstream sQTL mapping.	https://www.ncbi.nlm.nih.gov/pmc/articles/PMC13308301/
					https://www.ncbi.nlm.nih.gov/pmc/articles/PMC13060879/
					https://www.ncbi.nlm.nih.gov/pmc/articles/PMC12780740/
					https://www.ncbi.nlm.nih.gov/pmc/articles/PMC11743781/
					https://www.ncbi.nlm.nih.gov/pmc/articles/PMC13188391/
					https://www.ncbi.nlm.nih.gov/pmc/articles/PMC11992597/
					https://www.ncbi.nlm.nih.gov/pmc/articles/PMC1142322/
					https://www.ncbi.nlm.nih.gov/pmc/articles/PMC11299072/
					https://www.ncbi.nlm.nih.gov/pmc/articles/PMC11868542/
					https://www.ncbi.nlm.nih.gov/pmc/articles/PMC10803079/
					https://www.ncbi.nlm.nih.gov/pmc/articles/PMC12861207/
					https://www.ncbi.nlm.nih.gov/pmc/articles/PMC12661016/
					https://www.ncbi.nlm.nih.gov/pmc/articles/PMC11224332/
					https://www.ncbi.nlm.nih.gov/pmc/articles/PMC13356035/
					https://www.ncbi.nlm.nih.gov/pmc/articles/PMC13254688/
					https://www.ncbi.nlm.nih.gov/pmc/articles/PMC12285673/
					https://www.ncbi.nlm.nih.gov/pmc/articles/PMC12778864/
					https://www.ncbi.nlm.nih.gov/pmc/articles/PMC13249794/
					https://www.ncbi.nlm.nih.gov/pmc/articles/PMC13213595/
					https://www.ncbi.nlm.nih.gov/pmc/articles/PMC11095439/
					https://www.ncbi.nlm.nih.gov/pmc/articles/PMC11489461/
					https://www.ncbi.nlm.nih.gov/pmc/articles/PMC13291382/
					https://www.ncbi.nlm.nih.gov/pmc/articles/PMC11705005/
					https://www.ncbi.nlm.nih.gov/pmc/articles/PMC11032569/
					https://www.ncbi.nlm.nih.gov/pmc/articles/PMC10907088/
					https://www.ncbi.nlm.nih.gov/pmc/articles/PMC13122948/
					https://www.ncbi.nlm.nih.gov/pmc/articles/PMC11587650/
					https://www.ncbi.nlm.nih.gov/pmc/articles/PMC12739220/
					https://www.ncbi.nlm.nih.gov/pmc/articles/PMC13420447/
					https://www.ncbi.nlm.nih.gov/pmc/articles/PMC11346548/
					https://www.ncbi.nlm.nih.gov/pmc/articles/PMC13321179/
					https://www.ncbi.nlm.nih.gov/pmc/articles/PMC10580004/
					https://www.ncbi.nlm.nih.gov/pmc/articles/PMC13310155/
					https://www.ncbi.nlm.nih.gov/pmc/articles/PMC8939858/
					https://www.ncbi.nlm.nih.gov/pmc/articles/PMC13327578/
					https://www.ncbi.nlm.nih.gov/pmc/articles/PMC12254929/
					https://www.ncbi.nlm.nih.gov/pmc/articles/PMC10916941/
					https://www.ncbi.nlm.nih.gov/pmc/articles/PMC12799763/
					https://www.ncbi.nlm.nih.gov/pmc/articles/PMC12755273/
					https://www.ncbi.nlm.nih.gov/pmc/articles/PMC13309853/
					https://www.ncbi.nlm.nih.gov/pmc/articles/PMC12090069/
					https://www.ncbi.nlm.nih.gov/pmc/articles/PMC13004690/
					https://www.ncbi.nlm.nih.gov/pmc/articles/PMC12741242/
					https://www.ncbi.nlm.nih.gov/pmc/articles/PMC12569956/
					https://www.ncbi.nlm.nih.gov/pmc/articles/PMC12871015/
					https://www.ncbi.nlm.nih.gov/pmc/articles/PMC13091107/
					https://www.ncbi.nlm.nih.gov/pmc/articles/PMC12724748/
					https://www.ncbi.nlm.nih.gov/pmc/articles/PMC12537781/
					https://www.ncbi.nlm.nih.gov/pmc/articles/PMC11031399/
					https://www.ncbi.nlm.nih.gov/pmc/articles/PMC10949809/
					https://www.ncbi.nlm.nih.gov/pmc/articles/PMC13308055/
					https://www.ncbi.nlm.nih.gov/pmc/articles/PMC12258722/
					https://www.ncbi.nlm.nih.gov/pmc/articles/PMC12287614/
					https://www.ncbi.nlm.nih.gov/pmc/articles/PMC13378024/
					https://www.ncbi.nlm.nih.gov/pmc/articles/PMC12001008/
					https://www.ncbi.nlm.nih.gov/pmc/articles/PMC12790572/
					https://www.ncbi.nlm.nih.gov/pmc/articles/PMC11131578/
					https://www.ncbi.nlm.nih.gov/pmc/articles/PMC12738415/
					https://www.ncbi.nlm.nih.gov/pmc/articles/PMC12362973/
					https://www.ncbi.nlm.nih.gov/pmc/articles/PMC12552893/
					https://www.ncbi.nlm.nih.gov/pmc/articles/PMC8970049/
					https://www.ncbi.nlm.nih.gov/pmc/articles/PMC11772737/
					https://www.ncbi.nlm.nih.gov/pmc/articles/PMC12963612/
					https://www.ncbi.nlm.nih.gov/pmc/articles/PMC13042094/
					https://www.ncbi.nlm.nih.gov/pmc/articles/PMC12612133/
					https://www.ncbi.nlm.nih.gov/pmc/articles/PMC12397202/
					https://www.ncbi.nlm.nih.gov/pmc/articles/PMC13234610/
					https://www.ncbi.nlm.nih.gov/pmc/articles/PMC13212758/
					https://www.ncbi.nlm.nih.gov/pmc/articles/PMC12372436/
					https://www.ncbi.nlm.nih.gov/pmc/articles/PMC13284751/
					https://www.ncbi.nlm.nih.gov/pmc/articles/PMC12134523/
					https://www.ncbi.nlm.nih.gov/pmc/articles/PMC13370675/
					https://www.ncbi.nlm.nih.gov/pmc/articles/PMC12434275/
					https://www.ncbi.nlm.nih.gov/pmc/articles/PMC13263774/
					https://www.ncbi.nlm.nih.gov/pmc/articles/PMC12177875/
					https://www.ncbi.nlm.nih.gov/pmc/articles/PMC10729487/
					https://www.ncbi.nlm.nih.gov/pmc/articles/PMC13314546/
					https://www.ncbi.nlm.nih.gov/pmc/articles/PMC12000248/
					https://www.ncbi.nlm.nih.gov/pmc/articles/PMC11224599/
					https://www.ncbi.nlm.nih.gov/pmc/articles/PMC13441883/
					https://www.ncbi.nlm.nih.gov/pmc/articles/PMC13438303/
					https://www.ncbi.nlm.nih.gov/pmc/articles/PMC13344889/
					https://www.ncbi.nlm.nih.gov/pmc/articles/PMC13415749/
					https://www.ncbi.nlm.nih.gov/pmc/articles/PMC12725413/
					https://www.ncbi.nlm.nih.gov/pmc/articles/PMC13426007/
					https://www.ncbi.nlm.nih.gov/pmc/articles/PMC7242906/
					https://www.ncbi.nlm.nih.gov/pmc/articles/PMC11957428/
					https://www.ncbi.nlm.nih.gov/pmc/articles/PMC12073977/
					https://www.ncbi.nlm.nih.gov/pmc/articles/PMC12779118/
					https://www.ncbi.nlm.nih.gov/pmc/articles/PMC12706619/
					https://www.ncbi.nlm.nih.gov/pmc/articles/PMC12869681/
					https://www.ncbi.nlm.nih.gov/pmc/articles/PMC13320938/
					https://www.ncbi.nlm.nih.gov/pmc/articles/PMC12952682/
					https://www.ncbi.nlm.nih.gov/pmc/articles/PMC13241809/
					https://www.ncbi.nlm.nih.gov/pmc/articles/PMC12781868/
					https://www.ncbi.nlm.nih.gov/pmc/articles/PMC12950279/
					https://www.ncbi.nlm.nih.gov/pmc/articles/PMC12955358/
					https://www.ncbi.nlm.nih.gov/pmc/articles/PMC11710328/
					https://www.ncbi.nlm.nih.gov/pmc/articles/PMC12089551/
					https://www.ncbi.nlm.nih.gov/pmc/articles/PMC11451815/
					https://www.ncbi.nlm.nih.gov/pmc/articles/PMC12178823/
					https://www.ncbi.nlm.nih.gov/pmc/articles/PMC11224614/
					https://www.ncbi.nlm.nih.gov/pmc/articles/PMC11213103/
					https://www.ncbi.nlm.nih.gov/pmc/articles/PMC10663008/
					https://www.ncbi.nlm.nih.gov/pmc/articles/PMC12633229/
					https://www.ncbi.nlm.nih.gov/pmc/articles/PMC12869030/
					https://www.ncbi.nlm.nih.gov/pmc/articles/PMC13444718/
					https://www.ncbi.nlm.nih.gov/pmc/articles/PMC13441993/
					https://www.ncbi.nlm.nih.gov/pmc/articles/PMC12698941/
					https://www.ncbi.nlm.nih.gov/pmc/articles/PMC10907089/
					https://www.ncbi.nlm.nih.gov/pmc/articles/PMC10829523/
					https://www.ncbi.nlm.nih.gov/pmc/articles/PMC11110494/
					https://www.ncbi.nlm.nih.gov/pmc/articles/PMC10659533/
					https://www.ncbi.nlm.nih.gov/pmc/articles/PMC13228756/
					https://www.ncbi.nlm.nih.gov/pmc/articles/PMC12997160/
					https://www.ncbi.nlm.nih.gov/pmc/articles/PMC12047396/
					https://www.ncbi.nlm.nih.gov/pmc/articles/PMC12810337/
					https://www.ncbi.nlm.nih.gov/pmc/articles/PMC13267632/
					https://www.ncbi.nlm.nih.gov/pmc/articles/PMC12950092/
					https://www.ncbi.nlm.nih.gov/pmc/articles/PMC12713545/
					https://www.ncbi.nlm.nih.gov/pmc/articles/PMC11947672/
					https://www.ncbi.nlm.nih.gov/pmc/articles/PMC13206525/
					https://www.ncbi.nlm.nih.gov/pmc/articles/PMC13344995/
					https://www.ncbi.nlm.nih.gov/pmc/articles/PMC10767119/
					https://www.ncbi.nlm.nih.gov/pmc/articles/PMC12397066/
					https://www.ncbi.nlm.nih.gov/pmc/articles/PMC12457986/
					https://www.ncbi.nlm.nih.gov/pmc/articles/PMC13248444/
					https://www.ncbi.nlm.nih.gov/pmc/articles/PMC12873958/
					https://www.ncbi.nlm.nih.gov/pmc/articles/PMC13073338/
					https://www.ncbi.nlm.nih.gov/pmc/articles/PMC12424659/
					https://www.ncbi.nlm.nih.gov/pmc/articles/PMC10756918/
					https://www.ncbi.nlm.nih.gov/pmc/articles/PMC13405500/
Elastic Net		created		The repository contains the trained Elastic Net model (six_gene_model.pkl)	https://www.ncbi.nlm.nih.gov/pmc/articles/PMC13360218/
					https://www.ncbi.nlm.nih.gov/pmc/articles/PMC12101073/
					https://www.ncbi.nlm.nih.gov/pmc/articles/PMC12568369/
					https://www.ncbi.nlm.nih.gov/pmc/articles/PMC13425059/
Susceptible-Infectious-Recovery model		used	https://github.com/DeMONLab-BioFINDER/Xiao_Tau_simulation_SIR	Scripts for the revised Susceptible-Infectious-Recovery model can be found at https://github.com/DeMONLab-BioFINDER/Xiao_Tau_simulation_SIR	https://www.ncbi.nlm.nih.gov/pmc/articles/PMC13042161/
SuStaIn algorithm		used	https://github.com/ucl-pond	Implementations of the SuStaIn algorithm are available on the UCL-POND GitHub page: https://github.com/ucl-pond	https://www.ncbi.nlm.nih.gov/pmc/articles/PMC13042161/
					https://www.ncbi.nlm.nih.gov/pmc/articles/PMC13263297/
					https://www.ncbi.nlm.nih.gov/pmc/articles/PMC11326320/
					https://www.ncbi.nlm.nih.gov/pmc/articles/PMC13124770/
					https://www.ncbi.nlm.nih.gov/pmc/articles/PMC13239803/
					https://www.ncbi.nlm.nih.gov/pmc/articles/PMC12413719/
					https://www.ncbi.nlm.nih.gov/pmc/articles/PMC12857747/
					https://www.ncbi.nlm.nih.gov/pmc/articles/PMC10984510/
					https://www.ncbi.nlm.nih.gov/pmc/articles/PMC12005983/
					https://www.ncbi.nlm.nih.gov/pmc/articles/PMC12133425/
					https://www.ncbi.nlm.nih.gov/pmc/articles/PMC12799594/
					https://www.ncbi.nlm.nih.gov/pmc/articles/PMC12310555/
					https://www.ncbi.nlm.nih.gov/pmc/articles/PMC12741730/
					https://www.ncbi.nlm.nih.gov/pmc/articles/PMC12782094/
					https://www.ncbi.nlm.nih.gov/pmc/articles/PMC13314055/
					https://www.ncbi.nlm.nih.gov/pmc/articles/PMC12982126/
					https://www.ncbi.nlm.nih.gov/pmc/articles/PMC12742904/
					https://www.ncbi.nlm.nih.gov/pmc/articles/PMC11761678/
					https://www.ncbi.nlm.nih.gov/pmc/articles/PMC13310903/
					https://www.ncbi.nlm.nih.gov/pmc/articles/PMC12903563/
					https://www.ncbi.nlm.nih.gov/pmc/articles/PMC12234358/
					https://www.ncbi.nlm.nih.gov/pmc/articles/PMC11727989/
					https://www.ncbi.nlm.nih.gov/pmc/articles/PMC11059071/
					https://www.ncbi.nlm.nih.gov/pmc/articles/PMC12406739/
					https://www.ncbi.nlm.nih.gov/pmc/articles/PMC10790150/
					https://www.ncbi.nlm.nih.gov/pmc/articles/PMC13232430/
					https://www.ncbi.nlm.nih.gov/pmc/articles/PMC13345457/
					https://www.ncbi.nlm.nih.gov/pmc/articles/PMC13273604/
					https://www.ncbi.nlm.nih.gov/pmc/articles/PMC12657122/
					https://www.ncbi.nlm.nih.gov/pmc/articles/PMC13284678/
					https://www.ncbi.nlm.nih.gov/pmc/articles/PMC12609060/
					https://www.ncbi.nlm.nih.gov/pmc/articles/PMC12892842/
					https://www.ncbi.nlm.nih.gov/pmc/articles/PMC13412129/
					https://www.ncbi.nlm.nih.gov/pmc/articles/PMC12735601/
					https://www.ncbi.nlm.nih.gov/pmc/articles/PMC12739984/
					https://www.ncbi.nlm.nih.gov/pmc/articles/PMC12742829/
					https://www.ncbi.nlm.nih.gov/pmc/articles/PMC13284470/
					https://www.ncbi.nlm.nih.gov/pmc/articles/PMC11488361/
GAMLSS model		used	https://github.com/brainchart/Lifespan	We generated the models using the GAMLSS model code in https://github.com/brainchart/Lifespan	https://www.ncbi.nlm.nih.gov/pmc/articles/PMC12330520/
					https://www.ncbi.nlm.nih.gov/pmc/articles/PMC12159889/
					https://www.ncbi.nlm.nih.gov/pmc/articles/PMC13234467/
MULTIRF		created	https://github.com/novawz/multiRF	The MULTIRF R package is available at https://github.com/novawz/multiRF	https://www.ncbi.nlm.nih.gov/pmc/articles/PMC13320980/
multiRF-cluster		created	https://github.com/TransBioInfoLab/multiRF-cluster	Analysis scripts to reproduce all results in this paper are available at https://github.com/novawz/multiRF https://github.com/TransBioInfoLab/multiRF-cluster	https://www.ncbi.nlm.nih.gov/pmc/articles/PMC13320980/
					https://www.ncbi.nlm.nih.gov/pmc/articles/PMC12874790/
					https://www.ncbi.nlm.nih.gov/pmc/articles/PMC13058457/
					https://www.ncbi.nlm.nih.gov/pmc/articles/PMC11485084/
					https://www.ncbi.nlm.nih.gov/pmc/articles/PMC12887737/
					https://www.ncbi.nlm.nih.gov/pmc/articles/PMC12735619/
					https://www.ncbi.nlm.nih.gov/pmc/articles/PMC11716612/
					https://www.ncbi.nlm.nih.gov/pmc/articles/PMC11981827/
					https://www.ncbi.nlm.nih.gov/pmc/articles/PMC13058454/
					https://www.ncbi.nlm.nih.gov/pmc/articles/PMC11714028/
					https://www.ncbi.nlm.nih.gov/pmc/articles/PMC12639399/
					https://www.ncbi.nlm.nih.gov/pmc/articles/PMC10543218/
					https://www.ncbi.nlm.nih.gov/pmc/articles/PMC13421004/
					https://www.ncbi.nlm.nih.gov/pmc/articles/PMC12457634/
					https://www.ncbi.nlm.nih.gov/pmc/articles/PMC12802089/
					https://www.ncbi.nlm.nih.gov/pmc/articles/PMC12129724/
					https://www.ncbi.nlm.nih.gov/pmc/articles/PMC13320881/
					https://www.ncbi.nlm.nih.gov/pmc/articles/PMC13142601/
					https://www.ncbi.nlm.nih.gov/pmc/articles/PMC12082010/
					https://www.ncbi.nlm.nih.gov/pmc/articles/PMC12370119/
					https://www.ncbi.nlm.nih.gov/pmc/articles/PMC11495221/
					https://www.ncbi.nlm.nih.gov/pmc/articles/PMC6294579/
					https://www.ncbi.nlm.nih.gov/pmc/articles/PMC11307086/
					https://www.ncbi.nlm.nih.gov/pmc/articles/PMC13375937/
					https://www.ncbi.nlm.nih.gov/pmc/articles/PMC12260115/
					https://www.ncbi.nlm.nih.gov/pmc/articles/PMC11781133/
					https://www.ncbi.nlm.nih.gov/pmc/articles/PMC12742445/
					https://www.ncbi.nlm.nih.gov/pmc/articles/PMC11559840/
					https://www.ncbi.nlm.nih.gov/pmc/articles/PMC10848896/
					https://www.ncbi.nlm.nih.gov/pmc/articles/PMC13151964/
					https://www.ncbi.nlm.nih.gov/pmc/articles/PMC11284634/
					https://www.ncbi.nlm.nih.gov/pmc/articles/PMC13286836/
					https://www.ncbi.nlm.nih.gov/pmc/articles/PMC13451523/
					https://www.ncbi.nlm.nih.gov/pmc/articles/PMC13298147/
					https://www.ncbi.nlm.nih.gov/pmc/articles/PMC12522543/
					https://www.ncbi.nlm.nih.gov/pmc/articles/PMC11848182/
					https://www.ncbi.nlm.nih.gov/pmc/articles/PMC11132317/
					https://www.ncbi.nlm.nih.gov/pmc/articles/PMC13377449/
					https://www.ncbi.nlm.nih.gov/pmc/articles/PMC11844630/
					https://www.ncbi.nlm.nih.gov/pmc/articles/PMC13370964/
					https://www.ncbi.nlm.nih.gov/pmc/articles/PMC13124650/
					https://www.ncbi.nlm.nih.gov/pmc/articles/PMC13291396/
					https://www.ncbi.nlm.nih.gov/pmc/articles/PMC10578328/
					https://www.ncbi.nlm.nih.gov/pmc/articles/PMC11439699/
					https://www.ncbi.nlm.nih.gov/pmc/articles/PMC11877693/
					https://www.ncbi.nlm.nih.gov/pmc/articles/PMC12313335/
					https://www.ncbi.nlm.nih.gov/pmc/articles/PMC12069023/
					https://www.ncbi.nlm.nih.gov/pmc/articles/PMC12149845/
					https://www.ncbi.nlm.nih.gov/pmc/articles/PMC13308377/
					https://www.ncbi.nlm.nih.gov/pmc/articles/PMC13064983/
					https://www.ncbi.nlm.nih.gov/pmc/articles/PMC10531732/
					https://www.ncbi.nlm.nih.gov/pmc/articles/PMC11862824/
					https://www.ncbi.nlm.nih.gov/pmc/articles/PMC12786582/
					https://www.ncbi.nlm.nih.gov/pmc/articles/PMC12998354/
					https://www.ncbi.nlm.nih.gov/pmc/articles/PMC7042808/
					https://www.ncbi.nlm.nih.gov/pmc/articles/PMC12354321/
					https://www.ncbi.nlm.nih.gov/pmc/articles/PMC12578868/
					https://www.ncbi.nlm.nih.gov/pmc/articles/PMC13406847/
					https://www.ncbi.nlm.nih.gov/pmc/articles/PMC11917095/
					https://www.ncbi.nlm.nih.gov/pmc/articles/PMC11497673/
					https://www.ncbi.nlm.nih.gov/pmc/articles/PMC11939032/
					https://www.ncbi.nlm.nih.gov/pmc/articles/PMC11846481/
					https://www.ncbi.nlm.nih.gov/pmc/articles/PMC6974501/
					https://www.ncbi.nlm.nih.gov/pmc/articles/PMC13347685/
					https://www.ncbi.nlm.nih.gov/pmc/articles/PMC11266440/
					https://www.ncbi.nlm.nih.gov/pmc/articles/PMC13351319/
					https://www.ncbi.nlm.nih.gov/pmc/articles/PMC13324718/
					https://www.ncbi.nlm.nih.gov/pmc/articles/PMC12444947/
					https://www.ncbi.nlm.nih.gov/pmc/articles/PMC13319782/
					https://www.ncbi.nlm.nih.gov/pmc/articles/PMC12848908/
					https://www.ncbi.nlm.nih.gov/pmc/articles/PMC9992756/
					https://www.ncbi.nlm.nih.gov/pmc/articles/PMC11350283/
					https://www.ncbi.nlm.nih.gov/pmc/articles/PMC13060449/
					https://www.ncbi.nlm.nih.gov/pmc/articles/PMC11305927/
					https://www.ncbi.nlm.nih.gov/pmc/articles/PMC12742817/
					https://www.ncbi.nlm.nih.gov/pmc/articles/PMC13334065/
					https://www.ncbi.nlm.nih.gov/pmc/articles/PMC7838407/
					https://www.ncbi.nlm.nih.gov/pmc/articles/PMC13288185/
					https://www.ncbi.nlm.nih.gov/pmc/articles/PMC13243270/
					https://www.ncbi.nlm.nih.gov/pmc/articles/PMC12288883/
PLINK 2		used		We used publicly available software for all analyses in this study. This included PLINK 2, BOLT-LMM (v.2.5), Regenie, and GWAMA (v.1.2.6), perform sex-stratified GWAS	https://www.ncbi.nlm.nih.gov/pmc/articles/PMC12636628/
BOLT-LMM	v.2.5	used		This included PLINK 2, BOLT-LMM (v.2.5), Regenie, and GWAMA (v.1.2.6), perform sex-stratified GWAS	https://www.ncbi.nlm.nih.gov/pmc/articles/PMC12636628/
Regenie		used		This included PLINK 2, BOLT-LMM (v.2.5), Regenie, and GWAMA (v.1.2.6), perform sex-stratified GWAS	https://www.ncbi.nlm.nih.gov/pmc/articles/PMC12636628/
GWAMA	v.1.2.6	used		This included PLINK 2, BOLT-LMM (v.2.5), Regenie, and GWAMA (v.1.2.6), perform sex-stratified GWAS	https://www.ncbi.nlm.nih.gov/pmc/articles/PMC12636628/
LDSC	v.2.0.0	used		LDSC (v.2.0.0) to format summary statistics	https://www.ncbi.nlm.nih.gov/pmc/articles/PMC12636628/
FUSION		used		and FUSION for PWAS	https://www.ncbi.nlm.nih.gov/pmc/articles/PMC12636628/
VEP	release 114	used		Variant annotation was performed using VEP release 114	https://www.ncbi.nlm.nih.gov/pmc/articles/PMC12636628/
SMR	v.1.4.0	used		SMR (v.1.4.0) was used to perform SMR and HEIDI analyses	https://www.ncbi.nlm.nih.gov/pmc/articles/PMC12636628/
coloc	v.4.2.1	used		and coloc (v.4.2.1) R package to perform colocalization	https://www.ncbi.nlm.nih.gov/pmc/articles/PMC12636628/
locuszoomr	v.0.3.8	used		locuszoomr (v.0.3.8), locuscomparer (v.1.0.0), and ggplot2 (v.3.5.2) were used to create locus zoom, locus compare, and multi-tag locus plots	https://www.ncbi.nlm.nih.gov/pmc/articles/PMC12636628/
locuscomparer	v.1.0.0	used		locuszoomr (v.0.3.8), locuscomparer (v.1.0.0), and ggplot2 (v.3.5.2) were used to create locus zoom, locus compare, and multi-tag locus plots	https://www.ncbi.nlm.nih.gov/pmc/articles/PMC12636628/
ggplot2	v.3.5.2	used		locuszoomr (v.0.3.8), locuscomparer (v.1.0.0), and ggplot2 (v.3.5.2) were used to create locus zoom, locus compare, and multi-tag locus plots	https://www.ncbi.nlm.nih.gov/pmc/articles/PMC12636628/
clusterProfiler	v.4.12.6	used		Enrichment analyses and associated figure generation was performed using clusterProfiler (v.4.12.6), org.Hs.eg.db (v.3.21.0), simplifyEnrichment (v.1.14.1), HGNChelper (v.0.8.14), and ComplexHeatmap (v.2.20.0) R packages	https://www.ncbi.nlm.nih.gov/pmc/articles/PMC12636628/
org.Hs.eg.db	v.3.21.0	used		Enrichment analyses and associated figure generation was performed using clusterProfiler (v.4.12.6), org.Hs.eg.db (v.3.21.0), simplifyEnrichment (v.1.14.1), HGNChelper (v.0.8.14), and ComplexHeatmap (v.2.20.0) R packages	https://www.ncbi.nlm.nih.gov/pmc/articles/PMC12636628/
simplifyEnrichment	v.1.14.1	used		Enrichment analyses and associated figure generation was performed using clusterProfiler (v.4.12.6), org.Hs.eg.db (v.3.21.0), simplifyEnrichment (v.1.14.1), HGNChelper (v.0.8.14), and ComplexHeatmap (v.2.20.0) R packages	https://www.ncbi.nlm.nih.gov/pmc/articles/PMC12636628/
HGNChelper	v.0.8.14	used		Enrichment analyses and associated figure generation was performed using clusterProfiler (v.4.12.6), org.Hs.eg.db (v.3.21.0), simplifyEnrichment (v.1.14.1), HGNChelper (v.0.8.14), and ComplexHeatmap (v.2.20.0) R packages	https://www.ncbi.nlm.nih.gov/pmc/articles/PMC12636628/
ComplexHeatmap	v.2.20.0	used		Enrichment analyses and associated figure generation was performed using clusterProfiler (v.4.12.6), org.Hs.eg.db (v.3.21.0), simplifyEnrichment (v.1.14.1), HGNChelper (v.0.8.14), and ComplexHeatmap (v.2.20.0) R packages	https://www.ncbi.nlm.nih.gov/pmc/articles/PMC12636628/
cowplot	v.1.2.0	used		Other figures utilized cowplot (v.1.2.0), scales (v.1.	https://www.ncbi.nlm.nih.gov/pmc/articles/PMC12636628/
					https://www.ncbi.nlm.nih.gov/pmc/articles/PMC11549054/
					https://www.ncbi.nlm.nih.gov/pmc/articles/PMC12138273/
					https://www.ncbi.nlm.nih.gov/pmc/articles/PMC11816548/
					https://www.ncbi.nlm.nih.gov/pmc/articles/PMC11714363/
					https://www.ncbi.nlm.nih.gov/pmc/articles/PMC11848196/
					https://www.ncbi.nlm.nih.gov/pmc/articles/PMC11937048/
					https://www.ncbi.nlm.nih.gov/pmc/articles/PMC10841499/
					https://www.ncbi.nlm.nih.gov/pmc/articles/PMC5374886/
					https://www.ncbi.nlm.nih.gov/pmc/articles/PMC12805464/
					https://www.ncbi.nlm.nih.gov/pmc/articles/PMC10916963/
					https://www.ncbi.nlm.nih.gov/pmc/articles/PMC7649343/
					https://www.ncbi.nlm.nih.gov/pmc/articles/PMC10352930/
					https://www.ncbi.nlm.nih.gov/pmc/articles/PMC13041811/
					https://www.ncbi.nlm.nih.gov/pmc/articles/PMC7695466/
					https://www.ncbi.nlm.nih.gov/pmc/articles/PMC13313590/
					https://www.ncbi.nlm.nih.gov/pmc/articles/PMC13290646/
					https://www.ncbi.nlm.nih.gov/pmc/articles/PMC6431302/
					https://www.ncbi.nlm.nih.gov/pmc/articles/PMC11581049/
					https://www.ncbi.nlm.nih.gov/pmc/articles/PMC11736711/
					https://www.ncbi.nlm.nih.gov/pmc/articles/PMC11491991/
					https://www.ncbi.nlm.nih.gov/pmc/articles/PMC13183599/
					https://www.ncbi.nlm.nih.gov/pmc/articles/PMC10548686/
					https://www.ncbi.nlm.nih.gov/pmc/articles/PMC12627892/
					https://www.ncbi.nlm.nih.gov/pmc/articles/PMC11710753/
					https://www.ncbi.nlm.nih.gov/pmc/articles/PMC12713137/
					https://www.ncbi.nlm.nih.gov/pmc/articles/PMC13103267/
					https://www.ncbi.nlm.nih.gov/pmc/articles/PMC12558403/
					https://www.ncbi.nlm.nih.gov/pmc/articles/PMC12410576/
					https://www.ncbi.nlm.nih.gov/pmc/articles/PMC11193266/
					https://www.ncbi.nlm.nih.gov/pmc/articles/PMC13045258/
					https://www.ncbi.nlm.nih.gov/pmc/articles/PMC8901176/
					https://www.ncbi.nlm.nih.gov/pmc/articles/PMC12919147/
					https://www.ncbi.nlm.nih.gov/pmc/articles/PMC13367321/
					https://www.ncbi.nlm.nih.gov/pmc/articles/PMC11586308/
					https://www.ncbi.nlm.nih.gov/pmc/articles/PMC8689441/
					https://www.ncbi.nlm.nih.gov/pmc/articles/PMC11577961/
					https://www.ncbi.nlm.nih.gov/pmc/articles/PMC11881306/
					https://www.ncbi.nlm.nih.gov/pmc/articles/PMC7357296/
					https://www.ncbi.nlm.nih.gov/pmc/articles/PMC13131714/
					https://www.ncbi.nlm.nih.gov/pmc/articles/PMC13274047/
					https://www.ncbi.nlm.nih.gov/pmc/articles/PMC11888404/
					https://www.ncbi.nlm.nih.gov/pmc/articles/PMC11912746/
					https://www.ncbi.nlm.nih.gov/pmc/articles/PMC12485798/
					https://www.ncbi.nlm.nih.gov/pmc/articles/PMC13183603/
					https://www.ncbi.nlm.nih.gov/pmc/articles/PMC10197717/
					https://www.ncbi.nlm.nih.gov/pmc/articles/PMC12301693/
					https://www.ncbi.nlm.nih.gov/pmc/articles/PMC11310295/
					https://www.ncbi.nlm.nih.gov/pmc/articles/PMC12295682/
					https://www.ncbi.nlm.nih.gov/pmc/articles/PMC12700818/
					https://www.ncbi.nlm.nih.gov/pmc/articles/PMC12602727/
					https://www.ncbi.nlm.nih.gov/pmc/articles/PMC11069162/
					https://www.ncbi.nlm.nih.gov/pmc/articles/PMC11049136/
					https://www.ncbi.nlm.nih.gov/pmc/articles/PMC12578986/
					https://www.ncbi.nlm.nih.gov/pmc/articles/PMC12734708/
					https://www.ncbi.nlm.nih.gov/pmc/articles/PMC13445243/
					https://www.ncbi.nlm.nih.gov/pmc/articles/PMC11715030/
					https://www.ncbi.nlm.nih.gov/pmc/articles/PMC13358026/
					https://www.ncbi.nlm.nih.gov/pmc/articles/PMC11415491/
					https://www.ncbi.nlm.nih.gov/pmc/articles/PMC11848338/
					https://www.ncbi.nlm.nih.gov/pmc/articles/PMC8494841/
					https://www.ncbi.nlm.nih.gov/pmc/articles/PMC11303826/
					https://www.ncbi.nlm.nih.gov/pmc/articles/PMC12934836/
					https://www.ncbi.nlm.nih.gov/pmc/articles/PMC11341404/
					https://www.ncbi.nlm.nih.gov/pmc/articles/PMC12622134/
					https://www.ncbi.nlm.nih.gov/pmc/articles/PMC11033837/
					https://www.ncbi.nlm.nih.gov/pmc/articles/PMC12726934/
					https://www.ncbi.nlm.nih.gov/pmc/articles/PMC10802483/
					https://www.ncbi.nlm.nih.gov/pmc/articles/PMC13247332/
					https://www.ncbi.nlm.nih.gov/pmc/articles/PMC11923568/
					https://www.ncbi.nlm.nih.gov/pmc/articles/PMC12811812/
					https://www.ncbi.nlm.nih.gov/pmc/articles/PMC12633097/
					https://www.ncbi.nlm.nih.gov/pmc/articles/PMC10775662/
					https://www.ncbi.nlm.nih.gov/pmc/articles/PMC13265145/
					https://www.ncbi.nlm.nih.gov/pmc/articles/PMC13254825/
					https://www.ncbi.nlm.nih.gov/pmc/articles/PMC13014940/
					https://www.ncbi.nlm.nih.gov/pmc/articles/PMC12092734/
					https://www.ncbi.nlm.nih.gov/pmc/articles/PMC9886860/
					https://www.ncbi.nlm.nih.gov/pmc/articles/PMC11247664/
					https://www.ncbi.nlm.nih.gov/pmc/articles/PMC12405053/
					https://www.ncbi.nlm.nih.gov/pmc/articles/PMC12528040/
					https://www.ncbi.nlm.nih.gov/pmc/articles/PMC11716602/
					https://www.ncbi.nlm.nih.gov/pmc/articles/PMC10365231/
					https://www.ncbi.nlm.nih.gov/pmc/articles/PMC11261013/
					https://www.ncbi.nlm.nih.gov/pmc/articles/PMC12060125/
					https://www.ncbi.nlm.nih.gov/pmc/articles/PMC12938945/
					https://www.ncbi.nlm.nih.gov/pmc/articles/PMC11536525/
					https://www.ncbi.nlm.nih.gov/pmc/articles/PMC12161325/
					https://www.ncbi.nlm.nih.gov/pmc/articles/PMC12332637/
					https://www.ncbi.nlm.nih.gov/pmc/articles/PMC12062277/
					https://www.ncbi.nlm.nih.gov/pmc/articles/PMC11236004/
					https://www.ncbi.nlm.nih.gov/pmc/articles/PMC11601160/
					https://www.ncbi.nlm.nih.gov/pmc/articles/PMC6035398/
					https://www.ncbi.nlm.nih.gov/pmc/articles/PMC11419020/
					https://www.ncbi.nlm.nih.gov/pmc/articles/PMC11213114/
Enformer	1	used	https://tfhub.dev/deepmind/enformer/1	We load the Enformer model from https://tfhub.dev/deepmind/enformer/1 and use model.predict_on_batch to make predictions.	https://www.ncbi.nlm.nih.gov/pmc/articles/PMC13345963/
					https://www.ncbi.nlm.nih.gov/pmc/articles/PMC13047128/
					https://www.ncbi.nlm.nih.gov/pmc/articles/PMC11971857/
					https://www.ncbi.nlm.nih.gov/pmc/articles/PMC11263168/
					https://www.ncbi.nlm.nih.gov/pmc/articles/PMC11745415/
					https://www.ncbi.nlm.nih.gov/pmc/articles/PMC12310243/
					https://www.ncbi.nlm.nih.gov/pmc/articles/PMC12633498/
					https://www.ncbi.nlm.nih.gov/pmc/articles/PMC12340809/
					https://www.ncbi.nlm.nih.gov/pmc/articles/PMC8178158/
					https://www.ncbi.nlm.nih.gov/pmc/articles/PMC11095487/
					https://www.ncbi.nlm.nih.gov/pmc/articles/PMC10644954/
					https://www.ncbi.nlm.nih.gov/pmc/articles/PMC11950204/
					https://www.ncbi.nlm.nih.gov/pmc/articles/PMC12725614/
					https://www.ncbi.nlm.nih.gov/pmc/articles/PMC13099382/
					https://www.ncbi.nlm.nih.gov/pmc/articles/PMC12859894/
					https://www.ncbi.nlm.nih.gov/pmc/articles/PMC11112892/
					https://www.ncbi.nlm.nih.gov/pmc/articles/PMC13174800/
					https://www.ncbi.nlm.nih.gov/pmc/articles/PMC12745176/
					https://www.ncbi.nlm.nih.gov/pmc/articles/PMC13232423/
					https://www.ncbi.nlm.nih.gov/pmc/articles/PMC10894607/
					https://www.ncbi.nlm.nih.gov/pmc/articles/PMC12365445/
					https://www.ncbi.nlm.nih.gov/pmc/articles/PMC12341763/
					https://www.ncbi.nlm.nih.gov/pmc/articles/PMC12800076/
					https://www.ncbi.nlm.nih.gov/pmc/articles/PMC12928012/
					https://www.ncbi.nlm.nih.gov/pmc/articles/PMC12966664/
					https://www.ncbi.nlm.nih.gov/pmc/articles/PMC12185245/
					https://www.ncbi.nlm.nih.gov/pmc/articles/PMC12726221/
					https://www.ncbi.nlm.nih.gov/pmc/articles/PMC12931307/
					https://www.ncbi.nlm.nih.gov/pmc/articles/PMC13421919/
					https://www.ncbi.nlm.nih.gov/pmc/articles/PMC10529910/
					https://www.ncbi.nlm.nih.gov/pmc/articles/PMC13401059/
					https://www.ncbi.nlm.nih.gov/pmc/articles/PMC12779341/
					https://www.ncbi.nlm.nih.gov/pmc/articles/PMC8182304/
					https://www.ncbi.nlm.nih.gov/pmc/articles/PMC11804167/
					https://www.ncbi.nlm.nih.gov/pmc/articles/PMC10556591/
					https://www.ncbi.nlm.nih.gov/pmc/articles/PMC11409913/
					https://www.ncbi.nlm.nih.gov/pmc/articles/PMC13068160/
					https://www.ncbi.nlm.nih.gov/pmc/articles/PMC13026669/
					https://www.ncbi.nlm.nih.gov/pmc/articles/PMC12838975/
					https://www.ncbi.nlm.nih.gov/pmc/articles/PMC8350902/
					https://www.ncbi.nlm.nih.gov/pmc/articles/PMC11178142/
					https://www.ncbi.nlm.nih.gov/pmc/articles/PMC11754525/
					https://www.ncbi.nlm.nih.gov/pmc/articles/PMC13387916/
					https://www.ncbi.nlm.nih.gov/pmc/articles/PMC13372311/
					https://www.ncbi.nlm.nih.gov/pmc/articles/PMC12246880/
					https://www.ncbi.nlm.nih.gov/pmc/articles/PMC6161396/
					https://www.ncbi.nlm.nih.gov/pmc/articles/PMC12778402/
					https://www.ncbi.nlm.nih.gov/pmc/articles/PMC12741918/
					https://www.ncbi.nlm.nih.gov/pmc/articles/PMC12504064/
					https://www.ncbi.nlm.nih.gov/pmc/articles/PMC12036566/
					https://www.ncbi.nlm.nih.gov/pmc/articles/PMC11100843/
					https://www.ncbi.nlm.nih.gov/pmc/articles/PMC13450087/
					https://www.ncbi.nlm.nih.gov/pmc/articles/PMC11973251/
					https://www.ncbi.nlm.nih.gov/pmc/articles/PMC13119351/
					https://www.ncbi.nlm.nih.gov/pmc/articles/PMC12340427/
					https://www.ncbi.nlm.nih.gov/pmc/articles/PMC13112411/
					https://www.ncbi.nlm.nih.gov/pmc/articles/PMC11383059/
					https://www.ncbi.nlm.nih.gov/pmc/articles/PMC12740098/
					https://www.ncbi.nlm.nih.gov/pmc/articles/PMC12143990/
					https://www.ncbi.nlm.nih.gov/pmc/articles/PMC13107304/
					https://www.ncbi.nlm.nih.gov/pmc/articles/PMC12288544/
					https://www.ncbi.nlm.nih.gov/pmc/articles/PMC12176612/
					https://www.ncbi.nlm.nih.gov/pmc/articles/PMC12546478/
					https://www.ncbi.nlm.nih.gov/pmc/articles/PMC9107269/
					https://www.ncbi.nlm.nih.gov/pmc/articles/PMC12295717/
					https://www.ncbi.nlm.nih.gov/pmc/articles/PMC13411108/
					https://www.ncbi.nlm.nih.gov/pmc/articles/PMC12742038/
					https://www.ncbi.nlm.nih.gov/pmc/articles/PMC13116102/
					https://www.ncbi.nlm.nih.gov/pmc/articles/PMC11393069/
					https://www.ncbi.nlm.nih.gov/pmc/articles/PMC11181594/
					https://www.ncbi.nlm.nih.gov/pmc/articles/PMC12870711/
					https://www.ncbi.nlm.nih.gov/pmc/articles/PMC12996105/
					https://www.ncbi.nlm.nih.gov/pmc/articles/PMC11755193/
					https://www.ncbi.nlm.nih.gov/pmc/articles/PMC13323141/
					https://www.ncbi.nlm.nih.gov/pmc/articles/PMC12365253/
					https://www.ncbi.nlm.nih.gov/pmc/articles/PMC12487324/
					https://www.ncbi.nlm.nih.gov/pmc/articles/PMC11881898/
					https://www.ncbi.nlm.nih.gov/pmc/articles/PMC13241798/
					https://www.ncbi.nlm.nih.gov/pmc/articles/PMC12887242/
					https://www.ncbi.nlm.nih.gov/pmc/articles/PMC12934767/
					https://www.ncbi.nlm.nih.gov/pmc/articles/PMC10954558/
					https://www.ncbi.nlm.nih.gov/pmc/articles/PMC10864469/
					https://www.ncbi.nlm.nih.gov/pmc/articles/PMC10813059/
					https://www.ncbi.nlm.nih.gov/pmc/articles/PMC12622071/
					https://www.ncbi.nlm.nih.gov/pmc/articles/PMC12684723/
					https://www.ncbi.nlm.nih.gov/pmc/articles/PMC12726446/
					https://www.ncbi.nlm.nih.gov/pmc/articles/PMC13094647/
					https://www.ncbi.nlm.nih.gov/pmc/articles/PMC11107481/
					https://www.ncbi.nlm.nih.gov/pmc/articles/PMC13172580/
					https://www.ncbi.nlm.nih.gov/pmc/articles/PMC11042309/
					https://www.ncbi.nlm.nih.gov/pmc/articles/PMC12988365/
					https://www.ncbi.nlm.nih.gov/pmc/articles/PMC8686688/
					https://www.ncbi.nlm.nih.gov/pmc/articles/PMC13345058/
					https://www.ncbi.nlm.nih.gov/pmc/articles/PMC12177730/
					https://www.ncbi.nlm.nih.gov/pmc/articles/PMC8557344/
					https://www.ncbi.nlm.nih.gov/pmc/articles/PMC8605616/
					https://www.ncbi.nlm.nih.gov/pmc/articles/PMC12736289/
					https://www.ncbi.nlm.nih.gov/pmc/articles/PMC13273211/
					https://www.ncbi.nlm.nih.gov/pmc/articles/PMC10504083/
					https://www.ncbi.nlm.nih.gov/pmc/articles/PMC12183994/
					https://www.ncbi.nlm.nih.gov/pmc/articles/PMC11251421/
					https://www.ncbi.nlm.nih.gov/pmc/articles/PMC13319415/
					https://www.ncbi.nlm.nih.gov/pmc/articles/PMC11757051/
					https://www.ncbi.nlm.nih.gov/pmc/articles/PMC13290639/
					https://www.ncbi.nlm.nih.gov/pmc/articles/PMC12246881/
					https://www.ncbi.nlm.nih.gov/pmc/articles/PMC12603662/
					https://www.ncbi.nlm.nih.gov/pmc/articles/PMC12964312/
					https://www.ncbi.nlm.nih.gov/pmc/articles/PMC11888240/
					https://www.ncbi.nlm.nih.gov/pmc/articles/PMC13289754/
					https://www.ncbi.nlm.nih.gov/pmc/articles/PMC11060706/
					https://www.ncbi.nlm.nih.gov/pmc/articles/PMC10988646/
					https://www.ncbi.nlm.nih.gov/pmc/articles/PMC10982421/
					https://www.ncbi.nlm.nih.gov/pmc/articles/PMC12358540/
					https://www.ncbi.nlm.nih.gov/pmc/articles/PMC12485691/
					https://www.ncbi.nlm.nih.gov/pmc/articles/PMC13370551/
					https://www.ncbi.nlm.nih.gov/pmc/articles/PMC13220450/
					https://www.ncbi.nlm.nih.gov/pmc/articles/PMC9148982/
					https://www.ncbi.nlm.nih.gov/pmc/articles/PMC8094491/
					https://www.ncbi.nlm.nih.gov/pmc/articles/PMC11567865/
					https://www.ncbi.nlm.nih.gov/pmc/articles/PMC12541964/
					https://www.ncbi.nlm.nih.gov/pmc/articles/PMC12817166/
					https://www.ncbi.nlm.nih.gov/pmc/articles/PMC12064340/
					https://www.ncbi.nlm.nih.gov/pmc/articles/PMC12781890/
					https://www.ncbi.nlm.nih.gov/pmc/articles/PMC10570139/
					https://www.ncbi.nlm.nih.gov/pmc/articles/PMC11971017/
					https://www.ncbi.nlm.nih.gov/pmc/articles/PMC11109818/
					https://www.ncbi.nlm.nih.gov/pmc/articles/PMC10963788/
					https://www.ncbi.nlm.nih.gov/pmc/articles/PMC11350051/
					https://www.ncbi.nlm.nih.gov/pmc/articles/PMC11941623/
					https://www.ncbi.nlm.nih.gov/pmc/articles/PMC11839474/
					https://www.ncbi.nlm.nih.gov/pmc/articles/PMC7251068/
					https://www.ncbi.nlm.nih.gov/pmc/articles/PMC12782766/
					https://www.ncbi.nlm.nih.gov/pmc/articles/PMC12221426/
					https://www.ncbi.nlm.nih.gov/pmc/articles/PMC8293663/
					https://www.ncbi.nlm.nih.gov/pmc/articles/PMC13252818/
					https://www.ncbi.nlm.nih.gov/pmc/articles/PMC11034758/
					https://www.ncbi.nlm.nih.gov/pmc/articles/PMC13201078/
					https://www.ncbi.nlm.nih.gov/pmc/articles/PMC11702271/
					https://www.ncbi.nlm.nih.gov/pmc/articles/PMC13278200/
					https://www.ncbi.nlm.nih.gov/pmc/articles/PMC10802273/
					https://www.ncbi.nlm.nih.gov/pmc/articles/PMC13339803/
					https://www.ncbi.nlm.nih.gov/pmc/articles/PMC7852195/
					https://www.ncbi.nlm.nih.gov/pmc/articles/PMC11881628/
					https://www.ncbi.nlm.nih.gov/pmc/articles/PMC8794965/
					https://www.ncbi.nlm.nih.gov/pmc/articles/PMC13273220/
					https://www.ncbi.nlm.nih.gov/pmc/articles/PMC12742447/
					https://www.ncbi.nlm.nih.gov/pmc/articles/PMC11670087/
					https://www.ncbi.nlm.nih.gov/pmc/articles/PMC13048220/
					https://www.ncbi.nlm.nih.gov/pmc/articles/PMC10427417/
					https://www.ncbi.nlm.nih.gov/pmc/articles/PMC12433760/
					https://www.ncbi.nlm.nih.gov/pmc/articles/PMC12353218/
					https://www.ncbi.nlm.nih.gov/pmc/articles/PMC13075643/
					https://www.ncbi.nlm.nih.gov/pmc/articles/PMC10640754/
					https://www.ncbi.nlm.nih.gov/pmc/articles/PMC11436401/
					https://www.ncbi.nlm.nih.gov/pmc/articles/PMC11033838/
					https://www.ncbi.nlm.nih.gov/pmc/articles/PMC11112682/
					https://www.ncbi.nlm.nih.gov/pmc/articles/PMC7125218/
					https://www.ncbi.nlm.nih.gov/pmc/articles/PMC12871360/
					https://www.ncbi.nlm.nih.gov/pmc/articles/PMC11177996/
					https://www.ncbi.nlm.nih.gov/pmc/articles/PMC13310587/
					https://www.ncbi.nlm.nih.gov/pmc/articles/PMC11056505/
					https://www.ncbi.nlm.nih.gov/pmc/articles/PMC8210638/
					https://www.ncbi.nlm.nih.gov/pmc/articles/PMC10834125/
					https://www.ncbi.nlm.nih.gov/pmc/articles/PMC9294019/
					https://www.ncbi.nlm.nih.gov/pmc/articles/PMC12797468/
					https://www.ncbi.nlm.nih.gov/pmc/articles/PMC11842900/
					https://www.ncbi.nlm.nih.gov/pmc/articles/PMC12674600/
RobustRankAggreg	1.2	used		The Python implementations of the Stuart rank aggregation and RRA algorithms were adapted from the RobustRankAggreg R package (version 1.2; Kolde & Laur)	https://www.ncbi.nlm.nih.gov/pmc/articles/PMC13155123/
					https://www.ncbi.nlm.nih.gov/pmc/articles/PMC13242630/
					https://www.ncbi.nlm.nih.gov/pmc/articles/PMC12303394/
					https://www.ncbi.nlm.nih.gov/pmc/articles/PMC12272163/
					https://www.ncbi.nlm.nih.gov/pmc/articles/PMC10591986/
					https://www.ncbi.nlm.nih.gov/pmc/articles/PMC12932393/
					https://www.ncbi.nlm.nih.gov/pmc/articles/PMC11660908/
					https://www.ncbi.nlm.nih.gov/pmc/articles/PMC13333544/
					https://www.ncbi.nlm.nih.gov/pmc/articles/PMC6836495/
					https://www.ncbi.nlm.nih.gov/pmc/articles/PMC11879806/
					https://www.ncbi.nlm.nih.gov/pmc/articles/PMC12731495/
					https://www.ncbi.nlm.nih.gov/pmc/articles/PMC12782668/
					https://www.ncbi.nlm.nih.gov/pmc/articles/PMC12242384/
					https://www.ncbi.nlm.nih.gov/pmc/articles/PMC12739061/
					https://www.ncbi.nlm.nih.gov/pmc/articles/PMC11121586/
					https://www.ncbi.nlm.nih.gov/pmc/articles/PMC12684786/
					https://www.ncbi.nlm.nih.gov/pmc/articles/PMC11507780/
					https://www.ncbi.nlm.nih.gov/pmc/articles/PMC6973178/
					https://www.ncbi.nlm.nih.gov/pmc/articles/PMC13116307/
					https://www.ncbi.nlm.nih.gov/pmc/articles/PMC12265756/
					https://www.ncbi.nlm.nih.gov/pmc/articles/PMC12668057/
					https://www.ncbi.nlm.nih.gov/pmc/articles/PMC11166176/
					https://www.ncbi.nlm.nih.gov/pmc/articles/PMC10136007/
					https://www.ncbi.nlm.nih.gov/pmc/articles/PMC12632979/
					https://www.ncbi.nlm.nih.gov/pmc/articles/PMC8185001/
					https://www.ncbi.nlm.nih.gov/pmc/articles/PMC11865705/
					https://www.ncbi.nlm.nih.gov/pmc/articles/PMC12732621/
					https://www.ncbi.nlm.nih.gov/pmc/articles/PMC12725325/
					https://www.ncbi.nlm.nih.gov/pmc/articles/PMC8175317/
					https://www.ncbi.nlm.nih.gov/pmc/articles/PMC12192201/
					https://www.ncbi.nlm.nih.gov/pmc/articles/PMC13388950/
					https://www.ncbi.nlm.nih.gov/pmc/articles/PMC11851009/
					https://www.ncbi.nlm.nih.gov/pmc/articles/PMC12305117/
					https://www.ncbi.nlm.nih.gov/pmc/articles/PMC11082197/
					https://www.ncbi.nlm.nih.gov/pmc/articles/PMC10327215/
					https://www.ncbi.nlm.nih.gov/pmc/articles/PMC12599000/
					https://www.ncbi.nlm.nih.gov/pmc/articles/PMC13022024/
					https://www.ncbi.nlm.nih.gov/pmc/articles/PMC13295099/
					https://www.ncbi.nlm.nih.gov/pmc/articles/PMC12162594/
					https://www.ncbi.nlm.nih.gov/pmc/articles/PMC10925467/
					https://www.ncbi.nlm.nih.gov/pmc/articles/PMC12777690/
					https://www.ncbi.nlm.nih.gov/pmc/articles/PMC13251274/
					https://www.ncbi.nlm.nih.gov/pmc/articles/PMC12205369/
					https://www.ncbi.nlm.nih.gov/pmc/articles/PMC12780532/
					https://www.ncbi.nlm.nih.gov/pmc/articles/PMC11071432/
					https://www.ncbi.nlm.nih.gov/pmc/articles/PMC10690020/
					https://www.ncbi.nlm.nih.gov/pmc/articles/PMC11601267/
					https://www.ncbi.nlm.nih.gov/pmc/articles/PMC10557812/
					https://www.ncbi.nlm.nih.gov/pmc/articles/PMC13282175/
					https://www.ncbi.nlm.nih.gov/pmc/articles/PMC12742847/
					https://www.ncbi.nlm.nih.gov/pmc/articles/PMC11903176/
					https://www.ncbi.nlm.nih.gov/pmc/articles/PMC13335154/
					https://www.ncbi.nlm.nih.gov/pmc/articles/PMC11714868/
					https://www.ncbi.nlm.nih.gov/pmc/articles/PMC10203972/
					https://www.ncbi.nlm.nih.gov/pmc/articles/PMC12068587/
					https://www.ncbi.nlm.nih.gov/pmc/articles/PMC11180928/
					https://www.ncbi.nlm.nih.gov/pmc/articles/PMC11846480/
					https://www.ncbi.nlm.nih.gov/pmc/articles/PMC11342728/
					https://www.ncbi.nlm.nih.gov/pmc/articles/PMC13377460/
					https://www.ncbi.nlm.nih.gov/pmc/articles/PMC12934842/
					https://www.ncbi.nlm.nih.gov/pmc/articles/PMC11716697/
					https://www.ncbi.nlm.nih.gov/pmc/articles/PMC12637755/
					https://www.ncbi.nlm.nih.gov/pmc/articles/PMC11761133/
					https://www.ncbi.nlm.nih.gov/pmc/articles/PMC12805325/
					https://www.ncbi.nlm.nih.gov/pmc/articles/PMC12741314/
					https://www.ncbi.nlm.nih.gov/pmc/articles/PMC12519521/
lme4	1.1.27.1	used		To measure the effects of age on gene expression in the brain, we used a mixed-effects model as implemented in lme4 version 1.1.27.1	https://www.ncbi.nlm.nih.gov/pmc/articles/PMC10980014/
fgsea	1.14.0	used		"To perform Gene Set Enrichment Analysis, we used the R package ""fgsea"" version 1.14.0 using the Reactome 2022 library from Enrichr as the reference set of pathways."	https://www.ncbi.nlm.nih.gov/pmc/articles/PMC10980014/
Seurat	4.0.4	used		we applied Seurat version 4.0.4's implementations for log-normalizing the data, detecting highly variable features, and standard scaling the data.	https://www.ncbi.nlm.nih.gov/pmc/articles/PMC10980014/
Harmony	0.1	used		After applying PCA, we used Harmony version 0.1 to correct for the effects of sex, individual, sequencing batch and post-mortem interval in our data.	https://www.ncbi.nlm.nih.gov/pmc/articles/PMC10980014/
Scrublet		used		We further applied Scrublet to predict and remove doublet cells from the population as implemented in Scanpy version 1.8.2.	https://www.ncbi.nlm.nih.gov/pmc/articles/PMC10980014/
Scanpy	1.8.2	used		We further applied Scrublet to predict and remove doublet cells from the population as implemented in Scanpy version 1.8.2.	https://www.ncbi.nlm.nih.gov/pmc/articles/PMC10980014/
MAST		used		We subsequently applied MAST as implemented in Seurat to determine the differentially expressed genes between Alzheimer's disease-enriched clusters and the remaining sub-clusters within a given cell type.	https://www.ncbi.nlm.nih.gov/pmc/articles/PMC10980014/
gProfiler		used		We used gProfiler with the g_SCS multiple hypothesis correction to identify significant gene ontology terms using Drosophila pathways as a reference.	https://www.ncbi.nlm.nih.gov/pmc/articles/PMC10980014/
PiuMet		used		We used PiuMet to map unannotated m/z peaks in the metabolomic data to known compounds.	https://www.ncbi.nlm.nih.gov/pmc/articles/PMC10980014/
TopHat	2.0	used		The RNA-sequencing data was aligned to the human genome reference sequence hg19 using TopHat v2.0 and Cufflinks v1.3.0.	https://www.ncbi.nlm.nih.gov/pmc/articles/PMC10980014/
Cufflinks	1.3.0	used		The RNA-sequencing data was aligned to the human genome reference sequence hg19 using TopHat v2.0 and Cufflinks v1.3.0.	https://www.ncbi.nlm.nih.gov/pmc/articles/PMC10980014/
FASTQC		used		To measure RNA-sequencing quality control, we used FASTQC and RNA-SeQC.	https://www.ncbi.nlm.nih.gov/pmc/articles/PMC10980014/
RNA-SeQC		used		To measure RNA-sequencing quality control, we used FASTQC and RNA-SeQC.	https://www.ncbi.nlm.nih.gov/pmc/articles/PMC10980014/
PLINK2	1.9beta	used		We applied PLINK2 (v1.9beta) and in house scripts to perform rigorous subject and SNP quality control (QC) for each dataset	https://www.ncbi.nlm.nih.gov/pmc/articles/PMC10980014/
EIGENSOFT		used		population substructure was tested by performing principal component analysis (PCA) using smartPCA in EIGENSOFT.	https://www.ncbi.nlm.nih.gov/pmc/articles/PMC10980014/
Eagle	2.3	used		Eagle v2.3 and Minimac3 were selected for phasing and imputing respectively	https://www.ncbi.nlm.nih.gov/pmc/articles/PMC10980014/
Minimac3		used		Eagle v2.3 and Minimac3 were selected for phasing and imputing respectively	https://www.ncbi.nlm.nih.gov/pmc/articles/PMC10980014/
Matrix EQTL		used		The eQTL mapping was conducted using R Package Matrix EQTL using the additive linear model on a high-performance Linux-based Orchestra cluster at Harvard Medical School.	https://www.ncbi.nlm.nih.gov/pmc/articles/PMC10980014/
METASOFT		used		We performed meta eQTL analysis using three separate effects model implemented in METASOFT	https://www.ncbi.nlm.nih.gov/pmc/articles/PMC10980014/
FIMO		used		we extracted the sequence 50 base pairs upstream and 50 base pairs downstream of the variant and used FIMO to detect the presence of an overlapping DNA-binding motif.	https://www.ncbi.nlm.nih.gov/pmc/articles/PMC10980014/
GSVA	1.42.0	used		we applied GSVA version 1.42.0 to the CPM-normalized temporal cortex pyramidal neuron RNA-seq to identify the REACTOME pathway enrichments per-sample.	https://www.ncbi.nlm.nih.gov/pmc/articles/PMC10980014/
OmicsIntegrator	2.3.10	used	https://github.com/fraenkel-lab/OmicsIntegrator2	we utilized the Prize-Collecting Steiner Forest algorithm (PCSF) as implemented in OmicsIntegrator 2 (O	https://www.ncbi.nlm.nih.gov/pmc/articles/PMC10980014/
					https://www.ncbi.nlm.nih.gov/pmc/articles/PMC11711987/
					https://www.ncbi.nlm.nih.gov/pmc/articles/PMC11374100/
					https://www.ncbi.nlm.nih.gov/pmc/articles/PMC13140941/
					https://www.ncbi.nlm.nih.gov/pmc/articles/PMC11497727/
					https://www.ncbi.nlm.nih.gov/pmc/articles/PMC12740127/
					https://www.ncbi.nlm.nih.gov/pmc/articles/PMC12982150/
					https://www.ncbi.nlm.nih.gov/pmc/articles/PMC11142188/
					https://www.ncbi.nlm.nih.gov/pmc/articles/PMC7317671/
					https://www.ncbi.nlm.nih.gov/pmc/articles/PMC12321221/
					https://www.ncbi.nlm.nih.gov/pmc/articles/PMC4486209/
					https://www.ncbi.nlm.nih.gov/pmc/articles/PMC9185373/
					https://www.ncbi.nlm.nih.gov/pmc/articles/PMC8476497/
					https://www.ncbi.nlm.nih.gov/pmc/articles/PMC13224962/
					https://www.ncbi.nlm.nih.gov/pmc/articles/PMC12627486/
					https://www.ncbi.nlm.nih.gov/pmc/articles/PMC12404711/
					https://www.ncbi.nlm.nih.gov/pmc/articles/PMC9746092/
					https://www.ncbi.nlm.nih.gov/pmc/articles/PMC12403941/
					https://www.ncbi.nlm.nih.gov/pmc/articles/PMC11716077/
					https://www.ncbi.nlm.nih.gov/pmc/articles/PMC11838929/
					https://www.ncbi.nlm.nih.gov/pmc/articles/PMC12497418/
					https://www.ncbi.nlm.nih.gov/pmc/articles/PMC13143814/
					https://www.ncbi.nlm.nih.gov/pmc/articles/PMC13012979/
					https://www.ncbi.nlm.nih.gov/pmc/articles/PMC13116718/
					https://www.ncbi.nlm.nih.gov/pmc/articles/PMC11851130/
					https://www.ncbi.nlm.nih.gov/pmc/articles/PMC12467479/
					https://www.ncbi.nlm.nih.gov/pmc/articles/PMC12954156/
					https://www.ncbi.nlm.nih.gov/pmc/articles/PMC11247688/
					https://www.ncbi.nlm.nih.gov/pmc/articles/PMC8783958/
					https://www.ncbi.nlm.nih.gov/pmc/articles/PMC13382969/
					https://www.ncbi.nlm.nih.gov/pmc/articles/PMC12699484/
					https://www.ncbi.nlm.nih.gov/pmc/articles/PMC10917015/
					https://www.ncbi.nlm.nih.gov/pmc/articles/PMC11378007/
					https://www.ncbi.nlm.nih.gov/pmc/articles/PMC11881636/
					https://www.ncbi.nlm.nih.gov/pmc/articles/PMC11564087/
					https://www.ncbi.nlm.nih.gov/pmc/articles/PMC10115177/
					https://www.ncbi.nlm.nih.gov/pmc/articles/PMC10945611/
					https://www.ncbi.nlm.nih.gov/pmc/articles/PMC9636262/
					https://www.ncbi.nlm.nih.gov/pmc/articles/PMC12405923/
					https://www.ncbi.nlm.nih.gov/pmc/articles/PMC13452021/
					https://www.ncbi.nlm.nih.gov/pmc/articles/PMC13446031/
					https://www.ncbi.nlm.nih.gov/pmc/articles/PMC13375940/
					https://www.ncbi.nlm.nih.gov/pmc/articles/PMC6889922/
					https://www.ncbi.nlm.nih.gov/pmc/articles/PMC5791788/
					https://www.ncbi.nlm.nih.gov/pmc/articles/PMC12633192/
					https://www.ncbi.nlm.nih.gov/pmc/articles/PMC12375434/
					https://www.ncbi.nlm.nih.gov/pmc/articles/PMC10499000/
					https://www.ncbi.nlm.nih.gov/pmc/articles/PMC11103763/
					https://www.ncbi.nlm.nih.gov/pmc/articles/PMC13175114/
					https://www.ncbi.nlm.nih.gov/pmc/articles/PMC10873482/
					https://www.ncbi.nlm.nih.gov/pmc/articles/PMC12705627/
					https://www.ncbi.nlm.nih.gov/pmc/articles/PMC11848203/
					https://www.ncbi.nlm.nih.gov/pmc/articles/PMC9421595/
					https://www.ncbi.nlm.nih.gov/pmc/articles/PMC8240013/
					https://www.ncbi.nlm.nih.gov/pmc/articles/PMC11947120/
					https://www.ncbi.nlm.nih.gov/pmc/articles/PMC13098107/
					https://www.ncbi.nlm.nih.gov/pmc/articles/PMC10787031/
					https://www.ncbi.nlm.nih.gov/pmc/articles/PMC13339294/
					https://www.ncbi.nlm.nih.gov/pmc/articles/PMC12738030/
					https://www.ncbi.nlm.nih.gov/pmc/articles/PMC11712724/
					https://www.ncbi.nlm.nih.gov/pmc/articles/PMC12726716/
					https://www.ncbi.nlm.nih.gov/pmc/articles/PMC10418087/
					https://www.ncbi.nlm.nih.gov/pmc/articles/PMC12288498/
					https://www.ncbi.nlm.nih.gov/pmc/articles/PMC11344989/
					https://www.ncbi.nlm.nih.gov/pmc/articles/PMC10274627/
					https://www.ncbi.nlm.nih.gov/pmc/articles/PMC12737940/
					https://www.ncbi.nlm.nih.gov/pmc/articles/PMC12928703/
					https://www.ncbi.nlm.nih.gov/pmc/articles/PMC13445491/
					https://www.ncbi.nlm.nih.gov/pmc/articles/PMC13284315/
					https://www.ncbi.nlm.nih.gov/pmc/articles/PMC13075382/
					https://www.ncbi.nlm.nih.gov/pmc/articles/PMC6865737/
					https://www.ncbi.nlm.nih.gov/pmc/articles/PMC11256635/
					https://www.ncbi.nlm.nih.gov/pmc/articles/PMC12724972/
					https://www.ncbi.nlm.nih.gov/pmc/articles/PMC13149458/
					https://www.ncbi.nlm.nih.gov/pmc/articles/PMC12434242/
					https://www.ncbi.nlm.nih.gov/pmc/articles/PMC12442454/
					https://www.ncbi.nlm.nih.gov/pmc/articles/PMC11715739/
					https://www.ncbi.nlm.nih.gov/pmc/articles/PMC10725469/
					https://www.ncbi.nlm.nih.gov/pmc/articles/PMC11442410/
					https://www.ncbi.nlm.nih.gov/pmc/articles/PMC10012324/
					https://www.ncbi.nlm.nih.gov/pmc/articles/PMC12871540/
					https://www.ncbi.nlm.nih.gov/pmc/articles/PMC11375158/
					https://www.ncbi.nlm.nih.gov/pmc/articles/PMC11592130/
					https://www.ncbi.nlm.nih.gov/pmc/articles/PMC11822645/
					https://www.ncbi.nlm.nih.gov/pmc/articles/PMC13339450/
					https://www.ncbi.nlm.nih.gov/pmc/articles/PMC13137278/
					https://www.ncbi.nlm.nih.gov/pmc/articles/PMC12822129/
					https://www.ncbi.nlm.nih.gov/pmc/articles/PMC12705462/
					https://www.ncbi.nlm.nih.gov/pmc/articles/PMC11716631/
					https://www.ncbi.nlm.nih.gov/pmc/articles/PMC13277644/
					https://www.ncbi.nlm.nih.gov/pmc/articles/PMC11189772/
					https://www.ncbi.nlm.nih.gov/pmc/articles/PMC10635399/
					https://www.ncbi.nlm.nih.gov/pmc/articles/PMC11383294/
					https://www.ncbi.nlm.nih.gov/pmc/articles/PMC12530885/
					https://www.ncbi.nlm.nih.gov/pmc/articles/PMC8292599/
					https://www.ncbi.nlm.nih.gov/pmc/articles/PMC12832889/
					https://www.ncbi.nlm.nih.gov/pmc/articles/PMC13369711/
					https://www.ncbi.nlm.nih.gov/pmc/articles/PMC11032710/
					https://www.ncbi.nlm.nih.gov/pmc/articles/PMC10350470/
					https://www.ncbi.nlm.nih.gov/pmc/articles/PMC13174325/
					https://www.ncbi.nlm.nih.gov/pmc/articles/PMC11610797/
					https://www.ncbi.nlm.nih.gov/pmc/articles/PMC12614907/
					https://www.ncbi.nlm.nih.gov/pmc/articles/PMC12046567/
					https://www.ncbi.nlm.nih.gov/pmc/articles/PMC10484923/
					https://www.ncbi.nlm.nih.gov/pmc/articles/PMC10393402/
					https://www.ncbi.nlm.nih.gov/pmc/articles/PMC6969065/
					https://www.ncbi.nlm.nih.gov/pmc/articles/PMC11138035/
					https://www.ncbi.nlm.nih.gov/pmc/articles/PMC8677538/
					https://www.ncbi.nlm.nih.gov/pmc/articles/PMC12934236/
					https://www.ncbi.nlm.nih.gov/pmc/articles/PMC10861197/
					https://www.ncbi.nlm.nih.gov/pmc/articles/PMC12737831/
					https://www.ncbi.nlm.nih.gov/pmc/articles/PMC13337126/
					https://www.ncbi.nlm.nih.gov/pmc/articles/PMC12331443/
					https://www.ncbi.nlm.nih.gov/pmc/articles/PMC5799343/
					https://www.ncbi.nlm.nih.gov/pmc/articles/PMC12231768/
					https://www.ncbi.nlm.nih.gov/pmc/articles/PMC13247992/
					https://www.ncbi.nlm.nih.gov/pmc/articles/PMC11161485/
					https://www.ncbi.nlm.nih.gov/pmc/articles/PMC13115908/
					https://www.ncbi.nlm.nih.gov/pmc/articles/PMC12263344/
					https://www.ncbi.nlm.nih.gov/pmc/articles/PMC12904492/
					https://www.ncbi.nlm.nih.gov/pmc/articles/PMC12928054/
					https://www.ncbi.nlm.nih.gov/pmc/articles/PMC10769393/
					https://www.ncbi.nlm.nih.gov/pmc/articles/PMC11497758/
					https://www.ncbi.nlm.nih.gov/pmc/articles/PMC11503475/
					https://www.ncbi.nlm.nih.gov/pmc/articles/PMC13277766/
					https://www.ncbi.nlm.nih.gov/pmc/articles/PMC11572737/
					https://www.ncbi.nlm.nih.gov/pmc/articles/PMC12244338/
					https://www.ncbi.nlm.nih.gov/pmc/articles/PMC13307230/
					https://www.ncbi.nlm.nih.gov/pmc/articles/PMC12181066/
					https://www.ncbi.nlm.nih.gov/pmc/articles/PMC10154225/
					https://www.ncbi.nlm.nih.gov/pmc/articles/PMC12278762/
					https://www.ncbi.nlm.nih.gov/pmc/articles/PMC12730551/
					https://www.ncbi.nlm.nih.gov/pmc/articles/PMC13345081/
					https://www.ncbi.nlm.nih.gov/pmc/articles/PMC12704622/
					https://www.ncbi.nlm.nih.gov/pmc/articles/PMC13339648/
					https://www.ncbi.nlm.nih.gov/pmc/articles/PMC13370627/
					https://www.ncbi.nlm.nih.gov/pmc/articles/PMC11309398/
					https://www.ncbi.nlm.nih.gov/pmc/articles/PMC11977406/
					https://www.ncbi.nlm.nih.gov/pmc/articles/PMC11416683/
					https://www.ncbi.nlm.nih.gov/pmc/articles/PMC10657715/
					https://www.ncbi.nlm.nih.gov/pmc/articles/PMC13449037/
					https://www.ncbi.nlm.nih.gov/pmc/articles/PMC11271532/
					https://www.ncbi.nlm.nih.gov/pmc/articles/PMC11559201/
					https://www.ncbi.nlm.nih.gov/pmc/articles/PMC12238832/
					https://www.ncbi.nlm.nih.gov/pmc/articles/PMC3731231/
					https://www.ncbi.nlm.nih.gov/pmc/articles/PMC11160861/
					https://www.ncbi.nlm.nih.gov/pmc/articles/PMC12163898/
					https://www.ncbi.nlm.nih.gov/pmc/articles/PMC11128757/
					https://www.ncbi.nlm.nih.gov/pmc/articles/PMC11712905/
					https://www.ncbi.nlm.nih.gov/pmc/articles/PMC12543407/
					https://www.ncbi.nlm.nih.gov/pmc/articles/PMC11073883/
					https://www.ncbi.nlm.nih.gov/pmc/articles/PMC11076546/
					https://www.ncbi.nlm.nih.gov/pmc/articles/PMC13121596/
					https://www.ncbi.nlm.nih.gov/pmc/articles/PMC13309269/
					https://www.ncbi.nlm.nih.gov/pmc/articles/PMC11957210/
					https://www.ncbi.nlm.nih.gov/pmc/articles/PMC11641364/
					https://www.ncbi.nlm.nih.gov/pmc/articles/PMC12519502/
					https://www.ncbi.nlm.nih.gov/pmc/articles/PMC13350059/
					https://www.ncbi.nlm.nih.gov/pmc/articles/PMC13278316/
					https://www.ncbi.nlm.nih.gov/pmc/articles/PMC11709813/
GET		used	https://huggingface.co/spaces/get-foundation/getdemo	The transcription factor binding site on the target gene in excitatory neuron was identified by GET 67 , an interpretable foundation model designed to uncover regulatory grammars across 213 human fetal and adult cell types ( https://huggingface.co/spaces/get-foundation/getdemo ).	https://www.ncbi.nlm.nih.gov/pmc/articles/PMC12267417/
					https://www.ncbi.nlm.nih.gov/pmc/articles/PMC10980062/
					https://www.ncbi.nlm.nih.gov/pmc/articles/PMC12865798/
					https://www.ncbi.nlm.nih.gov/pmc/articles/PMC13300457/
					https://www.ncbi.nlm.nih.gov/pmc/articles/PMC10027632/
					https://www.ncbi.nlm.nih.gov/pmc/articles/PMC12947981/
					https://www.ncbi.nlm.nih.gov/pmc/articles/PMC12048288/
Uni-Mol	unimolv2	used	https://github.com/deepmodeling/Uni-Mol	"Pretrained transformers Uni-Mol 60 , ChemBERTa 61 , and MolT5 62 were used for drug embeddings. For internal validation, we followed the RCL work for dividing training set and test set, where all drugs in the test set were unseen during training. For external validation, we used the same training set and test set as shown in Figure 1B . Code implementation: Uni-Mol (default 768 dimensional embeddings, https://github.com/deepmodeling/Uni-Mol ). ""UniMolRepr"" function was used for generating representations. Hyperparameters: 'data_type': 'molecule', 'remove_hs': False, 'model_name': 'unimolv2', 'model_size': '84m'."	https://www.ncbi.nlm.nih.gov/pmc/articles/PMC13041732/
ChemBERTa	ChemBERTa-zinc-base-v1	used	https://huggingface.co/seyonec/ChemBERTa-zinc-base-v1	"Pretrained transformers Uni-Mol 60 , ChemBERTa 61 , and MolT5 62 were used for drug embeddings. For internal validation, we followed the RCL work for dividing training set and test set, where all drugs in the test set were unseen during training. For external validation, we used the same training set and test set as shown in Figure 1B . Code implementation: Uni-Mol (default 768 dimensional embeddings, https://github.com/deepmodeling/Uni-Mol ). ""UniMolRepr"" function was used for generating representations. Hyperparameters: 'data_type': 'molecule', 'remove_hs': False, 'model_name': 'unimolv2', 'model_size': '84m'. ChemBERTa (default 768 dimensional embeddings): Pretrained ChemBERTa tokenizer and model were downloaded from: https://huggingface.co/seyonec/ChemBERTa-zinc-base-v1 .""RobertaTokenizer"" and ""RobertaModel"" functions were used for generating representations with default built-in hyperparameters."	https://www.ncbi.nlm.nih.gov/pmc/articles/PMC13041732/
MolT5	molt5-small	used	https://huggingface.co/laituan245/molt5-small	"Pretrained transformers Uni-Mol 60 , ChemBERTa 61 , and MolT5 62 were used for drug embeddings. For internal validation, we followed the RCL work for dividing training set and test set, where all drugs in the test set were unseen during training. For external validation, we used the same training set and test set as shown in Figure 1B . Code implementation: Uni-Mol (default 768 dimensional embeddings, https://github.com/deepmodeling/Uni-Mol ). ""UniMolRepr"" function was used for generating representations. Hyperparameters: 'data_type': 'molecule', 'remove_hs': False, 'model_name': 'unimolv2', 'model_size': '84m'. ChemBERTa (default 768 dimensional embeddings): Pretrained ChemBERTa tokenizer and model were downloaded from: https://huggingface.co/seyonec/ChemBERTa-zinc-base-v1 .""RobertaTokenizer"" and ""RobertaModel"" functions were used for generating representations with default built-in hyperparameters. MolT5 (default 512 dimensional embeddings): Pretrained MolT5 tokenizer and model were downloaded from: https://huggingface.co/laituan245/molt5-small . ""T5Tokenizer"" and ""T5EncoderModel"" functions were used for generating representations with default built-in hyperparameters."	https://www.ncbi.nlm.nih.gov/pmc/articles/PMC13041732/
					https://www.ncbi.nlm.nih.gov/pmc/articles/PMC11667552/
					https://www.ncbi.nlm.nih.gov/pmc/articles/PMC13419616/
					https://www.ncbi.nlm.nih.gov/pmc/articles/PMC11690386/
					https://www.ncbi.nlm.nih.gov/pmc/articles/PMC12154996/
					https://www.ncbi.nlm.nih.gov/pmc/articles/PMC7805812/
					https://www.ncbi.nlm.nih.gov/pmc/articles/PMC12752037/
					https://www.ncbi.nlm.nih.gov/pmc/articles/PMC4774260/
					https://www.ncbi.nlm.nih.gov/pmc/articles/PMC7820414/
					https://www.ncbi.nlm.nih.gov/pmc/articles/PMC12247635/
					https://www.ncbi.nlm.nih.gov/pmc/articles/PMC13421202/
					https://www.ncbi.nlm.nih.gov/pmc/articles/PMC12303761/
					https://www.ncbi.nlm.nih.gov/pmc/articles/PMC13015379/
					https://www.ncbi.nlm.nih.gov/pmc/articles/PMC12668088/
					https://www.ncbi.nlm.nih.gov/pmc/articles/PMC11165418/
					https://www.ncbi.nlm.nih.gov/pmc/articles/PMC11318348/
					https://www.ncbi.nlm.nih.gov/pmc/articles/PMC10947921/
					https://www.ncbi.nlm.nih.gov/pmc/articles/PMC11101336/
					https://www.ncbi.nlm.nih.gov/pmc/articles/PMC11247711/
					https://www.ncbi.nlm.nih.gov/pmc/articles/PMC13163791/
					https://www.ncbi.nlm.nih.gov/pmc/articles/PMC13287576/
					https://www.ncbi.nlm.nih.gov/pmc/articles/PMC12457754/
					https://www.ncbi.nlm.nih.gov/pmc/articles/PMC10769453/
					https://www.ncbi.nlm.nih.gov/pmc/articles/PMC13316611/
					https://www.ncbi.nlm.nih.gov/pmc/articles/PMC11716234/
					https://www.ncbi.nlm.nih.gov/pmc/articles/PMC11497642/
					https://www.ncbi.nlm.nih.gov/pmc/articles/PMC11660947/
					https://www.ncbi.nlm.nih.gov/pmc/articles/PMC13143927/
					https://www.ncbi.nlm.nih.gov/pmc/articles/PMC11992537/
					https://www.ncbi.nlm.nih.gov/pmc/articles/PMC11614693/
					https://www.ncbi.nlm.nih.gov/pmc/articles/PMC10622416/
					https://www.ncbi.nlm.nih.gov/pmc/articles/PMC12057231/
					https://www.ncbi.nlm.nih.gov/pmc/articles/PMC11969709/
					https://www.ncbi.nlm.nih.gov/pmc/articles/PMC12596056/
					https://www.ncbi.nlm.nih.gov/pmc/articles/PMC11714600/
					https://www.ncbi.nlm.nih.gov/pmc/articles/PMC13142576/
					https://www.ncbi.nlm.nih.gov/pmc/articles/PMC13435374/
					https://www.ncbi.nlm.nih.gov/pmc/articles/PMC12314505/
					https://www.ncbi.nlm.nih.gov/pmc/articles/PMC6694132/
					https://www.ncbi.nlm.nih.gov/pmc/articles/PMC13094729/
					https://www.ncbi.nlm.nih.gov/pmc/articles/PMC11141339/
					https://www.ncbi.nlm.nih.gov/pmc/articles/PMC11164935/
					https://www.ncbi.nlm.nih.gov/pmc/articles/PMC8175298/
					https://www.ncbi.nlm.nih.gov/pmc/articles/PMC12211958/
FerroScore		created	https://github.com/tjq3/FerroScore	FerroScore is publicly available as an R package. The benchmark, as well as source codes have been deposited at the GitHub repository (https://github.com/tjq3/FerroScore).	https://www.ncbi.nlm.nih.gov/pmc/articles/PMC13336637/
					https://www.ncbi.nlm.nih.gov/pmc/articles/PMC10531384/
					https://www.ncbi.nlm.nih.gov/pmc/articles/PMC10154192/
					https://www.ncbi.nlm.nih.gov/pmc/articles/PMC9314988/
					https://www.ncbi.nlm.nih.gov/pmc/articles/PMC12632733/
					https://www.ncbi.nlm.nih.gov/pmc/articles/PMC12427120/
					https://www.ncbi.nlm.nih.gov/pmc/articles/PMC13282647/
					https://www.ncbi.nlm.nih.gov/pmc/articles/PMC12737460/
					https://www.ncbi.nlm.nih.gov/pmc/articles/PMC13158137/
					https://www.ncbi.nlm.nih.gov/pmc/articles/PMC13220935/
					https://www.ncbi.nlm.nih.gov/pmc/articles/PMC11324380/
					https://www.ncbi.nlm.nih.gov/pmc/articles/PMC10427416/
					https://www.ncbi.nlm.nih.gov/pmc/articles/PMC13336164/
					https://www.ncbi.nlm.nih.gov/pmc/articles/PMC13235505/
					https://www.ncbi.nlm.nih.gov/pmc/articles/PMC10662356/
					https://www.ncbi.nlm.nih.gov/pmc/articles/PMC10533856/
					https://www.ncbi.nlm.nih.gov/pmc/articles/PMC13421052/
					https://www.ncbi.nlm.nih.gov/pmc/articles/PMC13239059/
					https://www.ncbi.nlm.nih.gov/pmc/articles/PMC11556780/
					https://www.ncbi.nlm.nih.gov/pmc/articles/PMC10544356/
					https://www.ncbi.nlm.nih.gov/pmc/articles/PMC10517223/
					https://www.ncbi.nlm.nih.gov/pmc/articles/PMC11713878/
					https://www.ncbi.nlm.nih.gov/pmc/articles/PMC12621874/
					https://www.ncbi.nlm.nih.gov/pmc/articles/PMC10834136/
					https://www.ncbi.nlm.nih.gov/pmc/articles/PMC13244359/
					https://www.ncbi.nlm.nih.gov/pmc/articles/PMC12450607/
					https://www.ncbi.nlm.nih.gov/pmc/articles/PMC12853123/
					https://www.ncbi.nlm.nih.gov/pmc/articles/PMC12643100/
					https://www.ncbi.nlm.nih.gov/pmc/articles/PMC11597021/
					https://www.ncbi.nlm.nih.gov/pmc/articles/PMC10593040/
					https://www.ncbi.nlm.nih.gov/pmc/articles/PMC12422733/
					https://www.ncbi.nlm.nih.gov/pmc/articles/PMC13365266/
					https://www.ncbi.nlm.nih.gov/pmc/articles/PMC10616718/
					https://www.ncbi.nlm.nih.gov/pmc/articles/PMC12291478/
					https://www.ncbi.nlm.nih.gov/pmc/articles/PMC10629980/
					https://www.ncbi.nlm.nih.gov/pmc/articles/PMC12035549/
					https://www.ncbi.nlm.nih.gov/pmc/articles/PMC11447567/
					https://www.ncbi.nlm.nih.gov/pmc/articles/PMC13087415/
					https://www.ncbi.nlm.nih.gov/pmc/articles/PMC13036280/
					https://www.ncbi.nlm.nih.gov/pmc/articles/PMC12353429/
					https://www.ncbi.nlm.nih.gov/pmc/articles/PMC13308606/
					https://www.ncbi.nlm.nih.gov/pmc/articles/PMC12232043/
					https://www.ncbi.nlm.nih.gov/pmc/articles/PMC11465638/
					https://www.ncbi.nlm.nih.gov/pmc/articles/PMC13419810/
					https://www.ncbi.nlm.nih.gov/pmc/articles/PMC7241946/
					https://www.ncbi.nlm.nih.gov/pmc/articles/PMC12648935/
					https://www.ncbi.nlm.nih.gov/pmc/articles/PMC7476314/
					https://www.ncbi.nlm.nih.gov/pmc/articles/PMC12759707/
					https://www.ncbi.nlm.nih.gov/pmc/articles/PMC11715288/
					https://www.ncbi.nlm.nih.gov/pmc/articles/PMC8247047/
					https://www.ncbi.nlm.nih.gov/pmc/articles/PMC11307169/
					https://www.ncbi.nlm.nih.gov/pmc/articles/PMC13279195/
					https://www.ncbi.nlm.nih.gov/pmc/articles/PMC9012270/
					https://www.ncbi.nlm.nih.gov/pmc/articles/PMC13309140/
					https://www.ncbi.nlm.nih.gov/pmc/articles/PMC13253361/
					https://www.ncbi.nlm.nih.gov/pmc/articles/PMC12905883/
					https://www.ncbi.nlm.nih.gov/pmc/articles/PMC10473572/
					https://www.ncbi.nlm.nih.gov/pmc/articles/PMC13421530/
					https://www.ncbi.nlm.nih.gov/pmc/articles/PMC12092254/
					https://www.ncbi.nlm.nih.gov/pmc/articles/PMC12590577/
					https://www.ncbi.nlm.nih.gov/pmc/articles/PMC12889788/
					https://www.ncbi.nlm.nih.gov/pmc/articles/PMC12779601/
					https://www.ncbi.nlm.nih.gov/pmc/articles/PMC5645330/
					https://www.ncbi.nlm.nih.gov/pmc/articles/PMC11714702/
					https://www.ncbi.nlm.nih.gov/pmc/articles/PMC12183099/
					https://www.ncbi.nlm.nih.gov/pmc/articles/PMC12823400/
					https://www.ncbi.nlm.nih.gov/pmc/articles/PMC13369181/
					https://www.ncbi.nlm.nih.gov/pmc/articles/PMC13228520/
					https://www.ncbi.nlm.nih.gov/pmc/articles/PMC11032581/
					https://www.ncbi.nlm.nih.gov/pmc/articles/PMC12404779/
					https://www.ncbi.nlm.nih.gov/pmc/articles/PMC10612362/
					https://www.ncbi.nlm.nih.gov/pmc/articles/PMC12726396/
					https://www.ncbi.nlm.nih.gov/pmc/articles/PMC11051247/
					https://www.ncbi.nlm.nih.gov/pmc/articles/PMC10996789/
					https://www.ncbi.nlm.nih.gov/pmc/articles/PMC12203597/
					https://www.ncbi.nlm.nih.gov/pmc/articles/PMC10884016/
					https://www.ncbi.nlm.nih.gov/pmc/articles/PMC13008742/
					https://www.ncbi.nlm.nih.gov/pmc/articles/PMC12870269/
					https://www.ncbi.nlm.nih.gov/pmc/articles/PMC12951793/
tranSMART		used		"Genome‐wide DNA methylation data for the 885 EMIF‐AD MBD samples are stored on an online data platform using the ""tranSMART"" data warehouse framework."	https://www.ncbi.nlm.nih.gov/pmc/articles/PMC11485320/
					https://www.ncbi.nlm.nih.gov/pmc/articles/PMC12626534/
					https://www.ncbi.nlm.nih.gov/pmc/articles/PMC11235993/
					https://www.ncbi.nlm.nih.gov/pmc/articles/PMC10524842/
					https://www.ncbi.nlm.nih.gov/pmc/articles/PMC9476616/
					https://www.ncbi.nlm.nih.gov/pmc/articles/PMC12083578/
					https://www.ncbi.nlm.nih.gov/pmc/articles/PMC13128347/
					https://www.ncbi.nlm.nih.gov/pmc/articles/PMC13403752/
					https://www.ncbi.nlm.nih.gov/pmc/articles/PMC10841325/
					https://www.ncbi.nlm.nih.gov/pmc/articles/PMC7871566/
					https://www.ncbi.nlm.nih.gov/pmc/articles/PMC12740186/
					https://www.ncbi.nlm.nih.gov/pmc/articles/PMC10115173/
					https://www.ncbi.nlm.nih.gov/pmc/articles/PMC13394995/
					https://www.ncbi.nlm.nih.gov/pmc/articles/PMC10498430/
					https://www.ncbi.nlm.nih.gov/pmc/articles/PMC12262711/
					https://www.ncbi.nlm.nih.gov/pmc/articles/PMC13001923/
					https://www.ncbi.nlm.nih.gov/pmc/articles/PMC12550516/
					https://www.ncbi.nlm.nih.gov/pmc/articles/PMC13338108/
					https://www.ncbi.nlm.nih.gov/pmc/articles/PMC6745076/
					https://www.ncbi.nlm.nih.gov/pmc/articles/PMC11497678/
					https://www.ncbi.nlm.nih.gov/pmc/articles/PMC13053946/
					https://www.ncbi.nlm.nih.gov/pmc/articles/PMC12781273/
					https://www.ncbi.nlm.nih.gov/pmc/articles/PMC12882215/
					https://www.ncbi.nlm.nih.gov/pmc/articles/PMC11714917/
					https://www.ncbi.nlm.nih.gov/pmc/articles/PMC11692239/
					https://www.ncbi.nlm.nih.gov/pmc/articles/PMC11716107/
					https://www.ncbi.nlm.nih.gov/pmc/articles/PMC7012375/
					https://www.ncbi.nlm.nih.gov/pmc/articles/PMC13367291/
					https://www.ncbi.nlm.nih.gov/pmc/articles/PMC10802440/
					https://www.ncbi.nlm.nih.gov/pmc/articles/PMC12782089/
					https://www.ncbi.nlm.nih.gov/pmc/articles/PMC13058456/
					https://www.ncbi.nlm.nih.gov/pmc/articles/PMC12550255/
					https://www.ncbi.nlm.nih.gov/pmc/articles/PMC11552178/
					https://www.ncbi.nlm.nih.gov/pmc/articles/PMC12702263/
					https://www.ncbi.nlm.nih.gov/pmc/articles/PMC11674876/
					https://www.ncbi.nlm.nih.gov/pmc/articles/PMC12313259/
					https://www.ncbi.nlm.nih.gov/pmc/articles/PMC13093526/
					https://www.ncbi.nlm.nih.gov/pmc/articles/PMC6132187/
					https://www.ncbi.nlm.nih.gov/pmc/articles/PMC11715842/
					https://www.ncbi.nlm.nih.gov/pmc/articles/PMC13380669/
					https://www.ncbi.nlm.nih.gov/pmc/articles/PMC11527483/
					https://www.ncbi.nlm.nih.gov/pmc/articles/PMC10738495/
					https://www.ncbi.nlm.nih.gov/pmc/articles/PMC11343262/
					https://www.ncbi.nlm.nih.gov/pmc/articles/PMC12583655/
					https://www.ncbi.nlm.nih.gov/pmc/articles/PMC10917732/
					https://www.ncbi.nlm.nih.gov/pmc/articles/PMC7174043/
					https://www.ncbi.nlm.nih.gov/pmc/articles/PMC12738136/
					https://www.ncbi.nlm.nih.gov/pmc/articles/PMC12742044/
					https://www.ncbi.nlm.nih.gov/pmc/articles/PMC12725268/
					https://www.ncbi.nlm.nih.gov/pmc/articles/PMC13314553/
					https://www.ncbi.nlm.nih.gov/pmc/articles/PMC11180851/
					https://www.ncbi.nlm.nih.gov/pmc/articles/PMC11715268/
					https://www.ncbi.nlm.nih.gov/pmc/articles/PMC11736627/
					https://www.ncbi.nlm.nih.gov/pmc/articles/PMC11219798/
					https://www.ncbi.nlm.nih.gov/pmc/articles/PMC11798718/
					https://www.ncbi.nlm.nih.gov/pmc/articles/PMC12724973/
					https://www.ncbi.nlm.nih.gov/pmc/articles/PMC13232148/
					https://www.ncbi.nlm.nih.gov/pmc/articles/PMC13032323/
					https://www.ncbi.nlm.nih.gov/pmc/articles/PMC11005234/
					https://www.ncbi.nlm.nih.gov/pmc/articles/PMC13431447/
					https://www.ncbi.nlm.nih.gov/pmc/articles/PMC12359071/
					https://www.ncbi.nlm.nih.gov/pmc/articles/PMC13376995/
					https://www.ncbi.nlm.nih.gov/pmc/articles/PMC12800358/
					https://www.ncbi.nlm.nih.gov/pmc/articles/PMC12405059/
					https://www.ncbi.nlm.nih.gov/pmc/articles/PMC12047418/
					https://www.ncbi.nlm.nih.gov/pmc/articles/PMC11774135/
					https://www.ncbi.nlm.nih.gov/pmc/articles/PMC13059499/
					https://www.ncbi.nlm.nih.gov/pmc/articles/PMC11751436/
					https://www.ncbi.nlm.nih.gov/pmc/articles/PMC8515356/
					https://www.ncbi.nlm.nih.gov/pmc/articles/PMC11327885/
					https://www.ncbi.nlm.nih.gov/pmc/articles/PMC11772710/
					https://www.ncbi.nlm.nih.gov/pmc/articles/PMC12726271/
					https://www.ncbi.nlm.nih.gov/pmc/articles/PMC12139745/
					https://www.ncbi.nlm.nih.gov/pmc/articles/PMC11782126/
					https://www.ncbi.nlm.nih.gov/pmc/articles/PMC9536741/
scMD		created	https://github.com/randel/scMD	scMD is publicly hosted on GitHub (https://github.com/randel/scMD).	https://www.ncbi.nlm.nih.gov/pmc/articles/PMC10418231/
EnsDeconv		created	https://github.com/randel/EnsDeconv	EnsDeconv (https://github.com/randel/EnsDeconv).	https://www.ncbi.nlm.nih.gov/pmc/articles/PMC10418231/
EpiSCORE		created	https://github.com/aet21/EpiSCORE	EpiSCORE (https://github.com/aet21/EpiSCORE).	https://www.ncbi.nlm.nih.gov/pmc/articles/PMC10418231/
					https://www.ncbi.nlm.nih.gov/pmc/articles/PMC9832827/
					https://www.ncbi.nlm.nih.gov/pmc/articles/PMC11952609/
ChromBPNet		used	https://github.com/kundajelab/ChromBPNet	"Training new models and generating DeepLIFT scores from:
  https://github.com/kundajelab/ChromBPNet"	https://www.ncbi.nlm.nih.gov/pmc/articles/PMC13335522/
TF-MoDISco		used	https://github.com/kundajelab/tfmodisco	Running TF-MoDISco from:   https://github.com/kundajelab/tfmodisco	https://www.ncbi.nlm.nih.gov/pmc/articles/PMC13335522/
FLARE		used	https://github.com/drewmard/FLARE	Training FLARE models for variant scoring:   https://github.com/drewmard/FLARE	https://www.ncbi.nlm.nih.gov/pmc/articles/PMC13335522/
					https://www.ncbi.nlm.nih.gov/pmc/articles/PMC11254448/
					https://www.ncbi.nlm.nih.gov/pmc/articles/PMC12622124/
					https://www.ncbi.nlm.nih.gov/pmc/articles/PMC6817840/
					https://www.ncbi.nlm.nih.gov/pmc/articles/PMC11581040/
					https://www.ncbi.nlm.nih.gov/pmc/articles/PMC12393254/
					https://www.ncbi.nlm.nih.gov/pmc/articles/PMC11713923/
					https://www.ncbi.nlm.nih.gov/pmc/articles/PMC11974904/
					https://www.ncbi.nlm.nih.gov/pmc/articles/PMC12124455/
					https://www.ncbi.nlm.nih.gov/pmc/articles/PMC9743664/
					https://www.ncbi.nlm.nih.gov/pmc/articles/PMC13015557/
					https://www.ncbi.nlm.nih.gov/pmc/articles/PMC13376175/
					https://www.ncbi.nlm.nih.gov/pmc/articles/PMC12265784/
					https://www.ncbi.nlm.nih.gov/pmc/articles/PMC13240023/
					https://www.ncbi.nlm.nih.gov/pmc/articles/PMC12779291/
					https://www.ncbi.nlm.nih.gov/pmc/articles/PMC11555573/
					https://www.ncbi.nlm.nih.gov/pmc/articles/PMC11714994/
					https://www.ncbi.nlm.nih.gov/pmc/articles/PMC12054637/
					https://www.ncbi.nlm.nih.gov/pmc/articles/PMC12464548/
					https://www.ncbi.nlm.nih.gov/pmc/articles/PMC13096975/
					https://www.ncbi.nlm.nih.gov/pmc/articles/PMC8005231/
					https://www.ncbi.nlm.nih.gov/pmc/articles/PMC7237496/
					https://www.ncbi.nlm.nih.gov/pmc/articles/PMC12722600/
					https://www.ncbi.nlm.nih.gov/pmc/articles/PMC11129202/
					https://www.ncbi.nlm.nih.gov/pmc/articles/PMC13434046/
					https://www.ncbi.nlm.nih.gov/pmc/articles/PMC12698020/
					https://www.ncbi.nlm.nih.gov/pmc/articles/PMC12328787/
					https://www.ncbi.nlm.nih.gov/pmc/articles/PMC12275818/
					https://www.ncbi.nlm.nih.gov/pmc/articles/PMC11779843/
					https://www.ncbi.nlm.nih.gov/pmc/articles/PMC12145432/
					https://www.ncbi.nlm.nih.gov/pmc/articles/PMC13234528/
					https://www.ncbi.nlm.nih.gov/pmc/articles/PMC12110824/
					https://www.ncbi.nlm.nih.gov/pmc/articles/PMC11426130/
					https://www.ncbi.nlm.nih.gov/pmc/articles/PMC12829904/
					https://www.ncbi.nlm.nih.gov/pmc/articles/PMC12736635/
					https://www.ncbi.nlm.nih.gov/pmc/articles/PMC13243201/
					https://www.ncbi.nlm.nih.gov/pmc/articles/PMC12516147/
					https://www.ncbi.nlm.nih.gov/pmc/articles/PMC12557935/
					https://www.ncbi.nlm.nih.gov/pmc/articles/PMC12557495/
					https://www.ncbi.nlm.nih.gov/pmc/articles/PMC13394823/
					https://www.ncbi.nlm.nih.gov/pmc/articles/PMC7215644/
					https://www.ncbi.nlm.nih.gov/pmc/articles/PMC12737873/
					https://www.ncbi.nlm.nih.gov/pmc/articles/PMC11497672/
					https://www.ncbi.nlm.nih.gov/pmc/articles/PMC1134657/
					https://www.ncbi.nlm.nih.gov/pmc/articles/PMC13263755/
					https://www.ncbi.nlm.nih.gov/pmc/articles/PMC5181674/
					https://www.ncbi.nlm.nih.gov/pmc/articles/PMC12781432/
					https://www.ncbi.nlm.nih.gov/pmc/articles/PMC13387983/
					https://www.ncbi.nlm.nih.gov/pmc/articles/PMC8048822/
					https://www.ncbi.nlm.nih.gov/pmc/articles/PMC12738046/
BaySeq-Y		created	https://github.com/zdz-lab/BaySeq-Y	All code required to reproduce the results reported in this study and to apply BaySeq-Y to new datasets is available at GitHub (https://github.com/zdz-lab/BaySeq-Y). BaySeq-Y is implemented in R using the rjags package for Markov chain Monte Carlo (MCMC)-based Bayesian inference.	https://www.ncbi.nlm.nih.gov/pmc/articles/PMC13345008/
					https://www.ncbi.nlm.nih.gov/pmc/articles/PMC11996316/
					https://www.ncbi.nlm.nih.gov/pmc/articles/PMC13202612/
					https://www.ncbi.nlm.nih.gov/pmc/articles/PMC11873101/
					https://www.ncbi.nlm.nih.gov/pmc/articles/PMC13384059/
					https://www.ncbi.nlm.nih.gov/pmc/articles/PMC13388714/
					https://www.ncbi.nlm.nih.gov/pmc/articles/PMC12932916/
					https://www.ncbi.nlm.nih.gov/pmc/articles/PMC12965328/
					https://www.ncbi.nlm.nih.gov/pmc/articles/PMC12952151/
					https://www.ncbi.nlm.nih.gov/pmc/articles/PMC11312441/
					https://www.ncbi.nlm.nih.gov/pmc/articles/PMC11633365/
					https://www.ncbi.nlm.nih.gov/pmc/articles/PMC11142115/
					https://www.ncbi.nlm.nih.gov/pmc/articles/PMC8364121/
					https://www.ncbi.nlm.nih.gov/pmc/articles/PMC12294393/
					https://www.ncbi.nlm.nih.gov/pmc/articles/PMC11374863/
					https://www.ncbi.nlm.nih.gov/pmc/articles/PMC13371072/
					https://www.ncbi.nlm.nih.gov/pmc/articles/PMC11223971/
					https://www.ncbi.nlm.nih.gov/pmc/articles/PMC12096932/
					https://www.ncbi.nlm.nih.gov/pmc/articles/PMC12983521/
					https://www.ncbi.nlm.nih.gov/pmc/articles/PMC12144096/
					https://www.ncbi.nlm.nih.gov/pmc/articles/PMC11628140/
					https://www.ncbi.nlm.nih.gov/pmc/articles/PMC5765402/
					https://www.ncbi.nlm.nih.gov/pmc/articles/PMC13232401/
					https://www.ncbi.nlm.nih.gov/pmc/articles/PMC7159908/
					https://www.ncbi.nlm.nih.gov/pmc/articles/PMC12929348/
					https://www.ncbi.nlm.nih.gov/pmc/articles/PMC9671808/
					https://www.ncbi.nlm.nih.gov/pmc/articles/PMC8185545/
					https://www.ncbi.nlm.nih.gov/pmc/articles/PMC13340787/
					https://www.ncbi.nlm.nih.gov/pmc/articles/PMC9392750/
					https://www.ncbi.nlm.nih.gov/pmc/articles/PMC12880390/
					https://www.ncbi.nlm.nih.gov/pmc/articles/PMC11580990/
					https://www.ncbi.nlm.nih.gov/pmc/articles/PMC11305389/
					https://www.ncbi.nlm.nih.gov/pmc/articles/PMC13097734/
					https://www.ncbi.nlm.nih.gov/pmc/articles/PMC12265171/
					https://www.ncbi.nlm.nih.gov/pmc/articles/PMC12324596/
					https://www.ncbi.nlm.nih.gov/pmc/articles/PMC10063832/
					https://www.ncbi.nlm.nih.gov/pmc/articles/PMC11601159/
					https://www.ncbi.nlm.nih.gov/pmc/articles/PMC11221015/
					https://www.ncbi.nlm.nih.gov/pmc/articles/PMC5608410/
					https://www.ncbi.nlm.nih.gov/pmc/articles/PMC13287724/
					https://www.ncbi.nlm.nih.gov/pmc/articles/PMC12968210/
					https://www.ncbi.nlm.nih.gov/pmc/articles/PMC13239676/
					https://www.ncbi.nlm.nih.gov/pmc/articles/PMC13255081/
					https://www.ncbi.nlm.nih.gov/pmc/articles/PMC10480336/
					https://www.ncbi.nlm.nih.gov/pmc/articles/PMC11180930/
					https://www.ncbi.nlm.nih.gov/pmc/articles/PMC12060967/
					https://www.ncbi.nlm.nih.gov/pmc/articles/PMC13279448/
					https://www.ncbi.nlm.nih.gov/pmc/articles/PMC13388426/
					https://www.ncbi.nlm.nih.gov/pmc/articles/PMC10351311/
					https://www.ncbi.nlm.nih.gov/pmc/articles/PMC12736714/
					https://www.ncbi.nlm.nih.gov/pmc/articles/PMC11710179/
					https://www.ncbi.nlm.nih.gov/pmc/articles/PMC12587304/
					https://www.ncbi.nlm.nih.gov/pmc/articles/PMC11690584/
					https://www.ncbi.nlm.nih.gov/pmc/articles/PMC11987288/
					https://www.ncbi.nlm.nih.gov/pmc/articles/PMC10602176/
					https://www.ncbi.nlm.nih.gov/pmc/articles/PMC11716171/
					https://www.ncbi.nlm.nih.gov/pmc/articles/PMC11588930/
					https://www.ncbi.nlm.nih.gov/pmc/articles/PMC13122771/
					https://www.ncbi.nlm.nih.gov/pmc/articles/PMC12902793/
					https://www.ncbi.nlm.nih.gov/pmc/articles/PMC5570257/
					https://www.ncbi.nlm.nih.gov/pmc/articles/PMC12586740/
					https://www.ncbi.nlm.nih.gov/pmc/articles/PMC13387919/
					https://www.ncbi.nlm.nih.gov/pmc/articles/PMC10840747/
					https://www.ncbi.nlm.nih.gov/pmc/articles/PMC10497850/
					https://www.ncbi.nlm.nih.gov/pmc/articles/PMC11772116/
					https://www.ncbi.nlm.nih.gov/pmc/articles/PMC13113626/
					https://www.ncbi.nlm.nih.gov/pmc/articles/PMC8557349/
					https://www.ncbi.nlm.nih.gov/pmc/articles/PMC11346412/
					https://www.ncbi.nlm.nih.gov/pmc/articles/PMC12964390/
					https://www.ncbi.nlm.nih.gov/pmc/articles/PMC12395694/
					https://www.ncbi.nlm.nih.gov/pmc/articles/PMC8011701/
					https://www.ncbi.nlm.nih.gov/pmc/articles/PMC7093968/
					https://www.ncbi.nlm.nih.gov/pmc/articles/PMC11699708/
					https://www.ncbi.nlm.nih.gov/pmc/articles/PMC13131769/
					https://www.ncbi.nlm.nih.gov/pmc/articles/PMC11442384/
					https://www.ncbi.nlm.nih.gov/pmc/articles/PMC12954506/
					https://www.ncbi.nlm.nih.gov/pmc/articles/PMC11063818/
					https://www.ncbi.nlm.nih.gov/pmc/articles/PMC11908329/
					https://www.ncbi.nlm.nih.gov/pmc/articles/PMC12632664/
					https://www.ncbi.nlm.nih.gov/pmc/articles/PMC10061310/
					https://www.ncbi.nlm.nih.gov/pmc/articles/PMC11330222/
					https://www.ncbi.nlm.nih.gov/pmc/articles/PMC12367338/
					https://www.ncbi.nlm.nih.gov/pmc/articles/PMC10427420/
					https://www.ncbi.nlm.nih.gov/pmc/articles/PMC12725831/
					https://www.ncbi.nlm.nih.gov/pmc/articles/PMC11667503/
					https://www.ncbi.nlm.nih.gov/pmc/articles/PMC11057441/
					https://www.ncbi.nlm.nih.gov/pmc/articles/PMC11118644/
					https://www.ncbi.nlm.nih.gov/pmc/articles/PMC13272108/
					https://www.ncbi.nlm.nih.gov/pmc/articles/PMC9651458/
					https://www.ncbi.nlm.nih.gov/pmc/articles/PMC12771150/
					https://www.ncbi.nlm.nih.gov/pmc/articles/PMC13110254/
					https://www.ncbi.nlm.nih.gov/pmc/articles/PMC11160907/
					https://www.ncbi.nlm.nih.gov/pmc/articles/PMC12092243/
					https://www.ncbi.nlm.nih.gov/pmc/articles/PMC10870745/
					https://www.ncbi.nlm.nih.gov/pmc/articles/PMC12089919/
					https://www.ncbi.nlm.nih.gov/pmc/articles/PMC12958105/
					https://www.ncbi.nlm.nih.gov/pmc/articles/PMC12725028/
					https://www.ncbi.nlm.nih.gov/pmc/articles/PMC11213077/
					https://www.ncbi.nlm.nih.gov/pmc/articles/PMC13293097/
					https://www.ncbi.nlm.nih.gov/pmc/articles/PMC11146203/
					https://www.ncbi.nlm.nih.gov/pmc/articles/PMC11208617/
					https://www.ncbi.nlm.nih.gov/pmc/articles/PMC12140532/
					https://www.ncbi.nlm.nih.gov/pmc/articles/PMC13044590/
					https://www.ncbi.nlm.nih.gov/pmc/articles/PMC12493116/
					https://www.ncbi.nlm.nih.gov/pmc/articles/PMC12407829/
					https://www.ncbi.nlm.nih.gov/pmc/articles/PMC5333211/
					https://www.ncbi.nlm.nih.gov/pmc/articles/PMC12168238/
					https://www.ncbi.nlm.nih.gov/pmc/articles/PMC8131404/
					https://www.ncbi.nlm.nih.gov/pmc/articles/PMC10808635/
					https://www.ncbi.nlm.nih.gov/pmc/articles/PMC12726491/
					https://www.ncbi.nlm.nih.gov/pmc/articles/PMC10738579/
					https://www.ncbi.nlm.nih.gov/pmc/articles/PMC12573102/
					https://www.ncbi.nlm.nih.gov/pmc/articles/PMC13312654/
					https://www.ncbi.nlm.nih.gov/pmc/articles/PMC12975756/
					https://www.ncbi.nlm.nih.gov/pmc/articles/PMC11698078/
					https://www.ncbi.nlm.nih.gov/pmc/articles/PMC10652415/
					https://www.ncbi.nlm.nih.gov/pmc/articles/PMC12822518/
					https://www.ncbi.nlm.nih.gov/pmc/articles/PMC11838413/
					https://www.ncbi.nlm.nih.gov/pmc/articles/PMC6382060/
					https://www.ncbi.nlm.nih.gov/pmc/articles/PMC11713421/
					https://www.ncbi.nlm.nih.gov/pmc/articles/PMC10581239/
					https://www.ncbi.nlm.nih.gov/pmc/articles/PMC10703692/
					https://www.ncbi.nlm.nih.gov/pmc/articles/PMC11833807/
					https://www.ncbi.nlm.nih.gov/pmc/articles/PMC11880917/
					https://www.ncbi.nlm.nih.gov/pmc/articles/PMC11106718/
					https://www.ncbi.nlm.nih.gov/pmc/articles/PMC11289425/
					https://www.ncbi.nlm.nih.gov/pmc/articles/PMC12726481/
					https://www.ncbi.nlm.nih.gov/pmc/articles/PMC12713165/
					https://www.ncbi.nlm.nih.gov/pmc/articles/PMC12499397/
					https://www.ncbi.nlm.nih.gov/pmc/articles/PMC7653537/
					https://www.ncbi.nlm.nih.gov/pmc/articles/PMC11247676/
					https://www.ncbi.nlm.nih.gov/pmc/articles/PMC11015617/
					https://www.ncbi.nlm.nih.gov/pmc/articles/PMC11245060/
					https://www.ncbi.nlm.nih.gov/pmc/articles/PMC11346627/
					https://www.ncbi.nlm.nih.gov/pmc/articles/PMC13252199/
					https://www.ncbi.nlm.nih.gov/pmc/articles/PMC11302699/
					https://www.ncbi.nlm.nih.gov/pmc/articles/PMC5058336/
					https://www.ncbi.nlm.nih.gov/pmc/articles/PMC12510584/
					https://www.ncbi.nlm.nih.gov/pmc/articles/PMC11097771/
					https://www.ncbi.nlm.nih.gov/pmc/articles/PMC12584222/
					https://www.ncbi.nlm.nih.gov/pmc/articles/PMC13187053/
					https://www.ncbi.nlm.nih.gov/pmc/articles/PMC5856779/
					https://www.ncbi.nlm.nih.gov/pmc/articles/PMC12745470/
					https://www.ncbi.nlm.nih.gov/pmc/articles/PMC10769298/
					https://www.ncbi.nlm.nih.gov/pmc/articles/PMC11050386/
					https://www.ncbi.nlm.nih.gov/pmc/articles/PMC13155764/
					https://www.ncbi.nlm.nih.gov/pmc/articles/PMC12851831/
					https://www.ncbi.nlm.nih.gov/pmc/articles/PMC10264552/
					https://www.ncbi.nlm.nih.gov/pmc/articles/PMC12637479/
					https://www.ncbi.nlm.nih.gov/pmc/articles/PMC6938400/
					https://www.ncbi.nlm.nih.gov/pmc/articles/PMC13035321/
					https://www.ncbi.nlm.nih.gov/pmc/articles/PMC11176976/
					https://www.ncbi.nlm.nih.gov/pmc/articles/PMC11909759/
					https://www.ncbi.nlm.nih.gov/pmc/articles/PMC12514551/
					https://www.ncbi.nlm.nih.gov/pmc/articles/PMC12050196/
					https://www.ncbi.nlm.nih.gov/pmc/articles/PMC13269005/
					https://www.ncbi.nlm.nih.gov/pmc/articles/PMC12675173/
					https://www.ncbi.nlm.nih.gov/pmc/articles/PMC13190313/
					https://www.ncbi.nlm.nih.gov/pmc/articles/PMC10167602/
					https://www.ncbi.nlm.nih.gov/pmc/articles/PMC10497010/
					https://www.ncbi.nlm.nih.gov/pmc/articles/PMC11657859/
					https://www.ncbi.nlm.nih.gov/pmc/articles/PMC11063138/
					https://www.ncbi.nlm.nih.gov/pmc/articles/PMC5786129/
					https://www.ncbi.nlm.nih.gov/pmc/articles/PMC12895379/
					https://www.ncbi.nlm.nih.gov/pmc/articles/PMC10794326/
					https://www.ncbi.nlm.nih.gov/pmc/articles/PMC11979625/
					https://www.ncbi.nlm.nih.gov/pmc/articles/PMC13336035/
					https://www.ncbi.nlm.nih.gov/pmc/articles/PMC10947957/
					https://www.ncbi.nlm.nih.gov/pmc/articles/PMC12183990/
					https://www.ncbi.nlm.nih.gov/pmc/articles/PMC13014018/
					https://www.ncbi.nlm.nih.gov/pmc/articles/PMC12647378/
					https://www.ncbi.nlm.nih.gov/pmc/articles/PMC13376952/
disease classification model M1		created	http://doi.org/10.5281/zenodo.XXXXXX	R code for disease classification model M1 will be available at Supplementary Materials http://doi.org/10.5281/zenodo.XXXXXX after publication.	https://www.ncbi.nlm.nih.gov/pmc/articles/PMC12458623/
					https://www.ncbi.nlm.nih.gov/pmc/articles/PMC13037470/
					https://www.ncbi.nlm.nih.gov/pmc/articles/PMC12833908/
					https://www.ncbi.nlm.nih.gov/pmc/articles/PMC11170814/
					https://www.ncbi.nlm.nih.gov/pmc/articles/PMC12925093/
					https://www.ncbi.nlm.nih.gov/pmc/articles/PMC12895290/
					https://www.ncbi.nlm.nih.gov/pmc/articles/PMC11490488/
					https://www.ncbi.nlm.nih.gov/pmc/articles/PMC11711893/
					https://www.ncbi.nlm.nih.gov/pmc/articles/PMC11867105/
					https://www.ncbi.nlm.nih.gov/pmc/articles/PMC12616628/
					https://www.ncbi.nlm.nih.gov/pmc/articles/PMC12928093/
					https://www.ncbi.nlm.nih.gov/pmc/articles/PMC12633089/
					https://www.ncbi.nlm.nih.gov/pmc/articles/PMC11451830/
					https://www.ncbi.nlm.nih.gov/pmc/articles/PMC11714981/
					https://www.ncbi.nlm.nih.gov/pmc/articles/PMC12726427/
					https://www.ncbi.nlm.nih.gov/pmc/articles/PMC12639401/
					https://www.ncbi.nlm.nih.gov/pmc/articles/PMC11551169/
					https://www.ncbi.nlm.nih.gov/pmc/articles/PMC11423796/
					https://www.ncbi.nlm.nih.gov/pmc/articles/PMC12498291/
					https://www.ncbi.nlm.nih.gov/pmc/articles/PMC11714973/
					https://www.ncbi.nlm.nih.gov/pmc/articles/PMC12724867/
					https://www.ncbi.nlm.nih.gov/pmc/articles/PMC13284736/
					https://www.ncbi.nlm.nih.gov/pmc/articles/PMC12434708/
					https://www.ncbi.nlm.nih.gov/pmc/articles/PMC13086052/
					https://www.ncbi.nlm.nih.gov/pmc/articles/PMC11549469/
					https://www.ncbi.nlm.nih.gov/pmc/articles/PMC12836486/
					https://www.ncbi.nlm.nih.gov/pmc/articles/PMC13386970/
					https://www.ncbi.nlm.nih.gov/pmc/articles/PMC12448431/
					https://www.ncbi.nlm.nih.gov/pmc/articles/PMC8196018/
					https://www.ncbi.nlm.nih.gov/pmc/articles/PMC13275333/
					https://www.ncbi.nlm.nih.gov/pmc/articles/PMC12996523/
					https://www.ncbi.nlm.nih.gov/pmc/articles/PMC12070248/
					https://www.ncbi.nlm.nih.gov/pmc/articles/PMC12713881/
					https://www.ncbi.nlm.nih.gov/pmc/articles/PMC13399057/
					https://www.ncbi.nlm.nih.gov/pmc/articles/PMC13164144/
					https://www.ncbi.nlm.nih.gov/pmc/articles/PMC13061560/
					https://www.ncbi.nlm.nih.gov/pmc/articles/PMC11714247/
					https://www.ncbi.nlm.nih.gov/pmc/articles/PMC12038944/
					https://www.ncbi.nlm.nih.gov/pmc/articles/PMC10659492/
					https://www.ncbi.nlm.nih.gov/pmc/articles/PMC13035944/
					https://www.ncbi.nlm.nih.gov/pmc/articles/PMC10825064/
					https://www.ncbi.nlm.nih.gov/pmc/articles/PMC11713129/
					https://www.ncbi.nlm.nih.gov/pmc/articles/PMC11395524/
					https://www.ncbi.nlm.nih.gov/pmc/articles/PMC13396706/
Canonical HMM		created	https://github.com/OHBA-analysis/Canonical-HMM-Networks	Code and examples scripts for processing M/EEG data and applying the canonical HMM have been made publicly available here: Section 2.1 https://github.com/OHBA-analysis/Canonical-HMM-Networks.	https://www.ncbi.nlm.nih.gov/pmc/articles/PMC13045528/
					https://www.ncbi.nlm.nih.gov/pmc/articles/PMC11148722/
					https://www.ncbi.nlm.nih.gov/pmc/articles/PMC11794243/
					https://www.ncbi.nlm.nih.gov/pmc/articles/PMC12889864/
					https://www.ncbi.nlm.nih.gov/pmc/articles/PMC12844306/
					https://www.ncbi.nlm.nih.gov/pmc/articles/PMC5234138/
					https://www.ncbi.nlm.nih.gov/pmc/articles/PMC11982518/
					https://www.ncbi.nlm.nih.gov/pmc/articles/PMC11210445/
					https://www.ncbi.nlm.nih.gov/pmc/articles/PMC12570835/
					https://www.ncbi.nlm.nih.gov/pmc/articles/PMC12726072/
					https://www.ncbi.nlm.nih.gov/pmc/articles/PMC12724938/
					https://www.ncbi.nlm.nih.gov/pmc/articles/PMC12738539/
					https://www.ncbi.nlm.nih.gov/pmc/articles/PMC12737884/
					https://www.ncbi.nlm.nih.gov/pmc/articles/PMC12870594/
					https://www.ncbi.nlm.nih.gov/pmc/articles/PMC10840905/
					https://www.ncbi.nlm.nih.gov/pmc/articles/PMC12204033/
					https://www.ncbi.nlm.nih.gov/pmc/articles/PMC11957085/
					https://www.ncbi.nlm.nih.gov/pmc/articles/PMC13278272/
					https://www.ncbi.nlm.nih.gov/pmc/articles/PMC12731502/
					https://www.ncbi.nlm.nih.gov/pmc/articles/PMC13278229/
					https://www.ncbi.nlm.nih.gov/pmc/articles/PMC12980374/
					https://www.ncbi.nlm.nih.gov/pmc/articles/PMC13015648/
					https://www.ncbi.nlm.nih.gov/pmc/articles/PMC11889527/
					https://www.ncbi.nlm.nih.gov/pmc/articles/PMC12461011/
					https://www.ncbi.nlm.nih.gov/pmc/articles/PMC11937388/
					https://www.ncbi.nlm.nih.gov/pmc/articles/PMC12907085/
					https://www.ncbi.nlm.nih.gov/pmc/articles/PMC12698958/
					https://www.ncbi.nlm.nih.gov/pmc/articles/PMC11033502/
					https://www.ncbi.nlm.nih.gov/pmc/articles/PMC13183592/
					https://www.ncbi.nlm.nih.gov/pmc/articles/PMC10550819/
					https://www.ncbi.nlm.nih.gov/pmc/articles/PMC13081641/
					https://www.ncbi.nlm.nih.gov/pmc/articles/PMC13117606/
					https://www.ncbi.nlm.nih.gov/pmc/articles/PMC13034720/
					https://www.ncbi.nlm.nih.gov/pmc/articles/PMC13390812/
					https://www.ncbi.nlm.nih.gov/pmc/articles/PMC12622108/
					https://www.ncbi.nlm.nih.gov/pmc/articles/PMC13314798/
					https://www.ncbi.nlm.nih.gov/pmc/articles/PMC13403643/
					https://www.ncbi.nlm.nih.gov/pmc/articles/PMC12959732/
					https://www.ncbi.nlm.nih.gov/pmc/articles/PMC11224616/
					https://www.ncbi.nlm.nih.gov/pmc/articles/PMC11460197/
					https://www.ncbi.nlm.nih.gov/pmc/articles/PMC13001318/
					https://www.ncbi.nlm.nih.gov/pmc/articles/PMC11898208/
					https://www.ncbi.nlm.nih.gov/pmc/articles/PMC13343693/
					https://www.ncbi.nlm.nih.gov/pmc/articles/PMC11380226/
					https://www.ncbi.nlm.nih.gov/pmc/articles/PMC13192585/
					https://www.ncbi.nlm.nih.gov/pmc/articles/PMC12839143/
					https://www.ncbi.nlm.nih.gov/pmc/articles/PMC12270200/
					https://www.ncbi.nlm.nih.gov/pmc/articles/PMC12828107/
					https://www.ncbi.nlm.nih.gov/pmc/articles/PMC10657723/
					https://www.ncbi.nlm.nih.gov/pmc/articles/PMC13180249/
					https://www.ncbi.nlm.nih.gov/pmc/articles/PMC11129331/
					https://www.ncbi.nlm.nih.gov/pmc/articles/PMC12934870/
					https://www.ncbi.nlm.nih.gov/pmc/articles/PMC12631840/
					https://www.ncbi.nlm.nih.gov/pmc/articles/PMC10896586/
					https://www.ncbi.nlm.nih.gov/pmc/articles/PMC11625605/
					https://www.ncbi.nlm.nih.gov/pmc/articles/PMC11372256/
					https://www.ncbi.nlm.nih.gov/pmc/articles/PMC13241946/
					https://www.ncbi.nlm.nih.gov/pmc/articles/PMC12294632/
					https://www.ncbi.nlm.nih.gov/pmc/articles/PMC12754704/
					https://www.ncbi.nlm.nih.gov/pmc/articles/PMC13415765/
					https://www.ncbi.nlm.nih.gov/pmc/articles/PMC11265226/
					https://www.ncbi.nlm.nih.gov/pmc/articles/PMC13369396/
					https://www.ncbi.nlm.nih.gov/pmc/articles/PMC12570069/
					https://www.ncbi.nlm.nih.gov/pmc/articles/PMC12704640/
					https://www.ncbi.nlm.nih.gov/pmc/articles/PMC11429769/
					https://www.ncbi.nlm.nih.gov/pmc/articles/PMC13347464/
					https://www.ncbi.nlm.nih.gov/pmc/articles/PMC12632456/
					https://www.ncbi.nlm.nih.gov/pmc/articles/PMC13290649/
					https://www.ncbi.nlm.nih.gov/pmc/articles/PMC13239389/
					https://www.ncbi.nlm.nih.gov/pmc/articles/PMC6215059/
					https://www.ncbi.nlm.nih.gov/pmc/articles/PMC12913073/
					https://www.ncbi.nlm.nih.gov/pmc/articles/PMC11517935/
					https://www.ncbi.nlm.nih.gov/pmc/articles/PMC11177590/
					https://www.ncbi.nlm.nih.gov/pmc/articles/PMC12738006/
					https://www.ncbi.nlm.nih.gov/pmc/articles/PMC13042382/
					https://www.ncbi.nlm.nih.gov/pmc/articles/PMC11644655/
					https://www.ncbi.nlm.nih.gov/pmc/articles/PMC13321088/
					https://www.ncbi.nlm.nih.gov/pmc/articles/PMC11060923/
					https://www.ncbi.nlm.nih.gov/pmc/articles/PMC13290360/
					https://www.ncbi.nlm.nih.gov/pmc/articles/PMC12855616/
					https://www.ncbi.nlm.nih.gov/pmc/articles/PMC12726812/
					https://www.ncbi.nlm.nih.gov/pmc/articles/PMC13233350/
					https://www.ncbi.nlm.nih.gov/pmc/articles/PMC11247699/
					https://www.ncbi.nlm.nih.gov/pmc/articles/PMC12723977/
					https://www.ncbi.nlm.nih.gov/pmc/articles/PMC12425028/
					https://www.ncbi.nlm.nih.gov/pmc/articles/PMC12706122/
					https://www.ncbi.nlm.nih.gov/pmc/articles/PMC10776811/
					https://www.ncbi.nlm.nih.gov/pmc/articles/PMC13332888/
					https://www.ncbi.nlm.nih.gov/pmc/articles/PMC11378437/
					https://www.ncbi.nlm.nih.gov/pmc/articles/PMC12690363/
					https://www.ncbi.nlm.nih.gov/pmc/articles/PMC13144096/
					https://www.ncbi.nlm.nih.gov/pmc/articles/PMC12826130/
					https://www.ncbi.nlm.nih.gov/pmc/articles/PMC12854859/
					https://www.ncbi.nlm.nih.gov/pmc/articles/PMC12737839/
					https://www.ncbi.nlm.nih.gov/pmc/articles/PMC12665170/
					https://www.ncbi.nlm.nih.gov/pmc/articles/PMC12838296/
					https://www.ncbi.nlm.nih.gov/pmc/articles/PMC12920107/
					https://www.ncbi.nlm.nih.gov/pmc/articles/PMC12489604/
					https://www.ncbi.nlm.nih.gov/pmc/articles/PMC13133158/
					https://www.ncbi.nlm.nih.gov/pmc/articles/PMC12710204/
					https://www.ncbi.nlm.nih.gov/pmc/articles/PMC11451660/
					https://www.ncbi.nlm.nih.gov/pmc/articles/PMC13228687/
					https://www.ncbi.nlm.nih.gov/pmc/articles/PMC13252495/
					https://www.ncbi.nlm.nih.gov/pmc/articles/PMC13409267/
					https://www.ncbi.nlm.nih.gov/pmc/articles/PMC13015617/
					https://www.ncbi.nlm.nih.gov/pmc/articles/PMC13435191/
					https://www.ncbi.nlm.nih.gov/pmc/articles/PMC13276304/
					https://www.ncbi.nlm.nih.gov/pmc/articles/PMC12972485/
					https://www.ncbi.nlm.nih.gov/pmc/articles/PMC13387736/
					https://www.ncbi.nlm.nih.gov/pmc/articles/PMC12784368/
					https://www.ncbi.nlm.nih.gov/pmc/articles/PMC12462683/
					https://www.ncbi.nlm.nih.gov/pmc/articles/PMC12485993/
					https://www.ncbi.nlm.nih.gov/pmc/articles/PMC12265751/
					https://www.ncbi.nlm.nih.gov/pmc/articles/PMC13414067/
					https://www.ncbi.nlm.nih.gov/pmc/articles/PMC12874419/
					https://www.ncbi.nlm.nih.gov/pmc/articles/PMC13307518/
					https://www.ncbi.nlm.nih.gov/pmc/articles/PMC11734586/
					https://www.ncbi.nlm.nih.gov/pmc/articles/PMC11649661/
					https://www.ncbi.nlm.nih.gov/pmc/articles/PMC13323697/
					https://www.ncbi.nlm.nih.gov/pmc/articles/PMC12485575/
					https://www.ncbi.nlm.nih.gov/pmc/articles/PMC13321146/
					https://www.ncbi.nlm.nih.gov/pmc/articles/PMC13228786/
					https://www.ncbi.nlm.nih.gov/pmc/articles/PMC10529380/
					https://www.ncbi.nlm.nih.gov/pmc/articles/PMC13075639/
					https://www.ncbi.nlm.nih.gov/pmc/articles/PMC13388994/
					https://www.ncbi.nlm.nih.gov/pmc/articles/PMC11710410/
					https://www.ncbi.nlm.nih.gov/pmc/articles/PMC11326325/
					https://www.ncbi.nlm.nih.gov/pmc/articles/PMC12324616/
					https://www.ncbi.nlm.nih.gov/pmc/articles/PMC13251790/
					https://www.ncbi.nlm.nih.gov/pmc/articles/PMC13089205/
					https://www.ncbi.nlm.nih.gov/pmc/articles/PMC13324018/
					https://www.ncbi.nlm.nih.gov/pmc/articles/PMC11752974/
					https://www.ncbi.nlm.nih.gov/pmc/articles/PMC12404927/
					https://www.ncbi.nlm.nih.gov/pmc/articles/PMC12177208/
					https://www.ncbi.nlm.nih.gov/pmc/articles/PMC13188723/
					https://www.ncbi.nlm.nih.gov/pmc/articles/PMC13403565/
					https://www.ncbi.nlm.nih.gov/pmc/articles/PMC12622143/
					https://www.ncbi.nlm.nih.gov/pmc/articles/PMC11638064/
					https://www.ncbi.nlm.nih.gov/pmc/articles/PMC12488959/
					https://www.ncbi.nlm.nih.gov/pmc/articles/PMC12803177/
					https://www.ncbi.nlm.nih.gov/pmc/articles/PMC12678402/
					https://www.ncbi.nlm.nih.gov/pmc/articles/PMC11957066/
					https://www.ncbi.nlm.nih.gov/pmc/articles/PMC11617377/
					https://www.ncbi.nlm.nih.gov/pmc/articles/PMC13409226/
					https://www.ncbi.nlm.nih.gov/pmc/articles/PMC11667507/
					https://www.ncbi.nlm.nih.gov/pmc/articles/PMC12933589/
					https://www.ncbi.nlm.nih.gov/pmc/articles/PMC13366259/
					https://www.ncbi.nlm.nih.gov/pmc/articles/PMC13446284/
					https://www.ncbi.nlm.nih.gov/pmc/articles/PMC13347428/
					https://www.ncbi.nlm.nih.gov/pmc/articles/PMC11234605/
					https://www.ncbi.nlm.nih.gov/pmc/articles/PMC13012477/
					https://www.ncbi.nlm.nih.gov/pmc/articles/PMC12633721/
					https://www.ncbi.nlm.nih.gov/pmc/articles/PMC11672072/
					https://www.ncbi.nlm.nih.gov/pmc/articles/PMC12629485/
					https://www.ncbi.nlm.nih.gov/pmc/articles/PMC11032563/
					https://www.ncbi.nlm.nih.gov/pmc/articles/PMC10574762/
					https://www.ncbi.nlm.nih.gov/pmc/articles/PMC11969563/
					https://www.ncbi.nlm.nih.gov/pmc/articles/PMC13452820/
					https://www.ncbi.nlm.nih.gov/pmc/articles/PMC12712348/
					https://www.ncbi.nlm.nih.gov/pmc/articles/PMC13438263/
					https://www.ncbi.nlm.nih.gov/pmc/articles/PMC13452022/
					https://www.ncbi.nlm.nih.gov/pmc/articles/PMC11383048/
					https://www.ncbi.nlm.nih.gov/pmc/articles/PMC11974700/
					https://www.ncbi.nlm.nih.gov/pmc/articles/PMC13052122/
					https://www.ncbi.nlm.nih.gov/pmc/articles/PMC13140531/
					https://www.ncbi.nlm.nih.gov/pmc/articles/PMC11947757/
					https://www.ncbi.nlm.nih.gov/pmc/articles/PMC13245398/
					https://www.ncbi.nlm.nih.gov/pmc/articles/PMC13206530/
					https://www.ncbi.nlm.nih.gov/pmc/articles/PMC12919141/
					https://www.ncbi.nlm.nih.gov/pmc/articles/PMC12019695/
					https://www.ncbi.nlm.nih.gov/pmc/articles/PMC12803201/
					https://www.ncbi.nlm.nih.gov/pmc/articles/PMC10540270/
					https://www.ncbi.nlm.nih.gov/pmc/articles/PMC10632687/
					https://www.ncbi.nlm.nih.gov/pmc/articles/PMC12649056/
					https://www.ncbi.nlm.nih.gov/pmc/articles/PMC11148718/
					https://www.ncbi.nlm.nih.gov/pmc/articles/PMC13334060/
					https://www.ncbi.nlm.nih.gov/pmc/articles/PMC13018141/
					https://www.ncbi.nlm.nih.gov/pmc/articles/PMC12180132/
					https://www.ncbi.nlm.nih.gov/pmc/articles/PMC9748546/
					https://www.ncbi.nlm.nih.gov/pmc/articles/PMC11948778/
					https://www.ncbi.nlm.nih.gov/pmc/articles/PMC12748221/
					https://www.ncbi.nlm.nih.gov/pmc/articles/PMC10557526/
					https://www.ncbi.nlm.nih.gov/pmc/articles/PMC12967247/
					https://www.ncbi.nlm.nih.gov/pmc/articles/PMC13254111/
					https://www.ncbi.nlm.nih.gov/pmc/articles/PMC12148693/
					https://www.ncbi.nlm.nih.gov/pmc/articles/PMC10063171/
					https://www.ncbi.nlm.nih.gov/pmc/articles/PMC12998996/
					https://www.ncbi.nlm.nih.gov/pmc/articles/PMC12380415/
					https://www.ncbi.nlm.nih.gov/pmc/articles/PMC12854940/
					https://www.ncbi.nlm.nih.gov/pmc/articles/PMC11579312/
					https://www.ncbi.nlm.nih.gov/pmc/articles/PMC11409641/
					https://www.ncbi.nlm.nih.gov/pmc/articles/PMC13306255/
					https://www.ncbi.nlm.nih.gov/pmc/articles/PMC12934844/
					https://www.ncbi.nlm.nih.gov/pmc/articles/PMC12302673/
					https://www.ncbi.nlm.nih.gov/pmc/articles/PMC12738193/
					https://www.ncbi.nlm.nih.gov/pmc/articles/PMC13028618/
					https://www.ncbi.nlm.nih.gov/pmc/articles/PMC11397325/
					https://www.ncbi.nlm.nih.gov/pmc/articles/PMC12829252/
					https://www.ncbi.nlm.nih.gov/pmc/articles/PMC12647872/
					https://www.ncbi.nlm.nih.gov/pmc/articles/PMC11711508/
					https://www.ncbi.nlm.nih.gov/pmc/articles/PMC12104074/
					https://www.ncbi.nlm.nih.gov/pmc/articles/PMC13339298/
					https://www.ncbi.nlm.nih.gov/pmc/articles/PMC12265777/
					https://www.ncbi.nlm.nih.gov/pmc/articles/PMC10532639/
					https://www.ncbi.nlm.nih.gov/pmc/articles/PMC13196825/
					https://www.ncbi.nlm.nih.gov/pmc/articles/PMC13018777/
					https://www.ncbi.nlm.nih.gov/pmc/articles/PMC11266374/
					https://www.ncbi.nlm.nih.gov/pmc/articles/PMC12965372/
					https://www.ncbi.nlm.nih.gov/pmc/articles/PMC12914651/
					https://www.ncbi.nlm.nih.gov/pmc/articles/PMC11646175/
					https://www.ncbi.nlm.nih.gov/pmc/articles/PMC13147394/
					https://www.ncbi.nlm.nih.gov/pmc/articles/PMC12634217/
					https://www.ncbi.nlm.nih.gov/pmc/articles/PMC11245521/
					https://www.ncbi.nlm.nih.gov/pmc/articles/PMC13376622/
					https://www.ncbi.nlm.nih.gov/pmc/articles/PMC12697722/
					https://www.ncbi.nlm.nih.gov/pmc/articles/PMC13116915/
					https://www.ncbi.nlm.nih.gov/pmc/articles/PMC12461887/
					https://www.ncbi.nlm.nih.gov/pmc/articles/PMC10789178/
					https://www.ncbi.nlm.nih.gov/pmc/articles/PMC13053464/
					https://www.ncbi.nlm.nih.gov/pmc/articles/PMC12756985/
					https://www.ncbi.nlm.nih.gov/pmc/articles/PMC12086970/
					https://www.ncbi.nlm.nih.gov/pmc/articles/PMC13251277/
					https://www.ncbi.nlm.nih.gov/pmc/articles/PMC12008764/
					https://www.ncbi.nlm.nih.gov/pmc/articles/PMC13174777/
					https://www.ncbi.nlm.nih.gov/pmc/articles/PMC13400840/
					https://www.ncbi.nlm.nih.gov/pmc/articles/PMC12404994/
					https://www.ncbi.nlm.nih.gov/pmc/articles/PMC12305425/
					https://www.ncbi.nlm.nih.gov/pmc/articles/PMC12353839/
					https://www.ncbi.nlm.nih.gov/pmc/articles/PMC13277792/
					https://www.ncbi.nlm.nih.gov/pmc/articles/PMC12934893/
MONAI Generative Models		used	https://github.com/Project-MONAI/GenerativeModels.git	Additionally to this repository, the MONAI Generative Models package must be installed from https://github.com/Project-MONAI/GenerativeModels.git	https://www.ncbi.nlm.nih.gov/pmc/articles/PMC11832365/
					https://www.ncbi.nlm.nih.gov/pmc/articles/PMC13407572/
					https://www.ncbi.nlm.nih.gov/pmc/articles/PMC12466200/
					https://www.ncbi.nlm.nih.gov/pmc/articles/PMC9770242/
					https://www.ncbi.nlm.nih.gov/pmc/articles/PMC13347430/
					https://www.ncbi.nlm.nih.gov/pmc/articles/PMC13021989/
					https://www.ncbi.nlm.nih.gov/pmc/articles/PMC12725542/
					https://www.ncbi.nlm.nih.gov/pmc/articles/PMC13323976/
					https://www.ncbi.nlm.nih.gov/pmc/articles/PMC6044344/
					https://www.ncbi.nlm.nih.gov/pmc/articles/PMC12422362/
					https://www.ncbi.nlm.nih.gov/pmc/articles/PMC13451402/
					https://www.ncbi.nlm.nih.gov/pmc/articles/PMC11954926/
					https://www.ncbi.nlm.nih.gov/pmc/articles/PMC13370584/
					https://www.ncbi.nlm.nih.gov/pmc/articles/PMC5821520/
					https://www.ncbi.nlm.nih.gov/pmc/articles/PMC10654858/
					https://www.ncbi.nlm.nih.gov/pmc/articles/PMC12882037/
					https://www.ncbi.nlm.nih.gov/pmc/articles/PMC10980106/
					https://www.ncbi.nlm.nih.gov/pmc/articles/PMC12642430/
					https://www.ncbi.nlm.nih.gov/pmc/articles/PMC13358719/
					https://www.ncbi.nlm.nih.gov/pmc/articles/PMC12019603/
					https://www.ncbi.nlm.nih.gov/pmc/articles/PMC12715697/
					https://www.ncbi.nlm.nih.gov/pmc/articles/PMC12650078/
					https://www.ncbi.nlm.nih.gov/pmc/articles/PMC12715370/
BrainAgeNext		created	https://github.com/FrancescoLR/BrainAgeNeXt	BrainAgeNext's code and its trained model are available at the following GitHub repository: https://github.com/FrancescoLR/BrainAgeNeXt	https://www.ncbi.nlm.nih.gov/pmc/articles/PMC12319810/
					https://www.ncbi.nlm.nih.gov/pmc/articles/PMC10874717/
					https://www.ncbi.nlm.nih.gov/pmc/articles/PMC13438061/
					https://www.ncbi.nlm.nih.gov/pmc/articles/PMC13330730/
					https://www.ncbi.nlm.nih.gov/pmc/articles/PMC13119330/
					https://www.ncbi.nlm.nih.gov/pmc/articles/PMC11965473/
					https://www.ncbi.nlm.nih.gov/pmc/articles/PMC11282333/
					https://www.ncbi.nlm.nih.gov/pmc/articles/PMC12190317/
					https://www.ncbi.nlm.nih.gov/pmc/articles/PMC10960625/
					https://www.ncbi.nlm.nih.gov/pmc/articles/PMC11970969/
					https://www.ncbi.nlm.nih.gov/pmc/articles/PMC13031392/
					https://www.ncbi.nlm.nih.gov/pmc/articles/PMC12495855/
					https://www.ncbi.nlm.nih.gov/pmc/articles/PMC13067127/
					https://www.ncbi.nlm.nih.gov/pmc/articles/PMC13065810/
					https://www.ncbi.nlm.nih.gov/pmc/articles/PMC11490405/
					https://www.ncbi.nlm.nih.gov/pmc/articles/PMC12636684/
					https://www.ncbi.nlm.nih.gov/pmc/articles/PMC13345573/
					https://www.ncbi.nlm.nih.gov/pmc/articles/PMC12733245/
					https://www.ncbi.nlm.nih.gov/pmc/articles/PMC13354706/
					https://www.ncbi.nlm.nih.gov/pmc/articles/PMC12181325/
					https://www.ncbi.nlm.nih.gov/pmc/articles/PMC12204245/
					https://www.ncbi.nlm.nih.gov/pmc/articles/PMC12065824/
					https://www.ncbi.nlm.nih.gov/pmc/articles/PMC13140668/
					https://www.ncbi.nlm.nih.gov/pmc/articles/PMC12341084/
					https://www.ncbi.nlm.nih.gov/pmc/articles/PMC10798228/
					https://www.ncbi.nlm.nih.gov/pmc/articles/PMC11832540/
					https://www.ncbi.nlm.nih.gov/pmc/articles/PMC12591994/
					https://www.ncbi.nlm.nih.gov/pmc/articles/PMC13070533/
					https://www.ncbi.nlm.nih.gov/pmc/articles/PMC12828970/
					https://www.ncbi.nlm.nih.gov/pmc/articles/PMC12773809/
					https://www.ncbi.nlm.nih.gov/pmc/articles/PMC11180854/
					https://www.ncbi.nlm.nih.gov/pmc/articles/PMC12311642/
					https://www.ncbi.nlm.nih.gov/pmc/articles/PMC12889764/
					https://www.ncbi.nlm.nih.gov/pmc/articles/PMC11135745/
					https://www.ncbi.nlm.nih.gov/pmc/articles/PMC12088858/
					https://www.ncbi.nlm.nih.gov/pmc/articles/PMC13357699/
EdgeR		used		EdgeR was used to reprocess both the mouse and human RNA sequencing data.	https://www.ncbi.nlm.nih.gov/pmc/articles/PMC11384960/
					https://www.ncbi.nlm.nih.gov/pmc/articles/PMC12963709/
					https://www.ncbi.nlm.nih.gov/pmc/articles/PMC12738660/
					https://www.ncbi.nlm.nih.gov/pmc/articles/PMC13374056/
					https://www.ncbi.nlm.nih.gov/pmc/articles/PMC10984437/
					https://www.ncbi.nlm.nih.gov/pmc/articles/PMC11720262/
					https://www.ncbi.nlm.nih.gov/pmc/articles/PMC12089076/
					https://www.ncbi.nlm.nih.gov/pmc/articles/PMC11096864/
					https://www.ncbi.nlm.nih.gov/pmc/articles/PMC12934568/
					https://www.ncbi.nlm.nih.gov/pmc/articles/PMC13137281/
					https://www.ncbi.nlm.nih.gov/pmc/articles/PMC11166358/
					https://www.ncbi.nlm.nih.gov/pmc/articles/PMC13121179/
					https://www.ncbi.nlm.nih.gov/pmc/articles/PMC10916590/
					https://www.ncbi.nlm.nih.gov/pmc/articles/PMC12079645/
					https://www.ncbi.nlm.nih.gov/pmc/articles/PMC12125861/
					https://www.ncbi.nlm.nih.gov/pmc/articles/PMC12620993/
					https://www.ncbi.nlm.nih.gov/pmc/articles/PMC11260578/
					https://www.ncbi.nlm.nih.gov/pmc/articles/PMC12275708/
					https://www.ncbi.nlm.nih.gov/pmc/articles/PMC11709598/
					https://www.ncbi.nlm.nih.gov/pmc/articles/PMC13178941/
					https://www.ncbi.nlm.nih.gov/pmc/articles/PMC11490412/
					https://www.ncbi.nlm.nih.gov/pmc/articles/PMC10896738/
					https://www.ncbi.nlm.nih.gov/pmc/articles/PMC10901740/
					https://www.ncbi.nlm.nih.gov/pmc/articles/PMC13174756/
					https://www.ncbi.nlm.nih.gov/pmc/articles/PMC13252428/
					https://www.ncbi.nlm.nih.gov/pmc/articles/PMC12036390/
					https://www.ncbi.nlm.nih.gov/pmc/articles/PMC11048389/
					https://www.ncbi.nlm.nih.gov/pmc/articles/PMC12758963/
					https://www.ncbi.nlm.nih.gov/pmc/articles/PMC11667550/
					https://www.ncbi.nlm.nih.gov/pmc/articles/PMC7618020/
					https://www.ncbi.nlm.nih.gov/pmc/articles/PMC13214520/
					https://www.ncbi.nlm.nih.gov/pmc/articles/PMC12973073/
					https://www.ncbi.nlm.nih.gov/pmc/articles/PMC13435180/
					https://www.ncbi.nlm.nih.gov/pmc/articles/PMC12953049/
					https://www.ncbi.nlm.nih.gov/pmc/articles/PMC12934250/
					https://www.ncbi.nlm.nih.gov/pmc/articles/PMC12994566/
					https://www.ncbi.nlm.nih.gov/pmc/articles/PMC13222069/
					https://www.ncbi.nlm.nih.gov/pmc/articles/PMC13347491/
					https://www.ncbi.nlm.nih.gov/pmc/articles/PMC12726002/
					https://www.ncbi.nlm.nih.gov/pmc/articles/PMC10984494/
					https://www.ncbi.nlm.nih.gov/pmc/articles/PMC13227887/
					https://www.ncbi.nlm.nih.gov/pmc/articles/PMC10978903/
					https://www.ncbi.nlm.nih.gov/pmc/articles/PMC10168378/
					https://www.ncbi.nlm.nih.gov/pmc/articles/PMC13118832/
					https://www.ncbi.nlm.nih.gov/pmc/articles/PMC12157510/
					https://www.ncbi.nlm.nih.gov/pmc/articles/PMC12812861/
					https://www.ncbi.nlm.nih.gov/pmc/articles/PMC12445991/
					https://www.ncbi.nlm.nih.gov/pmc/articles/PMC11141836/
					https://www.ncbi.nlm.nih.gov/pmc/articles/PMC12318041/
					https://www.ncbi.nlm.nih.gov/pmc/articles/PMC11667490/
					https://www.ncbi.nlm.nih.gov/pmc/articles/PMC13321287/
					https://www.ncbi.nlm.nih.gov/pmc/articles/PMC10543050/
					https://www.ncbi.nlm.nih.gov/pmc/articles/PMC12482854/
					https://www.ncbi.nlm.nih.gov/pmc/articles/PMC12760491/
					https://www.ncbi.nlm.nih.gov/pmc/articles/PMC12713354/
					https://www.ncbi.nlm.nih.gov/pmc/articles/PMC12234881/
					https://www.ncbi.nlm.nih.gov/pmc/articles/PMC13199780/
					https://www.ncbi.nlm.nih.gov/pmc/articles/PMC13366268/
					https://www.ncbi.nlm.nih.gov/pmc/articles/PMC13252492/
					https://www.ncbi.nlm.nih.gov/pmc/articles/PMC12883086/
					https://www.ncbi.nlm.nih.gov/pmc/articles/PMC11784718/
					https://www.ncbi.nlm.nih.gov/pmc/articles/PMC13285636/
					https://www.ncbi.nlm.nih.gov/pmc/articles/PMC13103341/
					https://www.ncbi.nlm.nih.gov/pmc/articles/PMC10484936/
					https://www.ncbi.nlm.nih.gov/pmc/articles/PMC12838289/
					https://www.ncbi.nlm.nih.gov/pmc/articles/PMC12637631/
					https://www.ncbi.nlm.nih.gov/pmc/articles/PMC13119358/
					https://www.ncbi.nlm.nih.gov/pmc/articles/PMC11651969/
					https://www.ncbi.nlm.nih.gov/pmc/articles/PMC13086538/
					https://www.ncbi.nlm.nih.gov/pmc/articles/PMC12726967/
					https://www.ncbi.nlm.nih.gov/pmc/articles/PMC12043976/
					https://www.ncbi.nlm.nih.gov/pmc/articles/PMC11718309/
					https://www.ncbi.nlm.nih.gov/pmc/articles/PMC12092054/
					https://www.ncbi.nlm.nih.gov/pmc/articles/PMC13185290/
ComplexHeatmap	v.2.21.0	used		The following R packages were used for data analysis: ComplexHeatmap (v.2.21.0), circlize (v.0.4.14), EnhancedVolcano (v.1.8.0), ggplot2 (v.3.4.3), and dplyr (v1.1.3) and Bioconductor (v.3.22) in Visual Studio Code.	https://www.ncbi.nlm.nih.gov/pmc/articles/PMC12670911/
circlize	v.0.4.14	used		The following R packages were used for data analysis: ComplexHeatmap (v.2.21.0), circlize (v.0.4.14), EnhancedVolcano (v.1.8.0), ggplot2 (v.3.4.3), and dplyr (v1.1.3) and Bioconductor (v.3.22) in Visual Studio Code.	https://www.ncbi.nlm.nih.gov/pmc/articles/PMC12670911/
EnhancedVolcano	v.1.8.0	used		The following R packages were used for data analysis: ComplexHeatmap (v.2.21.0), circlize (v.0.4.14), EnhancedVolcano (v.1.8.0), ggplot2 (v.3.4.3), and dplyr (v1.1.3) and Bioconductor (v.3.22) in Visual Studio Code.	https://www.ncbi.nlm.nih.gov/pmc/articles/PMC12670911/
ggplot2	v.3.4.3	used		The following R packages were used for data analysis: ComplexHeatmap (v.2.21.0), circlize (v.0.4.14), EnhancedVolcano (v.1.8.0), ggplot2 (v.3.4.3), and dplyr (v1.1.3) and Bioconductor (v.3.22) in Visual Studio Code.	https://www.ncbi.nlm.nih.gov/pmc/articles/PMC12670911/
dplyr	v1.1.3	used		The following R packages were used for data analysis: ComplexHeatmap (v.2.21.0), circlize (v.0.4.14), EnhancedVolcano (v.1.8.0), ggplot2 (v.3.4.3), and dplyr (v1.1.3) and Bioconductor (v.3.22) in Visual Studio Code.	https://www.ncbi.nlm.nih.gov/pmc/articles/PMC12670911/
Bioconductor	v.3.22	used	http://bioconductor.org/	The following R packages were used for data analysis: ComplexHeatmap (v.2.21.0), circlize (v.0.4.14), EnhancedVolcano (v.1.8.0), ggplot2 (v.3.4.3), and dplyr (v1.1.3) and Bioconductor (v.3.22) in Visual Studio Code.	https://www.ncbi.nlm.nih.gov/pmc/articles/PMC12670911/
					https://www.ncbi.nlm.nih.gov/pmc/articles/PMC12056004/
					https://www.ncbi.nlm.nih.gov/pmc/articles/PMC12733603/
					https://www.ncbi.nlm.nih.gov/pmc/articles/PMC11489263/
					https://www.ncbi.nlm.nih.gov/pmc/articles/PMC12234932/
					https://www.ncbi.nlm.nih.gov/pmc/articles/PMC12788726/
					https://www.ncbi.nlm.nih.gov/pmc/articles/PMC11385559/
					https://www.ncbi.nlm.nih.gov/pmc/articles/PMC12580246/
					https://www.ncbi.nlm.nih.gov/pmc/articles/PMC11370542/
					https://www.ncbi.nlm.nih.gov/pmc/articles/PMC13179220/
WGCNA		used	https://horvath.genetics.ucla.edu/html/CoexpressionNetwork/Rpackages/WGCNA/	All analyses can be replicated using the standard WGCNA (https://horvath.genetics.ucla.edu/html/CoexpressionNetwork/Rpackages/WGCNA/) and Seurat (https://satijalab.org/seurat/index.html/) workflows and the specific parameters provided in the Method Details.	https://www.ncbi.nlm.nih.gov/pmc/articles/PMC11223975/
Seurat		used	https://satijalab.org/seurat/index.html/	All analyses can be replicated using the standard WGCNA (https://horvath.genetics.ucla.edu/html/CoexpressionNetwork/Rpackages/WGCNA/) and Seurat (https://satijalab.org/seurat/index.html/) workflows and the specific parameters provided in the Method Details.	https://www.ncbi.nlm.nih.gov/pmc/articles/PMC11223975/
					https://www.ncbi.nlm.nih.gov/pmc/articles/PMC11466505/
					https://www.ncbi.nlm.nih.gov/pmc/articles/PMC12625101/
					https://www.ncbi.nlm.nih.gov/pmc/articles/PMC13278265/
					https://www.ncbi.nlm.nih.gov/pmc/articles/PMC12533119/
					https://www.ncbi.nlm.nih.gov/pmc/articles/PMC13279262/
					https://www.ncbi.nlm.nih.gov/pmc/articles/PMC13374727/
					https://www.ncbi.nlm.nih.gov/pmc/articles/PMC10937112/
					https://www.ncbi.nlm.nih.gov/pmc/articles/PMC11944848/
					https://www.ncbi.nlm.nih.gov/pmc/articles/PMC12858745/
					https://www.ncbi.nlm.nih.gov/pmc/articles/PMC12092190/
					https://www.ncbi.nlm.nih.gov/pmc/articles/PMC13393511/
					https://www.ncbi.nlm.nih.gov/pmc/articles/PMC13364678/
					https://www.ncbi.nlm.nih.gov/pmc/articles/PMC12205697/
					https://www.ncbi.nlm.nih.gov/pmc/articles/PMC12424926/
					https://www.ncbi.nlm.nih.gov/pmc/articles/PMC11364406/
					https://www.ncbi.nlm.nih.gov/pmc/articles/PMC12060982/
					https://www.ncbi.nlm.nih.gov/pmc/articles/PMC12934581/
					https://www.ncbi.nlm.nih.gov/pmc/articles/PMC12618586/
					https://www.ncbi.nlm.nih.gov/pmc/articles/PMC13434110/
					https://www.ncbi.nlm.nih.gov/pmc/articles/PMC12957191/
					https://www.ncbi.nlm.nih.gov/pmc/articles/PMC11055473/
GenoTools	10	used	https://github.com/GP2code/GenoTools	GenoTools version 10 (  https://gp2.org/  https://github.com/GP2code/GenoTools  ) was used for quality control, imputation, and ancestry prediction.	https://www.ncbi.nlm.nih.gov/pmc/articles/PMC12140525/
					https://www.ncbi.nlm.nih.gov/pmc/articles/PMC11759243/
					https://www.ncbi.nlm.nih.gov/pmc/articles/PMC12970364/
					https://www.ncbi.nlm.nih.gov/pmc/articles/PMC13009251/
					https://www.ncbi.nlm.nih.gov/pmc/articles/PMC12940225/
					https://www.ncbi.nlm.nih.gov/pmc/articles/PMC13383872/
					https://www.ncbi.nlm.nih.gov/pmc/articles/PMC13077946/
					https://www.ncbi.nlm.nih.gov/pmc/articles/PMC12782093/
					https://www.ncbi.nlm.nih.gov/pmc/articles/PMC13426404/
					https://www.ncbi.nlm.nih.gov/pmc/articles/PMC11883996/
					https://www.ncbi.nlm.nih.gov/pmc/articles/PMC12514937/
					https://www.ncbi.nlm.nih.gov/pmc/articles/PMC11306594/
					https://www.ncbi.nlm.nih.gov/pmc/articles/PMC13084559/
					https://www.ncbi.nlm.nih.gov/pmc/articles/PMC12204406/
					https://www.ncbi.nlm.nih.gov/pmc/articles/PMC12482646/
					https://www.ncbi.nlm.nih.gov/pmc/articles/PMC11551626/
					https://www.ncbi.nlm.nih.gov/pmc/articles/PMC13237366/
					https://www.ncbi.nlm.nih.gov/pmc/articles/PMC12139992/
					https://www.ncbi.nlm.nih.gov/pmc/articles/PMC11285153/
					https://www.ncbi.nlm.nih.gov/pmc/articles/PMC11244892/
					https://www.ncbi.nlm.nih.gov/pmc/articles/PMC10585674/
					https://www.ncbi.nlm.nih.gov/pmc/articles/PMC13078109/
					https://www.ncbi.nlm.nih.gov/pmc/articles/PMC11715355/
					https://www.ncbi.nlm.nih.gov/pmc/articles/PMC13269014/
					https://www.ncbi.nlm.nih.gov/pmc/articles/PMC12854935/
					https://www.ncbi.nlm.nih.gov/pmc/articles/PMC10767283/
Surreal-GAN	v0.1.1	used	https://github.com/zhijian-yang/SurrealGAN	Surreal-GAN (v0.1.1):   https://github.com/zhijian-yang/SurrealGAN  , Disease heterogeneity analysis	https://www.ncbi.nlm.nih.gov/pmc/articles/PMC13440346/
MUSE	v3.1.0	used	https://github.com/CBICA/MUSE	MUSE (v3.1.0):   https://github.com/CBICA/MUSE  , RAVENS map extraction	https://www.ncbi.nlm.nih.gov/pmc/articles/PMC13440346/
SOPNMF	v0.0.4	used	https://github.com/anbai106/SOPNMF	SOPNMF (v0.0.4):   https://github.com/anbai106/SOPNMF  , Brain PSC extraction	https://www.ncbi.nlm.nih.gov/pmc/articles/PMC13440346/
ukbb_cardiac	git commit 2b6d637	used	https://github.com/baiwenjia/ukbb_cardiac	ukbb_cardiac (git commit 2b6d637):   https://github.com/baiwenjia/ukbb_cardiac  , Heart IDP extraction	https://www.ncbi.nlm.nih.gov/pmc/articles/PMC13440346/
FUMA	v1.5.0	used	https://fuma.ctglab.nl/	FUMA (v1.5.0):   https://fuma.ctglab.nl/  https://fuma.ctglab.nl/  ,   Gene mapping, genomic locus annotation	https://www.ncbi.nlm.nih.gov/pmc/articles/PMC13440346/
GCTA	v1.94.1	used	https://yanglab.westlake.edu.cn/software/gcta/#Overview	GCTA (v1.94.1):   https://yanglab.westlake.edu.cn/software/gcta/#Overview  , Heritability estimates & fastGWA	https://www.ncbi.nlm.nih.gov/pmc/articles/PMC13440346/
LDSC	git commit aa33296	used	https://github.com/bulik/ldsc	LDSC (git commit aa33296):   https://github.com/bulik/ldsc  , genetic correlation	https://www.ncbi.nlm.nih.gov/pmc/articles/PMC13440346/
TwoSampleMR	v0.5.6	used	https://mrcieu.github.io/TwoSampleMR/index.html	TwoSampleMR (v0.5.6):   https://mrcieu.github.io/TwoSampleMR/index.html  , Mendelian randomization	https://www.ncbi.nlm.nih.gov/pmc/articles/PMC13440346/
PRS-CS	release date: Aug 10, 2023	used	https://github.com/getian107/PRScs	PRS-CS (release date: Aug 10, 2023):   https://github.com/getian107/PRScs  , PRS calculation	https://www.ncbi.nlm.nih.gov/pmc/articles/PMC13440346/
SBayesS	v.2.0.5 beta	used	https://cnsgenomics.com/software/gctb/#Overview	SBayesS (v.2.0.5 beta):   https://cnsgenomics.com/software/gctb/#Overview  , the three key parameter estimates	https://www.ncbi.nlm.nih.gov/pmc/articles/PMC13440346/
Lifelines	v0.27.	used	https://lifelines.readthedocs.io/en/latest/	Lifelines (v0.27.):   https://lifelines.readthedocs.io/en/latest/  , Survival analysis	https://www.ncbi.nlm.nih.gov/pmc/articles/PMC13440346/
Statsmodels	0.13.2	used	https://www.statsmodels.org/stable/index.html	Statsmodels (0.13.2):   https://www.statsmodels.org/stable/index.html  , Medication prediction, BWAS, PWAS, and ProWAS	https://www.ncbi.nlm.nih.gov/pmc/articles/PMC13440346/
OmicVerse	v1.6.7	used	https://omicverse.readthedocs.io/en/latest/	OmicVerse (v1.6.7):   https://omicverse.readthedocs.io/en/latest/  ; Protein-protein interaction	https://www.ncbi.nlm.nih.gov/pmc/articles/PMC13440346/
					https://www.ncbi.nlm.nih.gov/pmc/articles/PMC12919083/
					https://www.ncbi.nlm.nih.gov/pmc/articles/PMC12893049/
					https://www.ncbi.nlm.nih.gov/pmc/articles/PMC12865317/
					https://www.ncbi.nlm.nih.gov/pmc/articles/PMC12178129/
					https://www.ncbi.nlm.nih.gov/pmc/articles/PMC13359818/
					https://www.ncbi.nlm.nih.gov/pmc/articles/PMC13341388/
					https://www.ncbi.nlm.nih.gov/pmc/articles/PMC13180638/
					https://www.ncbi.nlm.nih.gov/pmc/articles/PMC10396407/
					https://www.ncbi.nlm.nih.gov/pmc/articles/PMC12747251/
					https://www.ncbi.nlm.nih.gov/pmc/articles/PMC12895082/
					https://www.ncbi.nlm.nih.gov/pmc/articles/PMC10547150/
					https://www.ncbi.nlm.nih.gov/pmc/articles/PMC11032552/
					https://www.ncbi.nlm.nih.gov/pmc/articles/PMC13050129/
					https://www.ncbi.nlm.nih.gov/pmc/articles/PMC12137746/
					https://www.ncbi.nlm.nih.gov/pmc/articles/PMC12752462/
					https://www.ncbi.nlm.nih.gov/pmc/articles/PMC13206296/
					https://www.ncbi.nlm.nih.gov/pmc/articles/PMC13242875/
					https://www.ncbi.nlm.nih.gov/pmc/articles/PMC12913921/
					https://www.ncbi.nlm.nih.gov/pmc/articles/PMC12061840/
					https://www.ncbi.nlm.nih.gov/pmc/articles/PMC13016766/
SleepChart-R		used	https://github.com/anbai106/SleepChart	SleepChart-R: https://github.com/anbai106/SleepChart, customized R code for linking sleep duration and 23 BAGs	https://www.ncbi.nlm.nih.gov/pmc/articles/PMC13321099/
MLNI	v0.1.2	used	https://github.com/anbai106/mlni	MLNI (v0.1.2): https://github.com/anbai106/mlni, BAG generation	https://www.ncbi.nlm.nih.gov/pmc/articles/PMC13321099/
MGCV	v1.9.1	used	https://cran.r-project.org/web/packages/mgcv/index.html	MGCV (v1.9.1) with R v4.2.2: https://cran.r-project.org/web/packages/mgcv/index.html, core package for the GAM implementation.	https://www.ncbi.nlm.nih.gov/pmc/articles/PMC13321099/
GAMLSS	v5.4.22	used	https://www.gamlss.com/	GAMLSS (v5.4.22) with R v4.2.2: https://www.gamlss.com/; replicate the 9 sleep-BAG signals identified by the GAM modeling.	https://www.ncbi.nlm.nih.gov/pmc/articles/PMC13321099/
Lifelines	v0.27.8	used	https://lifelines.readthedocs.io/en/latest/	Lifelines (v0.27.8): https://lifelines.readthedocs.io/en/latest/, survival analysis	https://www.ncbi.nlm.nih.gov/pmc/articles/PMC13321099/
Lavaan	v0.6.19	used	https://lavaan.ugent.be/	Lavaan (v0.6.19): https://lavaan.ugent.be/, mediation analysis	https://www.ncbi.nlm.nih.gov/pmc/articles/PMC13321099/
String	v12.0	used	https://string-db.org/	String (v12.0): https://string-db.org/, protein set enrichment analyses and network analysis	https://www.ncbi.nlm.nih.gov/pmc/articles/PMC13321099/
MetaboAnalyst	v6.0	used	https://www.metaboanalyst.ca/	MetaboAnalyst (v6.0): https://www.metaboanalyst.ca/, metabolite enrichment analysis and network analysis	https://www.ncbi.nlm.nih.gov/pmc/articles/PMC13321099/
REGENIE	v4.1	used	https://rgcgithub.github.io/regenie/	REGENIE (v4.1): https://rgcgithub.github.io/regenie/, binary sleep GWASs (v4.1); FinnGen used v2.4.4 for their disease endpoints GWASs	https://www.ncbi.nlm.nih.gov/pmc/articles/PMC13321099/
LDSC	git version aa33296	used	https://github.com/bulik/ldsc	LDSC (git version aa33296): https://github.com/bulik/ldsc, genetic correlation	https://www.ncbi.nlm.nih.gov/pmc/articles/PMC13321099/
FUMA	v1.8.0	used	https://fuma.ctglab.nl/	FUMA (v1.8.0): https://fuma.ctglab.nl/, Gene mapping, genomic locus annotation	https://www.ncbi.nlm.nih.gov/pmc/articles/PMC13321099/
KING	v2.2.7	used	https://www.kingrelatedness.com/	KING (v.2.2.7): https://www.kingrelatedness.com/, Kinship-based inference for GWAS	https://www.ncbi.nlm.nih.gov/pmc/articles/PMC13321099/
					https://www.ncbi.nlm.nih.gov/pmc/articles/PMC13213637/
					https://www.ncbi.nlm.nih.gov/pmc/articles/PMC12269576/
					https://www.ncbi.nlm.nih.gov/pmc/articles/PMC12133568/
					https://www.ncbi.nlm.nih.gov/pmc/articles/PMC13419562/
					https://www.ncbi.nlm.nih.gov/pmc/articles/PMC12181471/
					https://www.ncbi.nlm.nih.gov/pmc/articles/PMC13280297/
					https://www.ncbi.nlm.nih.gov/pmc/articles/PMC11326336/
					https://www.ncbi.nlm.nih.gov/pmc/articles/PMC11715893/
					https://www.ncbi.nlm.nih.gov/pmc/articles/PMC11852857/
					https://www.ncbi.nlm.nih.gov/pmc/articles/PMC12393603/
					https://www.ncbi.nlm.nih.gov/pmc/articles/PMC13084705/
					https://www.ncbi.nlm.nih.gov/pmc/articles/PMC11000704/
					https://www.ncbi.nlm.nih.gov/pmc/articles/PMC13368703/
					https://www.ncbi.nlm.nih.gov/pmc/articles/PMC12335992/
					https://www.ncbi.nlm.nih.gov/pmc/articles/PMC10134115/
					https://www.ncbi.nlm.nih.gov/pmc/articles/PMC11350043/
					https://www.ncbi.nlm.nih.gov/pmc/articles/PMC13239678/
					https://www.ncbi.nlm.nih.gov/pmc/articles/PMC10972708/
					https://www.ncbi.nlm.nih.gov/pmc/articles/PMC11106289/
					https://www.ncbi.nlm.nih.gov/pmc/articles/PMC12913817/
					https://www.ncbi.nlm.nih.gov/pmc/articles/PMC13106586/
					https://www.ncbi.nlm.nih.gov/pmc/articles/PMC11872910/
					https://www.ncbi.nlm.nih.gov/pmc/articles/PMC12927158/
					https://www.ncbi.nlm.nih.gov/pmc/articles/PMC12429267/
					https://www.ncbi.nlm.nih.gov/pmc/articles/PMC12887736/
					https://www.ncbi.nlm.nih.gov/pmc/articles/PMC6336743/
					https://www.ncbi.nlm.nih.gov/pmc/articles/PMC12889807/
					https://www.ncbi.nlm.nih.gov/pmc/articles/PMC11996744/
					https://www.ncbi.nlm.nih.gov/pmc/articles/PMC13156076/
					https://www.ncbi.nlm.nih.gov/pmc/articles/PMC12591992/
					https://www.ncbi.nlm.nih.gov/pmc/articles/PMC13162140/
					https://www.ncbi.nlm.nih.gov/pmc/articles/PMC13220851/
					https://www.ncbi.nlm.nih.gov/pmc/articles/PMC12767435/
					https://www.ncbi.nlm.nih.gov/pmc/articles/PMC12458534/
					https://www.ncbi.nlm.nih.gov/pmc/articles/PMC11485262/
					https://www.ncbi.nlm.nih.gov/pmc/articles/PMC12967030/
					https://www.ncbi.nlm.nih.gov/pmc/articles/PMC12190351/
					https://www.ncbi.nlm.nih.gov/pmc/articles/PMC13093639/
					https://www.ncbi.nlm.nih.gov/pmc/articles/PMC12633103/
					https://www.ncbi.nlm.nih.gov/pmc/articles/PMC10854357/
					https://www.ncbi.nlm.nih.gov/pmc/articles/PMC13435172/
					https://www.ncbi.nlm.nih.gov/pmc/articles/PMC10493603/
					https://www.ncbi.nlm.nih.gov/pmc/articles/PMC11653079/
					https://www.ncbi.nlm.nih.gov/pmc/articles/PMC13370628/
					https://www.ncbi.nlm.nih.gov/pmc/articles/PMC13256824/
					https://www.ncbi.nlm.nih.gov/pmc/articles/PMC12221809/
					https://www.ncbi.nlm.nih.gov/pmc/articles/PMC11317616/
					https://www.ncbi.nlm.nih.gov/pmc/articles/PMC11926498/
					https://www.ncbi.nlm.nih.gov/pmc/articles/PMC11388711/
					https://www.ncbi.nlm.nih.gov/pmc/articles/PMC11309919/
					https://www.ncbi.nlm.nih.gov/pmc/articles/PMC13245530/
					https://www.ncbi.nlm.nih.gov/pmc/articles/PMC12737974/
					https://www.ncbi.nlm.nih.gov/pmc/articles/PMC12258067/
					https://www.ncbi.nlm.nih.gov/pmc/articles/PMC12598929/
					https://www.ncbi.nlm.nih.gov/pmc/articles/PMC13052424/
					https://www.ncbi.nlm.nih.gov/pmc/articles/PMC12664561/
					https://www.ncbi.nlm.nih.gov/pmc/articles/PMC10524668/
					https://www.ncbi.nlm.nih.gov/pmc/articles/PMC13279268/
					https://www.ncbi.nlm.nih.gov/pmc/articles/PMC11925478/
					https://www.ncbi.nlm.nih.gov/pmc/articles/PMC11140586/
					https://www.ncbi.nlm.nih.gov/pmc/articles/PMC13009453/
					https://www.ncbi.nlm.nih.gov/pmc/articles/PMC11585549/
					https://www.ncbi.nlm.nih.gov/pmc/articles/PMC11130650/
					https://www.ncbi.nlm.nih.gov/pmc/articles/PMC12713753/
					https://www.ncbi.nlm.nih.gov/pmc/articles/PMC6292383/
					https://www.ncbi.nlm.nih.gov/pmc/articles/PMC2854470/
					https://www.ncbi.nlm.nih.gov/pmc/articles/PMC12728459/
					https://www.ncbi.nlm.nih.gov/pmc/articles/PMC12421592/
					https://www.ncbi.nlm.nih.gov/pmc/articles/PMC11592829/
					https://www.ncbi.nlm.nih.gov/pmc/articles/PMC10715512/
					https://www.ncbi.nlm.nih.gov/pmc/articles/PMC12906572/
					https://www.ncbi.nlm.nih.gov/pmc/articles/PMC12928859/
					https://www.ncbi.nlm.nih.gov/pmc/articles/PMC13390599/
					https://www.ncbi.nlm.nih.gov/pmc/articles/PMC10831431/
					https://www.ncbi.nlm.nih.gov/pmc/articles/PMC10518371/
					https://www.ncbi.nlm.nih.gov/pmc/articles/PMC12950189/
					https://www.ncbi.nlm.nih.gov/pmc/articles/PMC11014551/
					https://www.ncbi.nlm.nih.gov/pmc/articles/PMC12823390/
					https://www.ncbi.nlm.nih.gov/pmc/articles/PMC11346339/
					https://www.ncbi.nlm.nih.gov/pmc/articles/PMC10667215/
					https://www.ncbi.nlm.nih.gov/pmc/articles/PMC12800134/
					https://www.ncbi.nlm.nih.gov/pmc/articles/PMC12538647/
					https://www.ncbi.nlm.nih.gov/pmc/articles/PMC13081846/
					https://www.ncbi.nlm.nih.gov/pmc/articles/PMC11557736/
					https://www.ncbi.nlm.nih.gov/pmc/articles/PMC12640226/
					https://www.ncbi.nlm.nih.gov/pmc/articles/PMC10659504/
					https://www.ncbi.nlm.nih.gov/pmc/articles/PMC12596166/
					https://www.ncbi.nlm.nih.gov/pmc/articles/PMC11601719/
					https://www.ncbi.nlm.nih.gov/pmc/articles/PMC12362905/
					https://www.ncbi.nlm.nih.gov/pmc/articles/PMC12990093/
					https://www.ncbi.nlm.nih.gov/pmc/articles/PMC12330094/
					https://www.ncbi.nlm.nih.gov/pmc/articles/PMC10502518/
ResNet18d	ra2_in1k	used	https://huggingface.co/timm/resnet18d.ra2_in1k	Hugging Face . ( 2025 ) ResNet18d . Available from: https://huggingface.co/timm/resnet18d.ra2_in1k	https://www.ncbi.nlm.nih.gov/pmc/articles/PMC13131495/
					https://www.ncbi.nlm.nih.gov/pmc/articles/PMC10809172/
					https://www.ncbi.nlm.nih.gov/pmc/articles/PMC13388229/
					https://www.ncbi.nlm.nih.gov/pmc/articles/PMC13160931/
					https://www.ncbi.nlm.nih.gov/pmc/articles/PMC12402202/
					https://www.ncbi.nlm.nih.gov/pmc/articles/PMC13347597/
					https://www.ncbi.nlm.nih.gov/pmc/articles/PMC13341387/
					https://www.ncbi.nlm.nih.gov/pmc/articles/PMC11780118/
					https://www.ncbi.nlm.nih.gov/pmc/articles/PMC11025917/
					https://www.ncbi.nlm.nih.gov/pmc/articles/PMC10497609/
					https://www.ncbi.nlm.nih.gov/pmc/articles/PMC12010407/
					https://www.ncbi.nlm.nih.gov/pmc/articles/PMC11001582/
					https://www.ncbi.nlm.nih.gov/pmc/articles/PMC11487750/
					https://www.ncbi.nlm.nih.gov/pmc/articles/PMC9101916/
					https://www.ncbi.nlm.nih.gov/pmc/articles/PMC13220391/
					https://www.ncbi.nlm.nih.gov/pmc/articles/PMC13042671/
					https://www.ncbi.nlm.nih.gov/pmc/articles/PMC11715637/
					https://www.ncbi.nlm.nih.gov/pmc/articles/PMC12854938/
					https://www.ncbi.nlm.nih.gov/pmc/articles/PMC13078132/
					https://www.ncbi.nlm.nih.gov/pmc/articles/PMC12229533/
					https://www.ncbi.nlm.nih.gov/pmc/articles/PMC12930103/
					https://www.ncbi.nlm.nih.gov/pmc/articles/PMC11317550/
					https://www.ncbi.nlm.nih.gov/pmc/articles/PMC13200508/
					https://www.ncbi.nlm.nih.gov/pmc/articles/PMC12717190/
					https://www.ncbi.nlm.nih.gov/pmc/articles/PMC10873125/
					https://www.ncbi.nlm.nih.gov/pmc/articles/PMC11629374/
					https://www.ncbi.nlm.nih.gov/pmc/articles/PMC12353824/
					https://www.ncbi.nlm.nih.gov/pmc/articles/PMC10916944/
					https://www.ncbi.nlm.nih.gov/pmc/articles/PMC12453954/
					https://www.ncbi.nlm.nih.gov/pmc/articles/PMC11343128/
					https://www.ncbi.nlm.nih.gov/pmc/articles/PMC13099471/
					https://www.ncbi.nlm.nih.gov/pmc/articles/PMC13378927/
					https://www.ncbi.nlm.nih.gov/pmc/articles/PMC12519513/
					https://www.ncbi.nlm.nih.gov/pmc/articles/PMC12750953/
					https://www.ncbi.nlm.nih.gov/pmc/articles/PMC12352436/
					https://www.ncbi.nlm.nih.gov/pmc/articles/PMC12730451/
					https://www.ncbi.nlm.nih.gov/pmc/articles/PMC12632690/
					https://www.ncbi.nlm.nih.gov/pmc/articles/PMC13325615/
					https://www.ncbi.nlm.nih.gov/pmc/articles/PMC12808213/
					https://www.ncbi.nlm.nih.gov/pmc/articles/PMC13077728/
					https://www.ncbi.nlm.nih.gov/pmc/articles/PMC12487107/
					https://www.ncbi.nlm.nih.gov/pmc/articles/PMC12815479/
					https://www.ncbi.nlm.nih.gov/pmc/articles/PMC11775462/
					https://www.ncbi.nlm.nih.gov/pmc/articles/PMC11847990/
					https://www.ncbi.nlm.nih.gov/pmc/articles/PMC13015612/
					https://www.ncbi.nlm.nih.gov/pmc/articles/PMC11375465/
					https://www.ncbi.nlm.nih.gov/pmc/articles/PMC13078639/
					https://www.ncbi.nlm.nih.gov/pmc/articles/PMC12559333/
					https://www.ncbi.nlm.nih.gov/pmc/articles/PMC13372981/
					https://www.ncbi.nlm.nih.gov/pmc/articles/PMC12392052/
					https://www.ncbi.nlm.nih.gov/pmc/articles/PMC12394183/
					https://www.ncbi.nlm.nih.gov/pmc/articles/PMC13142821/
					https://www.ncbi.nlm.nih.gov/pmc/articles/PMC13312348/
					https://www.ncbi.nlm.nih.gov/pmc/articles/PMC10937638/
SPM12		used	https://www.fil.ion.ucl.ac.uk/spm/software/spm12/	SPM12 is available at for download at https://www.fil.ion.ucl.ac.uk/spm/software/spm12/	https://www.ncbi.nlm.nih.gov/pmc/articles/PMC13081919/
NiftyReg		used	https://github.com/KCL-BMEIS/niftyreg	NiftyReg is available on GitHub (https://www.fil.ion.ucl.ac.uk/spm/software/spm12/ https://github.com/KCL-BMEIS/niftyreg)	https://www.ncbi.nlm.nih.gov/pmc/articles/PMC13081919/
MCALT template		used		The minor modifications to SPM12 unified segmentation required to allow resumption of parameter estimation are available with the MCALT template.	https://www.ncbi.nlm.nih.gov/pmc/articles/PMC13081919/
Frangi filter		used	https://www.mathworks.com/matlabcentral/fileexchange/24409-hessian-based-Frangi-vesselness-filter	The Frangi filter implementation is available at https://github.com/KCL-BMEIS/niftyreg https://www.mathworks.com/matlabcentral/fileexchange/24409-hessian-based-Frangi-vesselness-filter	https://www.ncbi.nlm.nih.gov/pmc/articles/PMC13081919/
					https://www.ncbi.nlm.nih.gov/pmc/articles/PMC12478360/
					https://www.ncbi.nlm.nih.gov/pmc/articles/PMC12340231/
					https://www.ncbi.nlm.nih.gov/pmc/articles/PMC13042818/
					https://www.ncbi.nlm.nih.gov/pmc/articles/PMC13232378/
					https://www.ncbi.nlm.nih.gov/pmc/articles/PMC13281591/
					https://www.ncbi.nlm.nih.gov/pmc/articles/PMC10608795/
					https://www.ncbi.nlm.nih.gov/pmc/articles/PMC10801647/
					https://www.ncbi.nlm.nih.gov/pmc/articles/PMC12395809/
					https://www.ncbi.nlm.nih.gov/pmc/articles/PMC13312334/
					https://www.ncbi.nlm.nih.gov/pmc/articles/PMC12734643/
					https://www.ncbi.nlm.nih.gov/pmc/articles/PMC12782177/
					https://www.ncbi.nlm.nih.gov/pmc/articles/PMC12318032/
					https://www.ncbi.nlm.nih.gov/pmc/articles/PMC10593199/
					https://www.ncbi.nlm.nih.gov/pmc/articles/PMC13092003/
					https://www.ncbi.nlm.nih.gov/pmc/articles/PMC12425456/
					https://www.ncbi.nlm.nih.gov/pmc/articles/PMC13243942/
					https://www.ncbi.nlm.nih.gov/pmc/articles/PMC13171867/
					https://www.ncbi.nlm.nih.gov/pmc/articles/PMC12488979/
					https://www.ncbi.nlm.nih.gov/pmc/articles/PMC12710152/
					https://www.ncbi.nlm.nih.gov/pmc/articles/PMC11326330/
					https://www.ncbi.nlm.nih.gov/pmc/articles/PMC13220283/
					https://www.ncbi.nlm.nih.gov/pmc/articles/PMC13249084/
					https://www.ncbi.nlm.nih.gov/pmc/articles/PMC12478323/
					https://www.ncbi.nlm.nih.gov/pmc/articles/PMC11134400/
					https://www.ncbi.nlm.nih.gov/pmc/articles/PMC11307010/
					https://www.ncbi.nlm.nih.gov/pmc/articles/PMC12889766/
					https://www.ncbi.nlm.nih.gov/pmc/articles/PMC10495369/
					https://www.ncbi.nlm.nih.gov/pmc/articles/PMC12822484/
					https://www.ncbi.nlm.nih.gov/pmc/articles/PMC13228839/
					https://www.ncbi.nlm.nih.gov/pmc/articles/PMC10916988/
					https://www.ncbi.nlm.nih.gov/pmc/articles/PMC12742826/
					https://www.ncbi.nlm.nih.gov/pmc/articles/PMC7242145/
					https://www.ncbi.nlm.nih.gov/pmc/articles/PMC13334061/
					https://www.ncbi.nlm.nih.gov/pmc/articles/PMC12568774/
					https://www.ncbi.nlm.nih.gov/pmc/articles/PMC13276425/
					https://www.ncbi.nlm.nih.gov/pmc/articles/PMC13347407/
					https://www.ncbi.nlm.nih.gov/pmc/articles/PMC13060448/
					https://www.ncbi.nlm.nih.gov/pmc/articles/PMC13404810/
					https://www.ncbi.nlm.nih.gov/pmc/articles/PMC13203866/
					https://www.ncbi.nlm.nih.gov/pmc/articles/PMC11727605/
					https://www.ncbi.nlm.nih.gov/pmc/articles/PMC11094650/
					https://www.ncbi.nlm.nih.gov/pmc/articles/PMC13424109/
					https://www.ncbi.nlm.nih.gov/pmc/articles/PMC12933249/
					https://www.ncbi.nlm.nih.gov/pmc/articles/PMC1965476/
					https://www.ncbi.nlm.nih.gov/pmc/articles/PMC13174335/
					https://www.ncbi.nlm.nih.gov/pmc/articles/PMC13332402/
					https://www.ncbi.nlm.nih.gov/pmc/articles/PMC13096132/
					https://www.ncbi.nlm.nih.gov/pmc/articles/PMC13173546/
					https://www.ncbi.nlm.nih.gov/pmc/articles/PMC13017249/
					https://www.ncbi.nlm.nih.gov/pmc/articles/PMC13067336/
					https://www.ncbi.nlm.nih.gov/pmc/articles/PMC13345554/
					https://www.ncbi.nlm.nih.gov/pmc/articles/PMC11185761/
					https://www.ncbi.nlm.nih.gov/pmc/articles/PMC10987005/
					https://www.ncbi.nlm.nih.gov/pmc/articles/PMC13004683/
					https://www.ncbi.nlm.nih.gov/pmc/articles/PMC12720140/
					https://www.ncbi.nlm.nih.gov/pmc/articles/PMC10592406/
					https://www.ncbi.nlm.nih.gov/pmc/articles/PMC12730457/
					https://www.ncbi.nlm.nih.gov/pmc/articles/PMC12421242/
					https://www.ncbi.nlm.nih.gov/pmc/articles/PMC13272220/
MoVUS		created	https://github.com/NIH-CARD/MoVUS	All code, including environment files with exact package versions, is available on GitHub under the Apache 2.0 license [ https://github.com/NIH-CARD/MoVUS ].	https://www.ncbi.nlm.nih.gov/pmc/articles/PMC12622068/
					https://www.ncbi.nlm.nih.gov/pmc/articles/PMC13405441/
					https://www.ncbi.nlm.nih.gov/pmc/articles/PMC12701369/
					https://www.ncbi.nlm.nih.gov/pmc/articles/PMC12789765/
					https://www.ncbi.nlm.nih.gov/pmc/articles/PMC13079346/
					https://www.ncbi.nlm.nih.gov/pmc/articles/PMC12233189/
					https://www.ncbi.nlm.nih.gov/pmc/articles/PMC12012400/
					https://www.ncbi.nlm.nih.gov/pmc/articles/PMC11247679/
					https://www.ncbi.nlm.nih.gov/pmc/articles/PMC11886924/
					https://www.ncbi.nlm.nih.gov/pmc/articles/PMC12060132/
					https://www.ncbi.nlm.nih.gov/pmc/articles/PMC12788816/
					https://www.ncbi.nlm.nih.gov/pmc/articles/PMC12375990/
					https://www.ncbi.nlm.nih.gov/pmc/articles/PMC12100502/
					https://www.ncbi.nlm.nih.gov/pmc/articles/PMC11169221/
					https://www.ncbi.nlm.nih.gov/pmc/articles/PMC13044795/
					https://www.ncbi.nlm.nih.gov/pmc/articles/PMC10950054/
					https://www.ncbi.nlm.nih.gov/pmc/articles/PMC12532582/
					https://www.ncbi.nlm.nih.gov/pmc/articles/PMC12100495/
					https://www.ncbi.nlm.nih.gov/pmc/articles/PMC12416308/
					https://www.ncbi.nlm.nih.gov/pmc/articles/PMC7009602/
					https://www.ncbi.nlm.nih.gov/pmc/articles/PMC11059745/
					https://www.ncbi.nlm.nih.gov/pmc/articles/PMC11580983/
					https://www.ncbi.nlm.nih.gov/pmc/articles/PMC12740225/
					https://www.ncbi.nlm.nih.gov/pmc/articles/PMC12086039/
					https://www.ncbi.nlm.nih.gov/pmc/articles/PMC10987653/
					https://www.ncbi.nlm.nih.gov/pmc/articles/PMC11716245/
					https://www.ncbi.nlm.nih.gov/pmc/articles/PMC12769750/
					https://www.ncbi.nlm.nih.gov/pmc/articles/PMC12132163/
					https://www.ncbi.nlm.nih.gov/pmc/articles/PMC12613731/
					https://www.ncbi.nlm.nih.gov/pmc/articles/PMC13206428/
					https://www.ncbi.nlm.nih.gov/pmc/articles/PMC11413920/
					https://www.ncbi.nlm.nih.gov/pmc/articles/PMC12215183/
					https://www.ncbi.nlm.nih.gov/pmc/articles/PMC13387967/
					https://www.ncbi.nlm.nih.gov/pmc/articles/PMC13290647/
					https://www.ncbi.nlm.nih.gov/pmc/articles/PMC13345184/
					https://www.ncbi.nlm.nih.gov/pmc/articles/PMC11009209/
					https://www.ncbi.nlm.nih.gov/pmc/articles/PMC9951811/
					https://www.ncbi.nlm.nih.gov/pmc/articles/PMC13366843/
					https://www.ncbi.nlm.nih.gov/pmc/articles/PMC13051914/
					https://www.ncbi.nlm.nih.gov/pmc/articles/PMC11527220/
RETFound		created	https://github.com/rmaphoh/RETFound	The code used to train, fine-tune and evaluate RETFound from Y.Z. is available at https://github.com/rmaphoh/RETFound , which is based on PyTorch. All pre-trained model weights are available at https://huggingface.co/YukunZhou .	https://www.ncbi.nlm.nih.gov/pmc/articles/PMC13065816/
Stable Diffusion XL		used	https://huggingface.co/docs/diffusers/en/using-diffusers/sdxl	Stable Diffusion XL can be found at https://huggingface.co/docs/diffusers/en/using-diffusers/sdxl .	https://www.ncbi.nlm.nih.gov/pmc/articles/PMC13065816/
					https://www.ncbi.nlm.nih.gov/pmc/articles/PMC13370577/
					https://www.ncbi.nlm.nih.gov/pmc/articles/PMC11998684/
					https://www.ncbi.nlm.nih.gov/pmc/articles/PMC12847817/
					https://www.ncbi.nlm.nih.gov/pmc/articles/PMC13093779/
					https://www.ncbi.nlm.nih.gov/pmc/articles/PMC11662732/
					https://www.ncbi.nlm.nih.gov/pmc/articles/PMC13388449/
					https://www.ncbi.nlm.nih.gov/pmc/articles/PMC12767511/
					https://www.ncbi.nlm.nih.gov/pmc/articles/PMC13193036/
					https://www.ncbi.nlm.nih.gov/pmc/articles/PMC8825283/
					https://www.ncbi.nlm.nih.gov/pmc/articles/PMC13321183/
					https://www.ncbi.nlm.nih.gov/pmc/articles/PMC13442701/
					https://www.ncbi.nlm.nih.gov/pmc/articles/PMC12594104/
					https://www.ncbi.nlm.nih.gov/pmc/articles/PMC12795468/
					https://www.ncbi.nlm.nih.gov/pmc/articles/PMC13144488/
					https://www.ncbi.nlm.nih.gov/pmc/articles/PMC11398448/
					https://www.ncbi.nlm.nih.gov/pmc/articles/PMC10876076/
iSODA		used		SODA-light was forked as a lipidomics-only instance of iSODA, a multiomics data visualization and integration application developed on R 4.4.0.	https://www.ncbi.nlm.nih.gov/pmc/articles/PMC12552125/
SODA-light	0.2	used	https://github.com/CPM-Metabolomics-Lipidomics/soda-light	SODA-light version 0.2 was used for the generation of all figures in this manuscript.	https://www.ncbi.nlm.nih.gov/pmc/articles/PMC12552125/
					https://www.ncbi.nlm.nih.gov/pmc/articles/PMC10578214/
					https://www.ncbi.nlm.nih.gov/pmc/articles/PMC11712936/
					https://www.ncbi.nlm.nih.gov/pmc/articles/PMC11667528/
					https://www.ncbi.nlm.nih.gov/pmc/articles/PMC13393330/
					https://www.ncbi.nlm.nih.gov/pmc/articles/PMC13252445/
					https://www.ncbi.nlm.nih.gov/pmc/articles/PMC11406552/
					https://www.ncbi.nlm.nih.gov/pmc/articles/PMC13021153/
					https://www.ncbi.nlm.nih.gov/pmc/articles/PMC12073893/
					https://www.ncbi.nlm.nih.gov/pmc/articles/PMC12636354/
					https://www.ncbi.nlm.nih.gov/pmc/articles/PMC11493922/
					https://www.ncbi.nlm.nih.gov/pmc/articles/PMC12706616/
					https://www.ncbi.nlm.nih.gov/pmc/articles/PMC10727479/
					https://www.ncbi.nlm.nih.gov/pmc/articles/PMC13004507/
					https://www.ncbi.nlm.nih.gov/pmc/articles/PMC13445889/
					https://www.ncbi.nlm.nih.gov/pmc/articles/PMC12949441/
					https://www.ncbi.nlm.nih.gov/pmc/articles/PMC13093637/
					https://www.ncbi.nlm.nih.gov/pmc/articles/PMC11713141/
					https://www.ncbi.nlm.nih.gov/pmc/articles/PMC9999338/
					https://www.ncbi.nlm.nih.gov/pmc/articles/PMC12541278/
					https://www.ncbi.nlm.nih.gov/pmc/articles/PMC12159455/
					https://www.ncbi.nlm.nih.gov/pmc/articles/PMC12404670/
					https://www.ncbi.nlm.nih.gov/pmc/articles/PMC12676791/
					https://www.ncbi.nlm.nih.gov/pmc/articles/PMC11481013/
					https://www.ncbi.nlm.nih.gov/pmc/articles/PMC13342005/
					https://www.ncbi.nlm.nih.gov/pmc/articles/PMC10843047/
					https://www.ncbi.nlm.nih.gov/pmc/articles/PMC13323761/
					https://www.ncbi.nlm.nih.gov/pmc/articles/PMC12726891/
					https://www.ncbi.nlm.nih.gov/pmc/articles/PMC12245158/
					https://www.ncbi.nlm.nih.gov/pmc/articles/PMC13102316/
					https://www.ncbi.nlm.nih.gov/pmc/articles/PMC10505378/
					https://www.ncbi.nlm.nih.gov/pmc/articles/PMC11329687/
					https://www.ncbi.nlm.nih.gov/pmc/articles/PMC12053696/
					https://www.ncbi.nlm.nih.gov/pmc/articles/PMC13341526/
					https://www.ncbi.nlm.nih.gov/pmc/articles/PMC11783936/
					https://www.ncbi.nlm.nih.gov/pmc/articles/PMC11667510/
					https://www.ncbi.nlm.nih.gov/pmc/articles/PMC12260215/
					https://www.ncbi.nlm.nih.gov/pmc/articles/PMC11712783/
					https://www.ncbi.nlm.nih.gov/pmc/articles/PMC11216994/
					https://www.ncbi.nlm.nih.gov/pmc/articles/PMC13046179/
					https://www.ncbi.nlm.nih.gov/pmc/articles/PMC11451624/
					https://www.ncbi.nlm.nih.gov/pmc/articles/PMC12727147/
					https://www.ncbi.nlm.nih.gov/pmc/articles/PMC12248201/
					https://www.ncbi.nlm.nih.gov/pmc/articles/PMC11153007/
					https://www.ncbi.nlm.nih.gov/pmc/articles/PMC13093349/
					https://www.ncbi.nlm.nih.gov/pmc/articles/PMC10659467/
					https://www.ncbi.nlm.nih.gov/pmc/articles/PMC12741943/
					https://www.ncbi.nlm.nih.gov/pmc/articles/PMC11286782/
					https://www.ncbi.nlm.nih.gov/pmc/articles/PMC12323555/
					https://www.ncbi.nlm.nih.gov/pmc/articles/PMC12262649/
					https://www.ncbi.nlm.nih.gov/pmc/articles/PMC13069467/
					https://www.ncbi.nlm.nih.gov/pmc/articles/PMC10843739/
					https://www.ncbi.nlm.nih.gov/pmc/articles/PMC12928075/
					https://www.ncbi.nlm.nih.gov/pmc/articles/PMC10433790/
					https://www.ncbi.nlm.nih.gov/pmc/articles/PMC12507989/
					https://www.ncbi.nlm.nih.gov/pmc/articles/PMC12958864/
					https://www.ncbi.nlm.nih.gov/pmc/articles/PMC10564391/
					https://www.ncbi.nlm.nih.gov/pmc/articles/PMC9290711/
					https://www.ncbi.nlm.nih.gov/pmc/articles/PMC12936769/
					https://www.ncbi.nlm.nih.gov/pmc/articles/PMC12726966/
					https://www.ncbi.nlm.nih.gov/pmc/articles/PMC12693722/
					https://www.ncbi.nlm.nih.gov/pmc/articles/PMC12996941/
					https://www.ncbi.nlm.nih.gov/pmc/articles/PMC13042126/
					https://www.ncbi.nlm.nih.gov/pmc/articles/PMC12162858/
					https://www.ncbi.nlm.nih.gov/pmc/articles/PMC12999308/
					https://www.ncbi.nlm.nih.gov/pmc/articles/PMC11911242/
					https://www.ncbi.nlm.nih.gov/pmc/articles/PMC10805713/
					https://www.ncbi.nlm.nih.gov/pmc/articles/PMC13449027/
					https://www.ncbi.nlm.nih.gov/pmc/articles/PMC12755251/
					https://www.ncbi.nlm.nih.gov/pmc/articles/PMC11568947/
					https://www.ncbi.nlm.nih.gov/pmc/articles/PMC12478413/
					https://www.ncbi.nlm.nih.gov/pmc/articles/PMC10962747/
					https://www.ncbi.nlm.nih.gov/pmc/articles/PMC12359945/
					https://www.ncbi.nlm.nih.gov/pmc/articles/PMC12568388/
					https://www.ncbi.nlm.nih.gov/pmc/articles/PMC12930224/
					https://www.ncbi.nlm.nih.gov/pmc/articles/PMC11838923/
					https://www.ncbi.nlm.nih.gov/pmc/articles/PMC11223038/
					https://www.ncbi.nlm.nih.gov/pmc/articles/PMC11887169/
					https://www.ncbi.nlm.nih.gov/pmc/articles/PMC12869389/
					https://www.ncbi.nlm.nih.gov/pmc/articles/PMC11101651/
					https://www.ncbi.nlm.nih.gov/pmc/articles/PMC11404182/
					https://www.ncbi.nlm.nih.gov/pmc/articles/PMC11293819/
					https://www.ncbi.nlm.nih.gov/pmc/articles/PMC13370407/
					https://www.ncbi.nlm.nih.gov/pmc/articles/PMC11850607/
					https://www.ncbi.nlm.nih.gov/pmc/articles/PMC12389775/
					https://www.ncbi.nlm.nih.gov/pmc/articles/PMC11998827/
					https://www.ncbi.nlm.nih.gov/pmc/articles/PMC12928579/
					https://www.ncbi.nlm.nih.gov/pmc/articles/PMC11234640/
					https://www.ncbi.nlm.nih.gov/pmc/articles/PMC13360760/
					https://www.ncbi.nlm.nih.gov/pmc/articles/PMC12436154/
					https://www.ncbi.nlm.nih.gov/pmc/articles/PMC11490199/
					https://www.ncbi.nlm.nih.gov/pmc/articles/PMC12338962/
					https://www.ncbi.nlm.nih.gov/pmc/articles/PMC13452667/
					https://www.ncbi.nlm.nih.gov/pmc/articles/PMC11082462/
					https://www.ncbi.nlm.nih.gov/pmc/articles/PMC11722498/
					https://www.ncbi.nlm.nih.gov/pmc/articles/PMC10525414/
					https://www.ncbi.nlm.nih.gov/pmc/articles/PMC11384021/
					https://www.ncbi.nlm.nih.gov/pmc/articles/PMC12971073/
					https://www.ncbi.nlm.nih.gov/pmc/articles/PMC12987635/
					https://www.ncbi.nlm.nih.gov/pmc/articles/PMC12739514/
					https://www.ncbi.nlm.nih.gov/pmc/articles/PMC12574434/
					https://www.ncbi.nlm.nih.gov/pmc/articles/PMC11408246/
					https://www.ncbi.nlm.nih.gov/pmc/articles/PMC12180025/
					https://www.ncbi.nlm.nih.gov/pmc/articles/PMC11739691/
					https://www.ncbi.nlm.nih.gov/pmc/articles/PMC12662718/
					https://www.ncbi.nlm.nih.gov/pmc/articles/PMC10995282/
					https://www.ncbi.nlm.nih.gov/pmc/articles/PMC12894875/
					https://www.ncbi.nlm.nih.gov/pmc/articles/PMC12262256/
					https://www.ncbi.nlm.nih.gov/pmc/articles/PMC10689283/
					https://www.ncbi.nlm.nih.gov/pmc/articles/PMC12332082/
					https://www.ncbi.nlm.nih.gov/pmc/articles/PMC12857118/
					https://www.ncbi.nlm.nih.gov/pmc/articles/PMC12911524/
					https://www.ncbi.nlm.nih.gov/pmc/articles/PMC13183853/
					https://www.ncbi.nlm.nih.gov/pmc/articles/PMC8453903/
					https://www.ncbi.nlm.nih.gov/pmc/articles/PMC13358927/
					https://www.ncbi.nlm.nih.gov/pmc/articles/PMC10843760/
					https://www.ncbi.nlm.nih.gov/pmc/articles/PMC12239042/
					https://www.ncbi.nlm.nih.gov/pmc/articles/PMC11987652/
					https://www.ncbi.nlm.nih.gov/pmc/articles/PMC11497770/
					https://www.ncbi.nlm.nih.gov/pmc/articles/PMC13038298/
					https://www.ncbi.nlm.nih.gov/pmc/articles/PMC12455886/
					https://www.ncbi.nlm.nih.gov/pmc/articles/PMC12621001/
					https://www.ncbi.nlm.nih.gov/pmc/articles/PMC11844547/
					https://www.ncbi.nlm.nih.gov/pmc/articles/PMC12737960/
					https://www.ncbi.nlm.nih.gov/pmc/articles/PMC13174704/
					https://www.ncbi.nlm.nih.gov/pmc/articles/PMC12726052/
					https://www.ncbi.nlm.nih.gov/pmc/articles/PMC12726209/
					https://www.ncbi.nlm.nih.gov/pmc/articles/PMC11775450/
					https://www.ncbi.nlm.nih.gov/pmc/articles/PMC12289478/
					https://www.ncbi.nlm.nih.gov/pmc/articles/PMC10879687/
					https://www.ncbi.nlm.nih.gov/pmc/articles/PMC12407616/
					https://www.ncbi.nlm.nih.gov/pmc/articles/PMC12603769/
					https://www.ncbi.nlm.nih.gov/pmc/articles/PMC11992357/
					https://www.ncbi.nlm.nih.gov/pmc/articles/PMC11221914/
					https://www.ncbi.nlm.nih.gov/pmc/articles/PMC13077442/
					https://www.ncbi.nlm.nih.gov/pmc/articles/PMC11648000/
					https://www.ncbi.nlm.nih.gov/pmc/articles/PMC12870714/
					https://www.ncbi.nlm.nih.gov/pmc/articles/PMC11191490/
					https://www.ncbi.nlm.nih.gov/pmc/articles/PMC13435158/
					https://www.ncbi.nlm.nih.gov/pmc/articles/PMC13192790/
					https://www.ncbi.nlm.nih.gov/pmc/articles/PMC11442097/
					https://www.ncbi.nlm.nih.gov/pmc/articles/PMC13169838/
					https://www.ncbi.nlm.nih.gov/pmc/articles/PMC11157965/
					https://www.ncbi.nlm.nih.gov/pmc/articles/PMC11233389/
					https://www.ncbi.nlm.nih.gov/pmc/articles/PMC11112129/
					https://www.ncbi.nlm.nih.gov/pmc/articles/PMC13225267/
					https://www.ncbi.nlm.nih.gov/pmc/articles/PMC11651290/
					https://www.ncbi.nlm.nih.gov/pmc/articles/PMC12973640/
					https://www.ncbi.nlm.nih.gov/pmc/articles/PMC12159796/
					https://www.ncbi.nlm.nih.gov/pmc/articles/PMC11497686/
					https://www.ncbi.nlm.nih.gov/pmc/articles/PMC12869052/
					https://www.ncbi.nlm.nih.gov/pmc/articles/PMC11066062/
					https://www.ncbi.nlm.nih.gov/pmc/articles/PMC11266256/
					https://www.ncbi.nlm.nih.gov/pmc/articles/PMC11100352/
					https://www.ncbi.nlm.nih.gov/pmc/articles/PMC12635862/
					https://www.ncbi.nlm.nih.gov/pmc/articles/PMC13310980/
					https://www.ncbi.nlm.nih.gov/pmc/articles/PMC12877949/
					https://www.ncbi.nlm.nih.gov/pmc/articles/PMC12767429/
					https://www.ncbi.nlm.nih.gov/pmc/articles/PMC9997119/
					https://www.ncbi.nlm.nih.gov/pmc/articles/PMC12441808/
					https://www.ncbi.nlm.nih.gov/pmc/articles/PMC11320301/
					https://www.ncbi.nlm.nih.gov/pmc/articles/PMC12510134/
					https://www.ncbi.nlm.nih.gov/pmc/articles/PMC12419846/
					https://www.ncbi.nlm.nih.gov/pmc/articles/PMC6249084/
					https://www.ncbi.nlm.nih.gov/pmc/articles/PMC11848042/
					https://www.ncbi.nlm.nih.gov/pmc/articles/PMC12701361/
					https://www.ncbi.nlm.nih.gov/pmc/articles/PMC11682725/
					https://www.ncbi.nlm.nih.gov/pmc/articles/PMC12973621/
					https://www.ncbi.nlm.nih.gov/pmc/articles/PMC11061024/
					https://www.ncbi.nlm.nih.gov/pmc/articles/PMC10916998/
					https://www.ncbi.nlm.nih.gov/pmc/articles/PMC12265700/
					https://www.ncbi.nlm.nih.gov/pmc/articles/PMC13077660/
					https://www.ncbi.nlm.nih.gov/pmc/articles/PMC13425618/
					https://www.ncbi.nlm.nih.gov/pmc/articles/PMC12613078/
					https://www.ncbi.nlm.nih.gov/pmc/articles/PMC12780272/
					https://www.ncbi.nlm.nih.gov/pmc/articles/PMC13380563/
					https://www.ncbi.nlm.nih.gov/pmc/articles/PMC13007772/
					https://www.ncbi.nlm.nih.gov/pmc/articles/PMC13196560/
					https://www.ncbi.nlm.nih.gov/pmc/articles/PMC13281629/
					https://www.ncbi.nlm.nih.gov/pmc/articles/PMC13381444/
					https://www.ncbi.nlm.nih.gov/pmc/articles/PMC10984493/
					https://www.ncbi.nlm.nih.gov/pmc/articles/PMC11702716/
					https://www.ncbi.nlm.nih.gov/pmc/articles/PMC13093769/
					https://www.ncbi.nlm.nih.gov/pmc/articles/PMC11019133/
					https://www.ncbi.nlm.nih.gov/pmc/articles/PMC12963294/
					https://www.ncbi.nlm.nih.gov/pmc/articles/PMC10461524/
					https://www.ncbi.nlm.nih.gov/pmc/articles/PMC13387957/
					https://www.ncbi.nlm.nih.gov/pmc/articles/PMC12040500/
					https://www.ncbi.nlm.nih.gov/pmc/articles/PMC11847920/
					https://www.ncbi.nlm.nih.gov/pmc/articles/PMC12121409/
					https://www.ncbi.nlm.nih.gov/pmc/articles/PMC11601614/
					https://www.ncbi.nlm.nih.gov/pmc/articles/PMC10879525/
					https://www.ncbi.nlm.nih.gov/pmc/articles/PMC12919088/
					https://www.ncbi.nlm.nih.gov/pmc/articles/PMC11865708/
					https://www.ncbi.nlm.nih.gov/pmc/articles/PMC10990276/
					https://www.ncbi.nlm.nih.gov/pmc/articles/PMC10760028/
					https://www.ncbi.nlm.nih.gov/pmc/articles/PMC11377741/
					https://www.ncbi.nlm.nih.gov/pmc/articles/PMC10499811/
					https://www.ncbi.nlm.nih.gov/pmc/articles/PMC13140253/
					https://www.ncbi.nlm.nih.gov/pmc/articles/PMC13400667/
					https://www.ncbi.nlm.nih.gov/pmc/articles/PMC12807743/
					https://www.ncbi.nlm.nih.gov/pmc/articles/PMC13443583/
					https://www.ncbi.nlm.nih.gov/pmc/articles/PMC12686581/
					https://www.ncbi.nlm.nih.gov/pmc/articles/PMC12301878/
					https://www.ncbi.nlm.nih.gov/pmc/articles/PMC12277806/
					https://www.ncbi.nlm.nih.gov/pmc/articles/PMC11702749/
					https://www.ncbi.nlm.nih.gov/pmc/articles/PMC10629770/
					https://www.ncbi.nlm.nih.gov/pmc/articles/PMC12173421/
					https://www.ncbi.nlm.nih.gov/pmc/articles/PMC13293626/
					https://www.ncbi.nlm.nih.gov/pmc/articles/PMC5837706/
					https://www.ncbi.nlm.nih.gov/pmc/articles/PMC12131278/
					https://www.ncbi.nlm.nih.gov/pmc/articles/PMC12797566/
					https://www.ncbi.nlm.nih.gov/pmc/articles/PMC11751448/
					https://www.ncbi.nlm.nih.gov/pmc/articles/PMC11567820/
					https://www.ncbi.nlm.nih.gov/pmc/articles/PMC13452018/
					https://www.ncbi.nlm.nih.gov/pmc/articles/PMC12987585/
					https://www.ncbi.nlm.nih.gov/pmc/articles/PMC11995804/
					https://www.ncbi.nlm.nih.gov/pmc/articles/PMC10689282/
					https://www.ncbi.nlm.nih.gov/pmc/articles/PMC12215275/
					https://www.ncbi.nlm.nih.gov/pmc/articles/PMC13060347/
					https://www.ncbi.nlm.nih.gov/pmc/articles/PMC13180464/
					https://www.ncbi.nlm.nih.gov/pmc/articles/PMC13240337/
					https://www.ncbi.nlm.nih.gov/pmc/articles/PMC12706602/
					https://www.ncbi.nlm.nih.gov/pmc/articles/PMC12428506/
					https://www.ncbi.nlm.nih.gov/pmc/articles/PMC10570619/
					https://www.ncbi.nlm.nih.gov/pmc/articles/PMC12324638/
					https://www.ncbi.nlm.nih.gov/pmc/articles/PMC13033393/
					https://www.ncbi.nlm.nih.gov/pmc/articles/PMC11494639/
					https://www.ncbi.nlm.nih.gov/pmc/articles/PMC11333291/
					https://www.ncbi.nlm.nih.gov/pmc/articles/PMC11782846/
					https://www.ncbi.nlm.nih.gov/pmc/articles/PMC13347463/
					https://www.ncbi.nlm.nih.gov/pmc/articles/PMC11514822/
					https://www.ncbi.nlm.nih.gov/pmc/articles/PMC13319421/
					https://www.ncbi.nlm.nih.gov/pmc/articles/PMC12887983/
					https://www.ncbi.nlm.nih.gov/pmc/articles/PMC13123219/
					https://www.ncbi.nlm.nih.gov/pmc/articles/PMC12726115/
					https://www.ncbi.nlm.nih.gov/pmc/articles/PMC11499029/
					https://www.ncbi.nlm.nih.gov/pmc/articles/PMC12181335/
					https://www.ncbi.nlm.nih.gov/pmc/articles/PMC9209452/
					https://www.ncbi.nlm.nih.gov/pmc/articles/PMC11844006/
					https://www.ncbi.nlm.nih.gov/pmc/articles/PMC12037696/
					https://www.ncbi.nlm.nih.gov/pmc/articles/PMC13053742/
					https://www.ncbi.nlm.nih.gov/pmc/articles/PMC12455407/
					https://www.ncbi.nlm.nih.gov/pmc/articles/PMC12315776/
					https://www.ncbi.nlm.nih.gov/pmc/articles/PMC13092601/
					https://www.ncbi.nlm.nih.gov/pmc/articles/PMC12739017/
					https://www.ncbi.nlm.nih.gov/pmc/articles/PMC12603794/
					https://www.ncbi.nlm.nih.gov/pmc/articles/PMC12740258/
					https://www.ncbi.nlm.nih.gov/pmc/articles/PMC10716564/
					https://www.ncbi.nlm.nih.gov/pmc/articles/PMC11667506/
					https://www.ncbi.nlm.nih.gov/pmc/articles/PMC13334421/
					https://www.ncbi.nlm.nih.gov/pmc/articles/PMC13071402/
					https://www.ncbi.nlm.nih.gov/pmc/articles/PMC10804639/
					https://www.ncbi.nlm.nih.gov/pmc/articles/PMC13332103/
					https://www.ncbi.nlm.nih.gov/pmc/articles/PMC12440113/
					https://www.ncbi.nlm.nih.gov/pmc/articles/PMC12519503/
					https://www.ncbi.nlm.nih.gov/pmc/articles/PMC11266258/
					https://www.ncbi.nlm.nih.gov/pmc/articles/PMC12782155/
					https://www.ncbi.nlm.nih.gov/pmc/articles/PMC13344897/
					https://www.ncbi.nlm.nih.gov/pmc/articles/PMC12635868/
					https://www.ncbi.nlm.nih.gov/pmc/articles/PMC13345488/
					https://www.ncbi.nlm.nih.gov/pmc/articles/PMC12782635/
RETFound		created	https://github.com/rmaphoh/RETFound_MAE	The training, fine-tuning, and evaluation code for RETFound, provided by Y.Z. and built on PyTorch, is available at https://github.com/rmaphoh/RETFound_MAE	https://www.ncbi.nlm.nih.gov/pmc/articles/PMC12548085/
DINOv2		used	https://github.com/HouQingshan/DINOv2	The corresponding code for DINOv2 is available at https://github.com/HouQingshan/DINOv2	https://www.ncbi.nlm.nih.gov/pmc/articles/PMC12548085/
					https://www.ncbi.nlm.nih.gov/pmc/articles/PMC12919128/
					https://www.ncbi.nlm.nih.gov/pmc/articles/PMC13078897/
					https://www.ncbi.nlm.nih.gov/pmc/articles/PMC12324657/
					https://www.ncbi.nlm.nih.gov/pmc/articles/PMC12354765/
					https://www.ncbi.nlm.nih.gov/pmc/articles/PMC11153004/
					https://www.ncbi.nlm.nih.gov/pmc/articles/PMC11272213/
					https://www.ncbi.nlm.nih.gov/pmc/articles/PMC12992781/
					https://www.ncbi.nlm.nih.gov/pmc/articles/PMC11247693/
					https://www.ncbi.nlm.nih.gov/pmc/articles/PMC12204414/
					https://www.ncbi.nlm.nih.gov/pmc/articles/PMC12732164/
					https://www.ncbi.nlm.nih.gov/pmc/articles/PMC11297993/
					https://www.ncbi.nlm.nih.gov/pmc/articles/PMC11568960/
					https://www.ncbi.nlm.nih.gov/pmc/articles/PMC12132299/
					https://www.ncbi.nlm.nih.gov/pmc/articles/PMC12591989/
					https://www.ncbi.nlm.nih.gov/pmc/articles/PMC13264361/
					https://www.ncbi.nlm.nih.gov/pmc/articles/PMC12635870/
					https://www.ncbi.nlm.nih.gov/pmc/articles/PMC11484644/
					https://www.ncbi.nlm.nih.gov/pmc/articles/PMC11539020/
					https://www.ncbi.nlm.nih.gov/pmc/articles/PMC12168442/
					https://www.ncbi.nlm.nih.gov/pmc/articles/PMC11095430/
					https://www.ncbi.nlm.nih.gov/pmc/articles/PMC12204277/
					https://www.ncbi.nlm.nih.gov/pmc/articles/PMC12723760/
					https://www.ncbi.nlm.nih.gov/pmc/articles/PMC13206350/
					https://www.ncbi.nlm.nih.gov/pmc/articles/PMC13239222/
					https://www.ncbi.nlm.nih.gov/pmc/articles/PMC12928031/
					https://www.ncbi.nlm.nih.gov/pmc/articles/PMC11039478/
					https://www.ncbi.nlm.nih.gov/pmc/articles/PMC13242860/
					https://www.ncbi.nlm.nih.gov/pmc/articles/PMC13218837/
					https://www.ncbi.nlm.nih.gov/pmc/articles/PMC13322995/
					https://www.ncbi.nlm.nih.gov/pmc/articles/PMC13350691/
					https://www.ncbi.nlm.nih.gov/pmc/articles/PMC13366681/
					https://www.ncbi.nlm.nih.gov/pmc/articles/PMC11463369/
					https://www.ncbi.nlm.nih.gov/pmc/articles/PMC10884227/
vcftools	0.1.13	used		The analysis was performed using publicly available software as described in Methods: vcftools (0.1.13); bcftools (1.19); tabix; KING (2.3.0); Eigenstrat (6.1.4); PLINK 1.9; PLINK2; R (3.6 and 4.4); R package mediation (4.5.0).	https://www.ncbi.nlm.nih.gov/pmc/articles/PMC12152374/
bcftools	1.19	used		The analysis was performed using publicly available software as described in Methods: vcftools (0.1.13); bcftools (1.19); tabix; KING (2.3.0); Eigenstrat (6.1.4); PLINK 1.9; PLINK2; R (3.6 and 4.4); R package mediation (4.5.0).	https://www.ncbi.nlm.nih.gov/pmc/articles/PMC12152374/
tabix		used		The analysis was performed using publicly available software as described in Methods: vcftools (0.1.13); bcftools (1.19); tabix; KING (2.3.0); Eigenstrat (6.1.4); PLINK 1.9; PLINK2; R (3.6 and 4.4); R package mediation (4.5.0).	https://www.ncbi.nlm.nih.gov/pmc/articles/PMC12152374/
KING	2.3.0	used		The analysis was performed using publicly available software as described in Methods: vcftools (0.1.13); bcftools (1.19); tabix; KING (2.3.0); Eigenstrat (6.1.4); PLINK 1.9; PLINK2; R (3.6 and 4.4); R package mediation (4.5.0).	https://www.ncbi.nlm.nih.gov/pmc/articles/PMC12152374/
Eigenstrat	6.1.4	used		The analysis was performed using publicly available software as described in Methods: vcftools (0.1.13); bcftools (1.19); tabix; KING (2.3.0); Eigenstrat (6.1.4); PLINK 1.9; PLINK2; R (3.6 and 4.4); R package mediation (4.5.0).	https://www.ncbi.nlm.nih.gov/pmc/articles/PMC12152374/
PLINK	1.9	used		The analysis was performed using publicly available software as described in Methods: vcftools (0.1.13); bcftools (1.19); tabix; KING (2.3.0); Eigenstrat (6.1.4); PLINK 1.9; PLINK2; R (3.6 and 4.4); R package mediation (4.5.0).	https://www.ncbi.nlm.nih.gov/pmc/articles/PMC12152374/
PLINK2		used		The analysis was performed using publicly available software as described in Methods: vcftools (0.1.13); bcftools (1.19); tabix; KING (2.3.0); Eigenstrat (6.1.4); PLINK 1.9; PLINK2; R (3.6 and 4.4); R package mediation (4.5.0).	https://www.ncbi.nlm.nih.gov/pmc/articles/PMC12152374/
R	3.6 and 4.4	used		The analysis was performed using publicly available software as described in Methods: vcftools (0.1.13); bcftools (1.19); tabix; KING (2.3.0); Eigenstrat (6.1.4); PLINK 1.9; PLINK2; R (3.6 and 4.4); R package mediation (4.5.0).	https://www.ncbi.nlm.nih.gov/pmc/articles/PMC12152374/
mediation	4.5.0	used		The analysis was performed using publicly available software as described in Methods: vcftools (0.1.13); bcftools (1.19); tabix; KING (2.3.0); Eigenstrat (6.1.4); PLINK 1.9; PLINK2; R (3.6 and 4.4); R package mediation (4.5.0).	https://www.ncbi.nlm.nih.gov/pmc/articles/PMC12152374/
					https://www.ncbi.nlm.nih.gov/pmc/articles/PMC11409069/
					https://www.ncbi.nlm.nih.gov/pmc/articles/PMC10827083/
					https://www.ncbi.nlm.nih.gov/pmc/articles/PMC12616516/
					https://www.ncbi.nlm.nih.gov/pmc/articles/PMC11666764/
					https://www.ncbi.nlm.nih.gov/pmc/articles/PMC13336394/
					https://www.ncbi.nlm.nih.gov/pmc/articles/PMC13085787/
					https://www.ncbi.nlm.nih.gov/pmc/articles/PMC13081761/
					https://www.ncbi.nlm.nih.gov/pmc/articles/PMC11766904/
					https://www.ncbi.nlm.nih.gov/pmc/articles/PMC13437713/
					https://www.ncbi.nlm.nih.gov/pmc/articles/PMC10945290/
					https://www.ncbi.nlm.nih.gov/pmc/articles/PMC12154133/
					https://www.ncbi.nlm.nih.gov/pmc/articles/PMC13140659/
					https://www.ncbi.nlm.nih.gov/pmc/articles/PMC11716772/
					https://www.ncbi.nlm.nih.gov/pmc/articles/PMC12017514/
					https://www.ncbi.nlm.nih.gov/pmc/articles/PMC11177777/
					https://www.ncbi.nlm.nih.gov/pmc/articles/PMC12423944/
					https://www.ncbi.nlm.nih.gov/pmc/articles/PMC11160845/
					https://www.ncbi.nlm.nih.gov/pmc/articles/PMC10393407/
					https://www.ncbi.nlm.nih.gov/pmc/articles/PMC12799378/
					https://www.ncbi.nlm.nih.gov/pmc/articles/PMC13041330/
					https://www.ncbi.nlm.nih.gov/pmc/articles/PMC11078602/
					https://www.ncbi.nlm.nih.gov/pmc/articles/PMC13060342/
					https://www.ncbi.nlm.nih.gov/pmc/articles/PMC12521519/
					https://www.ncbi.nlm.nih.gov/pmc/articles/PMC12173943/
					https://www.ncbi.nlm.nih.gov/pmc/articles/PMC11601396/
					https://www.ncbi.nlm.nih.gov/pmc/articles/PMC11713134/
					https://www.ncbi.nlm.nih.gov/pmc/articles/PMC13426719/
					https://www.ncbi.nlm.nih.gov/pmc/articles/PMC12622152/
					https://www.ncbi.nlm.nih.gov/pmc/articles/PMC13376350/
					https://www.ncbi.nlm.nih.gov/pmc/articles/PMC12991054/
					https://www.ncbi.nlm.nih.gov/pmc/articles/PMC13325927/
					https://www.ncbi.nlm.nih.gov/pmc/articles/PMC12706825/
					https://www.ncbi.nlm.nih.gov/pmc/articles/PMC13414290/
					https://www.ncbi.nlm.nih.gov/pmc/articles/PMC12709281/
					https://www.ncbi.nlm.nih.gov/pmc/articles/PMC12262490/
					https://www.ncbi.nlm.nih.gov/pmc/articles/PMC12885725/
					https://www.ncbi.nlm.nih.gov/pmc/articles/PMC11957934/
					https://www.ncbi.nlm.nih.gov/pmc/articles/PMC12093305/
					https://www.ncbi.nlm.nih.gov/pmc/articles/PMC12621655/
					https://www.ncbi.nlm.nih.gov/pmc/articles/PMC12804995/
					https://www.ncbi.nlm.nih.gov/pmc/articles/PMC10573398/
					https://www.ncbi.nlm.nih.gov/pmc/articles/PMC12324626/
					https://www.ncbi.nlm.nih.gov/pmc/articles/PMC12946715/
					https://www.ncbi.nlm.nih.gov/pmc/articles/PMC11222905/
					https://www.ncbi.nlm.nih.gov/pmc/articles/PMC11113254/
					https://www.ncbi.nlm.nih.gov/pmc/articles/PMC12549220/
					https://www.ncbi.nlm.nih.gov/pmc/articles/PMC13383399/
					https://www.ncbi.nlm.nih.gov/pmc/articles/PMC12819522/
					https://www.ncbi.nlm.nih.gov/pmc/articles/PMC10782612/
					https://www.ncbi.nlm.nih.gov/pmc/articles/PMC10798889/
					https://www.ncbi.nlm.nih.gov/pmc/articles/PMC12604407/
					https://www.ncbi.nlm.nih.gov/pmc/articles/PMC12731186/
					https://www.ncbi.nlm.nih.gov/pmc/articles/PMC12229124/
					https://www.ncbi.nlm.nih.gov/pmc/articles/PMC11247671/
					https://www.ncbi.nlm.nih.gov/pmc/articles/PMC12678400/
					https://www.ncbi.nlm.nih.gov/pmc/articles/PMC13453061/
					https://www.ncbi.nlm.nih.gov/pmc/articles/PMC11143351/
					https://www.ncbi.nlm.nih.gov/pmc/articles/PMC13170779/
					https://www.ncbi.nlm.nih.gov/pmc/articles/PMC12647676/
					https://www.ncbi.nlm.nih.gov/pmc/articles/PMC11788189/
					https://www.ncbi.nlm.nih.gov/pmc/articles/PMC11900169/
					https://www.ncbi.nlm.nih.gov/pmc/articles/PMC11450612/
					https://www.ncbi.nlm.nih.gov/pmc/articles/PMC13447378/
					https://www.ncbi.nlm.nih.gov/pmc/articles/PMC12725185/
					https://www.ncbi.nlm.nih.gov/pmc/articles/PMC11258446/
					https://www.ncbi.nlm.nih.gov/pmc/articles/PMC11260251/
					https://www.ncbi.nlm.nih.gov/pmc/articles/PMC12780227/
					https://www.ncbi.nlm.nih.gov/pmc/articles/PMC10736532/
					https://www.ncbi.nlm.nih.gov/pmc/articles/PMC13041243/
					https://www.ncbi.nlm.nih.gov/pmc/articles/PMC12580855/
					https://www.ncbi.nlm.nih.gov/pmc/articles/PMC12716697/
					https://www.ncbi.nlm.nih.gov/pmc/articles/PMC12135225/
					https://www.ncbi.nlm.nih.gov/pmc/articles/PMC12902438/
					https://www.ncbi.nlm.nih.gov/pmc/articles/PMC11485300/
					https://www.ncbi.nlm.nih.gov/pmc/articles/PMC13370549/
					https://www.ncbi.nlm.nih.gov/pmc/articles/PMC10573147/
					https://www.ncbi.nlm.nih.gov/pmc/articles/PMC12748991/
					https://www.ncbi.nlm.nih.gov/pmc/articles/PMC12750299/
					https://www.ncbi.nlm.nih.gov/pmc/articles/PMC11947734/
					https://www.ncbi.nlm.nih.gov/pmc/articles/PMC13387560/
					https://www.ncbi.nlm.nih.gov/pmc/articles/PMC10014048/
					https://www.ncbi.nlm.nih.gov/pmc/articles/PMC13429898/
					https://www.ncbi.nlm.nih.gov/pmc/articles/PMC13405471/
					https://www.ncbi.nlm.nih.gov/pmc/articles/PMC12342379/
					https://www.ncbi.nlm.nih.gov/pmc/articles/PMC10763608/
					https://www.ncbi.nlm.nih.gov/pmc/articles/PMC13414750/
					https://www.ncbi.nlm.nih.gov/pmc/articles/PMC13459430/
					https://www.ncbi.nlm.nih.gov/pmc/articles/PMC12718930/
					https://www.ncbi.nlm.nih.gov/pmc/articles/PMC12709455/
					https://www.ncbi.nlm.nih.gov/pmc/articles/PMC12393618/
					https://www.ncbi.nlm.nih.gov/pmc/articles/PMC13216618/
					https://www.ncbi.nlm.nih.gov/pmc/articles/PMC12052588/
					https://www.ncbi.nlm.nih.gov/pmc/articles/PMC12061888/
					https://www.ncbi.nlm.nih.gov/pmc/articles/PMC12070992/
					https://www.ncbi.nlm.nih.gov/pmc/articles/PMC11091929/
					https://www.ncbi.nlm.nih.gov/pmc/articles/PMC11177911/
					https://www.ncbi.nlm.nih.gov/pmc/articles/PMC11178849/
					https://www.ncbi.nlm.nih.gov/pmc/articles/PMC10849239/
					https://www.ncbi.nlm.nih.gov/pmc/articles/PMC12534292/
					https://www.ncbi.nlm.nih.gov/pmc/articles/PMC11667534/
					https://www.ncbi.nlm.nih.gov/pmc/articles/PMC12196208/
					https://www.ncbi.nlm.nih.gov/pmc/articles/PMC12320038/
					https://www.ncbi.nlm.nih.gov/pmc/articles/PMC12264031/
					https://www.ncbi.nlm.nih.gov/pmc/articles/PMC13107528/
					https://www.ncbi.nlm.nih.gov/pmc/articles/PMC11167501/
					https://www.ncbi.nlm.nih.gov/pmc/articles/PMC13129199/
					https://www.ncbi.nlm.nih.gov/pmc/articles/PMC9246276/
					https://www.ncbi.nlm.nih.gov/pmc/articles/PMC13415261/
					https://www.ncbi.nlm.nih.gov/pmc/articles/PMC13154508/
					https://www.ncbi.nlm.nih.gov/pmc/articles/PMC10864863/
					https://www.ncbi.nlm.nih.gov/pmc/articles/PMC10510131/
					https://www.ncbi.nlm.nih.gov/pmc/articles/PMC12222718/
					https://www.ncbi.nlm.nih.gov/pmc/articles/PMC11710380/
					https://www.ncbi.nlm.nih.gov/pmc/articles/PMC11974737/
					https://www.ncbi.nlm.nih.gov/pmc/articles/PMC11100683/
					https://www.ncbi.nlm.nih.gov/pmc/articles/PMC12782167/
					https://www.ncbi.nlm.nih.gov/pmc/articles/PMC11201545/
					https://www.ncbi.nlm.nih.gov/pmc/articles/PMC12725226/
					https://www.ncbi.nlm.nih.gov/pmc/articles/PMC12630969/
					https://www.ncbi.nlm.nih.gov/pmc/articles/PMC12165843/
					https://www.ncbi.nlm.nih.gov/pmc/articles/PMC11268046/
					https://www.ncbi.nlm.nih.gov/pmc/articles/PMC12301509/
					https://www.ncbi.nlm.nih.gov/pmc/articles/PMC12618875/
					https://www.ncbi.nlm.nih.gov/pmc/articles/PMC11213882/
					https://www.ncbi.nlm.nih.gov/pmc/articles/PMC12749785/
					https://www.ncbi.nlm.nih.gov/pmc/articles/PMC11908325/
					https://www.ncbi.nlm.nih.gov/pmc/articles/PMC12749594/
PhenoLinker		created	https://huggingface.co/spaces/Melland/PhenoLinker	Predictions and their corresponding in-silico explanations are available at https://huggingface.co/spaces/Melland/PhenoLinker	https://www.ncbi.nlm.nih.gov/pmc/articles/PMC11627200/
					https://www.ncbi.nlm.nih.gov/pmc/articles/PMC12807566/
					https://www.ncbi.nlm.nih.gov/pmc/articles/PMC12507181/
					https://www.ncbi.nlm.nih.gov/pmc/articles/PMC11890775/
					https://www.ncbi.nlm.nih.gov/pmc/articles/PMC7274418/
					https://www.ncbi.nlm.nih.gov/pmc/articles/PMC12697530/
					https://www.ncbi.nlm.nih.gov/pmc/articles/PMC13092288/
					https://www.ncbi.nlm.nih.gov/pmc/articles/PMC11770362/
					https://www.ncbi.nlm.nih.gov/pmc/articles/PMC13135915/
					https://www.ncbi.nlm.nih.gov/pmc/articles/PMC12984234/
					https://www.ncbi.nlm.nih.gov/pmc/articles/PMC11978588/
					https://www.ncbi.nlm.nih.gov/pmc/articles/PMC13040016/
					https://www.ncbi.nlm.nih.gov/pmc/articles/PMC12616884/
					https://www.ncbi.nlm.nih.gov/pmc/articles/PMC12065162/
					https://www.ncbi.nlm.nih.gov/pmc/articles/PMC13240668/
					https://www.ncbi.nlm.nih.gov/pmc/articles/PMC11774935/
					https://www.ncbi.nlm.nih.gov/pmc/articles/PMC12336855/
					https://www.ncbi.nlm.nih.gov/pmc/articles/PMC10799758/
					https://www.ncbi.nlm.nih.gov/pmc/articles/PMC10552343/
					https://www.ncbi.nlm.nih.gov/pmc/articles/PMC12379512/
					https://www.ncbi.nlm.nih.gov/pmc/articles/PMC12117462/
					https://www.ncbi.nlm.nih.gov/pmc/articles/PMC12741207/
					https://www.ncbi.nlm.nih.gov/pmc/articles/PMC13460967/
					https://www.ncbi.nlm.nih.gov/pmc/articles/PMC12627544/
					https://www.ncbi.nlm.nih.gov/pmc/articles/PMC12764779/
					https://www.ncbi.nlm.nih.gov/pmc/articles/PMC12293736/
					https://www.ncbi.nlm.nih.gov/pmc/articles/PMC13277158/
					https://www.ncbi.nlm.nih.gov/pmc/articles/PMC11277463/
					https://www.ncbi.nlm.nih.gov/pmc/articles/PMC12803369/
					https://www.ncbi.nlm.nih.gov/pmc/articles/PMC11895274/
					https://www.ncbi.nlm.nih.gov/pmc/articles/PMC10879413/
					https://www.ncbi.nlm.nih.gov/pmc/articles/PMC11702315/
					https://www.ncbi.nlm.nih.gov/pmc/articles/PMC13007535/
					https://www.ncbi.nlm.nih.gov/pmc/articles/PMC12632898/
					https://www.ncbi.nlm.nih.gov/pmc/articles/PMC10537213/
					https://www.ncbi.nlm.nih.gov/pmc/articles/PMC13271125/
					https://www.ncbi.nlm.nih.gov/pmc/articles/PMC9882184/
					https://www.ncbi.nlm.nih.gov/pmc/articles/PMC13231379/
					https://www.ncbi.nlm.nih.gov/pmc/articles/PMC12257706/
					https://www.ncbi.nlm.nih.gov/pmc/articles/PMC11238940/
					https://www.ncbi.nlm.nih.gov/pmc/articles/PMC13357312/
Fmriprep	23.0.1	used	https://fmriprep.org/en/23.0.1/	Fmriprep was used for preprocessing of the MRI data and is available here https://fmriprep.org/en/23.0.1/	https://www.ncbi.nlm.nih.gov/pmc/articles/PMC13142645/
nilearn		used	https://nilearn.github.io/stable/index.html	connectivity matrices were calculated with nilearn https://fmriprep.org/en/23.0.1/ https://nilearn.github.io/stable/index.html	https://www.ncbi.nlm.nih.gov/pmc/articles/PMC13142645/
neuroHarmonize		used	https://github.com/rpomponio/neuroHarmonize	Data was harmonized with https://nilearn.github.io/stable/index.html https://github.com/rpomponio/neuroHarmonize	https://www.ncbi.nlm.nih.gov/pmc/articles/PMC13142645/
scikit-learn		used	https://scikit-learn.org/stable/index.html	Machine learning age regression was calculated with scikit learn https://github.com/rpomponio/neuroHarmonize https://scikit-learn.org/stable/index.html	https://www.ncbi.nlm.nih.gov/pmc/articles/PMC13142645/
Optuna		used	https://hub.optuna.org/samplers/grid_search/	Optuna was used for gridsearch https://scikit-learn.org/stable/index.html https://hub.optuna.org/samplers/grid_search/	https://www.ncbi.nlm.nih.gov/pmc/articles/PMC13142645/
statsmodels		used	https://www.statsmodels.org/stable/index.html	statsmodels were used for statistical testing https://hub.optuna.org/samplers/grid_search/ https://www.statsmodels.org/stable/index.html	https://www.ncbi.nlm.nih.gov/pmc/articles/PMC13142645/
					https://www.ncbi.nlm.nih.gov/pmc/articles/PMC11211489/
					https://www.ncbi.nlm.nih.gov/pmc/articles/PMC12239482/
					https://www.ncbi.nlm.nih.gov/pmc/articles/PMC11643367/
					https://www.ncbi.nlm.nih.gov/pmc/articles/PMC13024342/
					https://www.ncbi.nlm.nih.gov/pmc/articles/PMC12728257/
					https://www.ncbi.nlm.nih.gov/pmc/articles/PMC11279437/
					https://www.ncbi.nlm.nih.gov/pmc/articles/PMC6318591/
					https://www.ncbi.nlm.nih.gov/pmc/articles/PMC11032545/
					https://www.ncbi.nlm.nih.gov/pmc/articles/PMC12228458/
					https://www.ncbi.nlm.nih.gov/pmc/articles/PMC12835589/
					https://www.ncbi.nlm.nih.gov/pmc/articles/PMC11906402/
					https://www.ncbi.nlm.nih.gov/pmc/articles/PMC13392403/
					https://www.ncbi.nlm.nih.gov/pmc/articles/PMC11279978/
					https://www.ncbi.nlm.nih.gov/pmc/articles/PMC4838896/
					https://www.ncbi.nlm.nih.gov/pmc/articles/PMC12726817/
					https://www.ncbi.nlm.nih.gov/pmc/articles/PMC13271175/
					https://www.ncbi.nlm.nih.gov/pmc/articles/PMC13006776/
					https://www.ncbi.nlm.nih.gov/pmc/articles/PMC10939305/
					https://www.ncbi.nlm.nih.gov/pmc/articles/PMC13408304/
					https://www.ncbi.nlm.nih.gov/pmc/articles/PMC11609019/
					https://www.ncbi.nlm.nih.gov/pmc/articles/PMC12711570/
					https://www.ncbi.nlm.nih.gov/pmc/articles/PMC10449017/
					https://www.ncbi.nlm.nih.gov/pmc/articles/PMC10827668/
					https://www.ncbi.nlm.nih.gov/pmc/articles/PMC12497652/
					https://www.ncbi.nlm.nih.gov/pmc/articles/PMC10793412/
					https://www.ncbi.nlm.nih.gov/pmc/articles/PMC12939908/
					https://www.ncbi.nlm.nih.gov/pmc/articles/PMC11838693/
					https://www.ncbi.nlm.nih.gov/pmc/articles/PMC12269802/
					https://www.ncbi.nlm.nih.gov/pmc/articles/PMC12269863/
					https://www.ncbi.nlm.nih.gov/pmc/articles/PMC11715312/
					https://www.ncbi.nlm.nih.gov/pmc/articles/PMC12939542/
					https://www.ncbi.nlm.nih.gov/pmc/articles/PMC12676415/
					https://www.ncbi.nlm.nih.gov/pmc/articles/PMC12765576/
					https://www.ncbi.nlm.nih.gov/pmc/articles/PMC13109858/
					https://www.ncbi.nlm.nih.gov/pmc/articles/PMC13423144/
					https://www.ncbi.nlm.nih.gov/pmc/articles/PMC12726042/
					https://www.ncbi.nlm.nih.gov/pmc/articles/PMC13167858/
					https://www.ncbi.nlm.nih.gov/pmc/articles/PMC11413527/
					https://www.ncbi.nlm.nih.gov/pmc/articles/PMC10902297/
					https://www.ncbi.nlm.nih.gov/pmc/articles/PMC4053778/
					https://www.ncbi.nlm.nih.gov/pmc/articles/PMC10996194/
					https://www.ncbi.nlm.nih.gov/pmc/articles/PMC10954148/
					https://www.ncbi.nlm.nih.gov/pmc/articles/PMC12930104/
					https://www.ncbi.nlm.nih.gov/pmc/articles/PMC12413730/
					https://www.ncbi.nlm.nih.gov/pmc/articles/PMC12962591/
					https://www.ncbi.nlm.nih.gov/pmc/articles/PMC12172220/
					https://www.ncbi.nlm.nih.gov/pmc/articles/PMC13005544/
					https://www.ncbi.nlm.nih.gov/pmc/articles/PMC13198310/
					https://www.ncbi.nlm.nih.gov/pmc/articles/PMC11617396/
					https://www.ncbi.nlm.nih.gov/pmc/articles/PMC13142593/
					https://www.ncbi.nlm.nih.gov/pmc/articles/PMC11567813/
					https://www.ncbi.nlm.nih.gov/pmc/articles/PMC12089592/
					https://www.ncbi.nlm.nih.gov/pmc/articles/PMC11957018/
					https://www.ncbi.nlm.nih.gov/pmc/articles/PMC13174515/
					https://www.ncbi.nlm.nih.gov/pmc/articles/PMC11774717/
					https://www.ncbi.nlm.nih.gov/pmc/articles/PMC12998040/
					https://www.ncbi.nlm.nih.gov/pmc/articles/PMC13387818/
					https://www.ncbi.nlm.nih.gov/pmc/articles/PMC12353256/
					https://www.ncbi.nlm.nih.gov/pmc/articles/PMC12960212/
					https://www.ncbi.nlm.nih.gov/pmc/articles/PMC12080664/
					https://www.ncbi.nlm.nih.gov/pmc/articles/PMC12402417/
					https://www.ncbi.nlm.nih.gov/pmc/articles/PMC12749137/
					https://www.ncbi.nlm.nih.gov/pmc/articles/PMC13278957/
					https://www.ncbi.nlm.nih.gov/pmc/articles/PMC13206486/
					https://www.ncbi.nlm.nih.gov/pmc/articles/PMC12002640/
					https://www.ncbi.nlm.nih.gov/pmc/articles/PMC12764994/
					https://www.ncbi.nlm.nih.gov/pmc/articles/PMC6602064/
					https://www.ncbi.nlm.nih.gov/pmc/articles/PMC12365375/
					https://www.ncbi.nlm.nih.gov/pmc/articles/PMC12527935/
					https://www.ncbi.nlm.nih.gov/pmc/articles/PMC12730456/
					https://www.ncbi.nlm.nih.gov/pmc/articles/PMC12495755/
					https://www.ncbi.nlm.nih.gov/pmc/articles/PMC13426193/
					https://www.ncbi.nlm.nih.gov/pmc/articles/PMC11601380/
					https://www.ncbi.nlm.nih.gov/pmc/articles/PMC10563817/
					https://www.ncbi.nlm.nih.gov/pmc/articles/PMC12280708/
					https://www.ncbi.nlm.nih.gov/pmc/articles/PMC13415579/
					https://www.ncbi.nlm.nih.gov/pmc/articles/PMC12699851/
					https://www.ncbi.nlm.nih.gov/pmc/articles/PMC12680468/
					https://www.ncbi.nlm.nih.gov/pmc/articles/PMC12814941/
					https://www.ncbi.nlm.nih.gov/pmc/articles/PMC13110075/
					https://www.ncbi.nlm.nih.gov/pmc/articles/PMC12322342/
					https://www.ncbi.nlm.nih.gov/pmc/articles/PMC10849701/
					https://www.ncbi.nlm.nih.gov/pmc/articles/PMC11873822/
					https://www.ncbi.nlm.nih.gov/pmc/articles/PMC13391553/
					https://www.ncbi.nlm.nih.gov/pmc/articles/PMC12462569/
					https://www.ncbi.nlm.nih.gov/pmc/articles/PMC12146881/
					https://www.ncbi.nlm.nih.gov/pmc/articles/PMC11218415/
					https://www.ncbi.nlm.nih.gov/pmc/articles/PMC11874461/
					https://www.ncbi.nlm.nih.gov/pmc/articles/PMC12586192/
					https://www.ncbi.nlm.nih.gov/pmc/articles/PMC11010292/
					https://www.ncbi.nlm.nih.gov/pmc/articles/PMC13086547/
					https://www.ncbi.nlm.nih.gov/pmc/articles/PMC12871351/
					https://www.ncbi.nlm.nih.gov/pmc/articles/PMC13005437/
					https://www.ncbi.nlm.nih.gov/pmc/articles/PMC12413706/
					https://www.ncbi.nlm.nih.gov/pmc/articles/PMC7306889/
					https://www.ncbi.nlm.nih.gov/pmc/articles/PMC12288831/
					https://www.ncbi.nlm.nih.gov/pmc/articles/PMC12121193/
					https://www.ncbi.nlm.nih.gov/pmc/articles/PMC12633912/
fMRIPrep	v23.2.2	used	https://fmriprep.org/en/23.2.2/	Preprocessing pipelines relied exclusively on publicly available BIDS-Apps: functional MRI Preprocessing (fMRIPrep) (v23.2.2, https://fmriprep.org/en/23.2.2/)	https://www.ncbi.nlm.nih.gov/pmc/articles/PMC12632960/
XCP-D	v0.7.4	used	https://xcp-d.readthedocs.io/en/0.7.4/	Preprocessing pipelines relied exclusively on publicly available BIDS-Apps: functional MRI Preprocessing (fMRIPrep) (v23.2.2, https://fmriprep.org/en/23.2.2/), XCP-D (v0.7.4, https://xcp-d.readthedocs.io/en/0.7.4/)	https://www.ncbi.nlm.nih.gov/pmc/articles/PMC12632960/
MRIQC	v24.1.0	used	https://mriqc.readthedocs.io/en/latest/	Preprocessing pipelines relied exclusively on publicly available BIDS-Apps: functional MRI Preprocessing (fMRIPrep) (v23.2.2, https://fmriprep.org/en/23.2.2/), XCP-D (v0.7.4, https://xcp-d.readthedocs.io/en/0.7.4/), and MRIQC (v24.1.0, https://mriqc.readthedocs.io/en/latest/)	https://www.ncbi.nlm.nih.gov/pmc/articles/PMC12632960/
FSL	v7.3.2	used	https://fsl.fmrib.ox.ac.uk/fsl/docs/	Preprocessing pipelines relied exclusively on publicly available BIDS-Apps: functional MRI Preprocessing (fMRIPrep) (v23.2.2, https://fmriprep.org/en/23.2.2/), XCP-D (v0.7.4, https://xcp-d.readthedocs.io/en/0.7.4/), and MRIQC (v24.1.0, https://mriqc.readthedocs.io/en/latest/) or common neuroimaging tools as FSL (v7.3.2, https://fsl.fmrib.ox.ac.uk/fsl/docs/)	https://www.ncbi.nlm.nih.gov/pmc/articles/PMC12632960/
REACT		used	https://github.com/ottaviadipasquale/react-fmri	REACT was implemented with the open-source react-fmri package, available at https://github.com/ottaviadipasquale/react-fmri	https://www.ncbi.nlm.nih.gov/pmc/articles/PMC12632960/
SVR		used		Custom scripts for brain-age modeling (SVR) and feature harmonization with ComBat were written for local execution	https://www.ncbi.nlm.nih.gov/pmc/articles/PMC12632960/
ComBat		used		Custom scripts for brain-age modeling (SVR) and feature harmonization with ComBat were written for local execution	https://www.ncbi.nlm.nih.gov/pmc/articles/PMC12632960/
					https://www.ncbi.nlm.nih.gov/pmc/articles/PMC12725079/
					https://www.ncbi.nlm.nih.gov/pmc/articles/PMC12238228/
					https://www.ncbi.nlm.nih.gov/pmc/articles/PMC12634925/
					https://www.ncbi.nlm.nih.gov/pmc/articles/PMC12458493/
					https://www.ncbi.nlm.nih.gov/pmc/articles/PMC12981345/
					https://www.ncbi.nlm.nih.gov/pmc/articles/PMC11576384/
					https://www.ncbi.nlm.nih.gov/pmc/articles/PMC10515818/
					https://www.ncbi.nlm.nih.gov/pmc/articles/PMC13317900/
					https://www.ncbi.nlm.nih.gov/pmc/articles/PMC10796642/
					https://www.ncbi.nlm.nih.gov/pmc/articles/PMC4219118/
					https://www.ncbi.nlm.nih.gov/pmc/articles/PMC10950787/
					https://www.ncbi.nlm.nih.gov/pmc/articles/PMC11961208/
					https://www.ncbi.nlm.nih.gov/pmc/articles/PMC12914700/
					https://www.ncbi.nlm.nih.gov/pmc/articles/PMC12676564/
					https://www.ncbi.nlm.nih.gov/pmc/articles/PMC11801730/
					https://www.ncbi.nlm.nih.gov/pmc/articles/PMC11033981/
					https://www.ncbi.nlm.nih.gov/pmc/articles/PMC11040603/
					https://www.ncbi.nlm.nih.gov/pmc/articles/PMC13099961/
					https://www.ncbi.nlm.nih.gov/pmc/articles/PMC12682727/
					https://www.ncbi.nlm.nih.gov/pmc/articles/PMC11140654/
					https://www.ncbi.nlm.nih.gov/pmc/articles/PMC12404794/
					https://www.ncbi.nlm.nih.gov/pmc/articles/PMC12875040/
					https://www.ncbi.nlm.nih.gov/pmc/articles/PMC10773480/
					https://www.ncbi.nlm.nih.gov/pmc/articles/PMC11802669/
					https://www.ncbi.nlm.nih.gov/pmc/articles/PMC12593228/
					https://www.ncbi.nlm.nih.gov/pmc/articles/PMC13393250/
					https://www.ncbi.nlm.nih.gov/pmc/articles/PMC11781377/
					https://www.ncbi.nlm.nih.gov/pmc/articles/PMC13258416/
					https://www.ncbi.nlm.nih.gov/pmc/articles/PMC7016276/
					https://www.ncbi.nlm.nih.gov/pmc/articles/PMC12838311/
					https://www.ncbi.nlm.nih.gov/pmc/articles/PMC11437921/
					https://www.ncbi.nlm.nih.gov/pmc/articles/PMC12883339/
					https://www.ncbi.nlm.nih.gov/pmc/articles/PMC13053485/
					https://www.ncbi.nlm.nih.gov/pmc/articles/PMC12519338/
					https://www.ncbi.nlm.nih.gov/pmc/articles/PMC11106085/
					https://www.ncbi.nlm.nih.gov/pmc/articles/PMC10055252/
					https://www.ncbi.nlm.nih.gov/pmc/articles/PMC13282171/
					https://www.ncbi.nlm.nih.gov/pmc/articles/PMC10125794/
					https://www.ncbi.nlm.nih.gov/pmc/articles/PMC13184784/
					https://www.ncbi.nlm.nih.gov/pmc/articles/PMC12667751/
					https://www.ncbi.nlm.nih.gov/pmc/articles/PMC11774469/
					https://www.ncbi.nlm.nih.gov/pmc/articles/PMC11573927/
					https://www.ncbi.nlm.nih.gov/pmc/articles/PMC12647409/
					https://www.ncbi.nlm.nih.gov/pmc/articles/PMC10810435/
					https://www.ncbi.nlm.nih.gov/pmc/articles/PMC11347379/
					https://www.ncbi.nlm.nih.gov/pmc/articles/PMC12697532/
					https://www.ncbi.nlm.nih.gov/pmc/articles/PMC11223280/
					https://www.ncbi.nlm.nih.gov/pmc/articles/PMC12891405/
					https://www.ncbi.nlm.nih.gov/pmc/articles/PMC12682785/
					https://www.ncbi.nlm.nih.gov/pmc/articles/PMC11188091/
					https://www.ncbi.nlm.nih.gov/pmc/articles/PMC12529471/
					https://www.ncbi.nlm.nih.gov/pmc/articles/PMC5763665/
					https://www.ncbi.nlm.nih.gov/pmc/articles/PMC12723665/
					https://www.ncbi.nlm.nih.gov/pmc/articles/PMC13065238/
					https://www.ncbi.nlm.nih.gov/pmc/articles/PMC11243147/
					https://www.ncbi.nlm.nih.gov/pmc/articles/PMC12706009/
					https://www.ncbi.nlm.nih.gov/pmc/articles/PMC13407191/
					https://www.ncbi.nlm.nih.gov/pmc/articles/PMC13031912/
					https://www.ncbi.nlm.nih.gov/pmc/articles/PMC13376951/
					https://www.ncbi.nlm.nih.gov/pmc/articles/PMC12058994/
					https://www.ncbi.nlm.nih.gov/pmc/articles/PMC12752400/
					https://www.ncbi.nlm.nih.gov/pmc/articles/PMC12967666/
					https://www.ncbi.nlm.nih.gov/pmc/articles/PMC12007539/
					https://www.ncbi.nlm.nih.gov/pmc/articles/PMC12787306/
					https://www.ncbi.nlm.nih.gov/pmc/articles/PMC12702364/
					https://www.ncbi.nlm.nih.gov/pmc/articles/PMC11974741/
					https://www.ncbi.nlm.nih.gov/pmc/articles/PMC10990924/
					https://www.ncbi.nlm.nih.gov/pmc/articles/PMC13047925/
					https://www.ncbi.nlm.nih.gov/pmc/articles/PMC12599002/
					https://www.ncbi.nlm.nih.gov/pmc/articles/PMC13155375/
					https://www.ncbi.nlm.nih.gov/pmc/articles/PMC10987576/
					https://www.ncbi.nlm.nih.gov/pmc/articles/PMC11246552/
					https://www.ncbi.nlm.nih.gov/pmc/articles/PMC10868084/
					https://www.ncbi.nlm.nih.gov/pmc/articles/PMC10473157/
					https://www.ncbi.nlm.nih.gov/pmc/articles/PMC12901060/
					https://www.ncbi.nlm.nih.gov/pmc/articles/PMC12033308/
					https://www.ncbi.nlm.nih.gov/pmc/articles/PMC12796849/
					https://www.ncbi.nlm.nih.gov/pmc/articles/PMC3254635/
					https://www.ncbi.nlm.nih.gov/pmc/articles/PMC12581352/
					https://www.ncbi.nlm.nih.gov/pmc/articles/PMC12657744/
					https://www.ncbi.nlm.nih.gov/pmc/articles/PMC12726476/
					https://www.ncbi.nlm.nih.gov/pmc/articles/PMC11368625/
					https://www.ncbi.nlm.nih.gov/pmc/articles/PMC12047959/
					https://www.ncbi.nlm.nih.gov/pmc/articles/PMC12519626/
					https://www.ncbi.nlm.nih.gov/pmc/articles/PMC13052195/
					https://www.ncbi.nlm.nih.gov/pmc/articles/PMC13050074/
					https://www.ncbi.nlm.nih.gov/pmc/articles/PMC12725624/
					https://www.ncbi.nlm.nih.gov/pmc/articles/PMC12519838/
					https://www.ncbi.nlm.nih.gov/pmc/articles/PMC11599326/
					https://www.ncbi.nlm.nih.gov/pmc/articles/PMC12815610/
					https://www.ncbi.nlm.nih.gov/pmc/articles/PMC9882142/
					https://www.ncbi.nlm.nih.gov/pmc/articles/PMC6305300/
					https://www.ncbi.nlm.nih.gov/pmc/articles/PMC12427131/
					https://www.ncbi.nlm.nih.gov/pmc/articles/PMC10966039/
					https://www.ncbi.nlm.nih.gov/pmc/articles/PMC11086901/
					https://www.ncbi.nlm.nih.gov/pmc/articles/PMC11244744/
					https://www.ncbi.nlm.nih.gov/pmc/articles/PMC13471628/
					https://www.ncbi.nlm.nih.gov/pmc/articles/PMC12739443/
					https://www.ncbi.nlm.nih.gov/pmc/articles/PMC12542096/
					https://www.ncbi.nlm.nih.gov/pmc/articles/PMC11952530/
					https://www.ncbi.nlm.nih.gov/pmc/articles/PMC10644649/
GITIII		created	https://github.com/lugia-xiao/GITIII	GITIII is implemented in Python using PyTorch. The code and tutorial are available via GitHub at https://github.com/lugia-xiao/GITIII and via Zenodo at https://doi.org/10.5281/zenodo.17476318	https://www.ncbi.nlm.nih.gov/pmc/articles/PMC13417919/
PyTorch		used		GITIII is implemented in Python using PyTorch.	https://www.ncbi.nlm.nih.gov/pmc/articles/PMC13417919/
					https://www.ncbi.nlm.nih.gov/pmc/articles/PMC12411595/
					https://www.ncbi.nlm.nih.gov/pmc/articles/PMC13067842/
					https://www.ncbi.nlm.nih.gov/pmc/articles/PMC12027385/
					https://www.ncbi.nlm.nih.gov/pmc/articles/PMC13215636/
					https://www.ncbi.nlm.nih.gov/pmc/articles/PMC12320013/
					https://www.ncbi.nlm.nih.gov/pmc/articles/PMC11485838/
					https://www.ncbi.nlm.nih.gov/pmc/articles/PMC12700384/
					https://www.ncbi.nlm.nih.gov/pmc/articles/PMC13191186/
					https://www.ncbi.nlm.nih.gov/pmc/articles/PMC7608683/
					https://www.ncbi.nlm.nih.gov/pmc/articles/PMC12831136/
					https://www.ncbi.nlm.nih.gov/pmc/articles/PMC12381041/
					https://www.ncbi.nlm.nih.gov/pmc/articles/PMC10928117/
					https://www.ncbi.nlm.nih.gov/pmc/articles/PMC11091598/
					https://www.ncbi.nlm.nih.gov/pmc/articles/PMC12935771/
					https://www.ncbi.nlm.nih.gov/pmc/articles/PMC13061643/
					https://www.ncbi.nlm.nih.gov/pmc/articles/PMC12906058/
					https://www.ncbi.nlm.nih.gov/pmc/articles/PMC13142354/
					https://www.ncbi.nlm.nih.gov/pmc/articles/PMC13109229/
					https://www.ncbi.nlm.nih.gov/pmc/articles/PMC12480501/
					https://www.ncbi.nlm.nih.gov/pmc/articles/PMC11446720/
					https://www.ncbi.nlm.nih.gov/pmc/articles/PMC10526238/
					https://www.ncbi.nlm.nih.gov/pmc/articles/PMC11285540/
scMultiMap		created	https://github.com/ChangSuBiostats/scMultiMap	The R package that implements scMultiMap is available on Github: https://github.com/ChangSuBiostats/scMultiMap	https://www.ncbi.nlm.nih.gov/pmc/articles/PMC11463474/
					https://www.ncbi.nlm.nih.gov/pmc/articles/PMC11117736/
					https://www.ncbi.nlm.nih.gov/pmc/articles/PMC13431775/
					https://www.ncbi.nlm.nih.gov/pmc/articles/PMC11848394/
					https://www.ncbi.nlm.nih.gov/pmc/articles/PMC13075585/
					https://www.ncbi.nlm.nih.gov/pmc/articles/PMC12289924/
					https://www.ncbi.nlm.nih.gov/pmc/articles/PMC12424969/
					https://www.ncbi.nlm.nih.gov/pmc/articles/PMC11023937/
					https://www.ncbi.nlm.nih.gov/pmc/articles/PMC13244983/
					https://www.ncbi.nlm.nih.gov/pmc/articles/PMC12551361/
					https://www.ncbi.nlm.nih.gov/pmc/articles/PMC11282088/
					https://www.ncbi.nlm.nih.gov/pmc/articles/PMC11191441/
BADGERS		created	https://github.com/qlu-lab/BADGERS	The BADGERS software is freely available at https://github.com/qlu-lab/BADGERS, copy archived at https://github.com/qlu-lab/BADGERS qlu-lab, 2024.	https://www.ncbi.nlm.nih.gov/pmc/articles/PMC11126309/
					https://www.ncbi.nlm.nih.gov/pmc/articles/PMC11187968/
					https://www.ncbi.nlm.nih.gov/pmc/articles/PMC11202180/
					https://www.ncbi.nlm.nih.gov/pmc/articles/PMC12623145/
					https://www.ncbi.nlm.nih.gov/pmc/articles/PMC4719699/
					https://www.ncbi.nlm.nih.gov/pmc/articles/PMC11807958/
					https://www.ncbi.nlm.nih.gov/pmc/articles/PMC12413721/
					https://www.ncbi.nlm.nih.gov/pmc/articles/PMC12697720/
					https://www.ncbi.nlm.nih.gov/pmc/articles/PMC11526665/
					https://www.ncbi.nlm.nih.gov/pmc/articles/PMC12511146/
					https://www.ncbi.nlm.nih.gov/pmc/articles/PMC13400077/
					https://www.ncbi.nlm.nih.gov/pmc/articles/PMC12372474/
					https://www.ncbi.nlm.nih.gov/pmc/articles/PMC12902886/
					https://www.ncbi.nlm.nih.gov/pmc/articles/PMC11067447/
					https://www.ncbi.nlm.nih.gov/pmc/articles/PMC13201607/
					https://www.ncbi.nlm.nih.gov/pmc/articles/PMC11475635/
					https://www.ncbi.nlm.nih.gov/pmc/articles/PMC12184385/
					https://www.ncbi.nlm.nih.gov/pmc/articles/PMC12327084/
					https://www.ncbi.nlm.nih.gov/pmc/articles/PMC13082073/
					https://www.ncbi.nlm.nih.gov/pmc/articles/PMC12802226/
					https://www.ncbi.nlm.nih.gov/pmc/articles/PMC12273840/
					https://www.ncbi.nlm.nih.gov/pmc/articles/PMC11485264/
					https://www.ncbi.nlm.nih.gov/pmc/articles/PMC12236881/
					https://www.ncbi.nlm.nih.gov/pmc/articles/PMC12235752/
					https://www.ncbi.nlm.nih.gov/pmc/articles/PMC12502400/
					https://www.ncbi.nlm.nih.gov/pmc/articles/PMC10545498/
					https://www.ncbi.nlm.nih.gov/pmc/articles/PMC12639406/
					https://www.ncbi.nlm.nih.gov/pmc/articles/PMC12273372/
					https://www.ncbi.nlm.nih.gov/pmc/articles/PMC12951949/
					https://www.ncbi.nlm.nih.gov/pmc/articles/PMC13330211/
					https://www.ncbi.nlm.nih.gov/pmc/articles/PMC12152538/
					https://www.ncbi.nlm.nih.gov/pmc/articles/PMC12429504/
					https://www.ncbi.nlm.nih.gov/pmc/articles/PMC11430725/
					https://www.ncbi.nlm.nih.gov/pmc/articles/PMC10887205/
					https://www.ncbi.nlm.nih.gov/pmc/articles/PMC11816965/
					https://www.ncbi.nlm.nih.gov/pmc/articles/PMC12710524/
					https://www.ncbi.nlm.nih.gov/pmc/articles/PMC11092806/
					https://www.ncbi.nlm.nih.gov/pmc/articles/PMC10917043/
					https://www.ncbi.nlm.nih.gov/pmc/articles/PMC12344633/
					https://www.ncbi.nlm.nih.gov/pmc/articles/PMC10688099/
					https://www.ncbi.nlm.nih.gov/pmc/articles/PMC10611796/
					https://www.ncbi.nlm.nih.gov/pmc/articles/PMC12760973/
					https://www.ncbi.nlm.nih.gov/pmc/articles/PMC12312309/
					https://www.ncbi.nlm.nih.gov/pmc/articles/PMC13228798/
scvi-tools		used		In the future, the code is planned to be made available on the scvi-tools, with proper documentation, and tutorials.	https://www.ncbi.nlm.nih.gov/pmc/articles/PMC13131499/
					https://www.ncbi.nlm.nih.gov/pmc/articles/PMC12913217/
					https://www.ncbi.nlm.nih.gov/pmc/articles/PMC13060429/
					https://www.ncbi.nlm.nih.gov/pmc/articles/PMC12034936/
					https://www.ncbi.nlm.nih.gov/pmc/articles/PMC13479450/
					https://www.ncbi.nlm.nih.gov/pmc/articles/PMC10827238/
					https://www.ncbi.nlm.nih.gov/pmc/articles/PMC12772032/
					https://www.ncbi.nlm.nih.gov/pmc/articles/PMC12786469/
					https://www.ncbi.nlm.nih.gov/pmc/articles/PMC11919552/
					https://www.ncbi.nlm.nih.gov/pmc/articles/PMC12458141/
					https://www.ncbi.nlm.nih.gov/pmc/articles/PMC11111894/
					https://www.ncbi.nlm.nih.gov/pmc/articles/PMC11383468/
					https://www.ncbi.nlm.nih.gov/pmc/articles/PMC11904738/
					https://www.ncbi.nlm.nih.gov/pmc/articles/PMC12870635/
					https://www.ncbi.nlm.nih.gov/pmc/articles/PMC11068506/
					https://www.ncbi.nlm.nih.gov/pmc/articles/PMC12504527/
					https://www.ncbi.nlm.nih.gov/pmc/articles/PMC10491684/
					https://www.ncbi.nlm.nih.gov/pmc/articles/PMC11487563/
					https://www.ncbi.nlm.nih.gov/pmc/articles/PMC7238737/
					https://www.ncbi.nlm.nih.gov/pmc/articles/PMC13290681/
					https://www.ncbi.nlm.nih.gov/pmc/articles/PMC10621165/
					https://www.ncbi.nlm.nih.gov/pmc/articles/PMC11157888/
					https://www.ncbi.nlm.nih.gov/pmc/articles/PMC12759047/
					https://www.ncbi.nlm.nih.gov/pmc/articles/PMC12259125/
					https://www.ncbi.nlm.nih.gov/pmc/articles/PMC11065037/
					https://www.ncbi.nlm.nih.gov/pmc/articles/PMC12132743/
					https://www.ncbi.nlm.nih.gov/pmc/articles/PMC12528269/
					https://www.ncbi.nlm.nih.gov/pmc/articles/PMC11338834/
					https://www.ncbi.nlm.nih.gov/pmc/articles/PMC12176611/
					https://www.ncbi.nlm.nih.gov/pmc/articles/PMC11957198/
					https://www.ncbi.nlm.nih.gov/pmc/articles/PMC12319834/
					https://www.ncbi.nlm.nih.gov/pmc/articles/PMC12718619/
					https://www.ncbi.nlm.nih.gov/pmc/articles/PMC12313345/
					https://www.ncbi.nlm.nih.gov/pmc/articles/PMC10447532/
					https://www.ncbi.nlm.nih.gov/pmc/articles/PMC12373561/
					https://www.ncbi.nlm.nih.gov/pmc/articles/PMC12384879/
					https://www.ncbi.nlm.nih.gov/pmc/articles/PMC12049476/
					https://www.ncbi.nlm.nih.gov/pmc/articles/PMC12994178/
					https://www.ncbi.nlm.nih.gov/pmc/articles/PMC12428020/
					https://www.ncbi.nlm.nih.gov/pmc/articles/PMC12627890/
					https://www.ncbi.nlm.nih.gov/pmc/articles/PMC12019638/
					https://www.ncbi.nlm.nih.gov/pmc/articles/PMC13440889/
					https://www.ncbi.nlm.nih.gov/pmc/articles/PMC10571258/
					https://www.ncbi.nlm.nih.gov/pmc/articles/PMC12425806/
					https://www.ncbi.nlm.nih.gov/pmc/articles/PMC11251480/
					https://www.ncbi.nlm.nih.gov/pmc/articles/PMC12227895/
					https://www.ncbi.nlm.nih.gov/pmc/articles/PMC11701334/
					https://www.ncbi.nlm.nih.gov/pmc/articles/PMC12125642/
					https://www.ncbi.nlm.nih.gov/pmc/articles/PMC13232456/
					https://www.ncbi.nlm.nih.gov/pmc/articles/PMC4048583/
					https://www.ncbi.nlm.nih.gov/pmc/articles/PMC11466430/
					https://www.ncbi.nlm.nih.gov/pmc/articles/PMC12277239/
					https://www.ncbi.nlm.nih.gov/pmc/articles/PMC12429904/
					https://www.ncbi.nlm.nih.gov/pmc/articles/PMC12990089/
					https://www.ncbi.nlm.nih.gov/pmc/articles/PMC6839598/
					https://www.ncbi.nlm.nih.gov/pmc/articles/PMC11848341/
					https://www.ncbi.nlm.nih.gov/pmc/articles/PMC11210022/
					https://www.ncbi.nlm.nih.gov/pmc/articles/PMC11931896/
					https://www.ncbi.nlm.nih.gov/pmc/articles/PMC13376791/
					https://www.ncbi.nlm.nih.gov/pmc/articles/PMC10659522/
					https://www.ncbi.nlm.nih.gov/pmc/articles/PMC11449798/
					https://www.ncbi.nlm.nih.gov/pmc/articles/PMC13425996/
					https://www.ncbi.nlm.nih.gov/pmc/articles/PMC13289082/
					https://www.ncbi.nlm.nih.gov/pmc/articles/PMC13255361/
					https://www.ncbi.nlm.nih.gov/pmc/articles/PMC9723139/
					https://www.ncbi.nlm.nih.gov/pmc/articles/PMC12738202/
					https://www.ncbi.nlm.nih.gov/pmc/articles/PMC12046445/
					https://www.ncbi.nlm.nih.gov/pmc/articles/PMC11181940/
					https://www.ncbi.nlm.nih.gov/pmc/articles/PMC11957132/
					https://www.ncbi.nlm.nih.gov/pmc/articles/PMC13034595/
					https://www.ncbi.nlm.nih.gov/pmc/articles/PMC12012406/
					https://www.ncbi.nlm.nih.gov/pmc/articles/PMC12137833/
					https://www.ncbi.nlm.nih.gov/pmc/articles/PMC12602357/
					https://www.ncbi.nlm.nih.gov/pmc/articles/PMC11190273/
					https://www.ncbi.nlm.nih.gov/pmc/articles/PMC12214573/
					https://www.ncbi.nlm.nih.gov/pmc/articles/PMC12736904/
					https://www.ncbi.nlm.nih.gov/pmc/articles/PMC12138277/
					https://www.ncbi.nlm.nih.gov/pmc/articles/PMC12734640/
					https://www.ncbi.nlm.nih.gov/pmc/articles/PMC12143471/
					https://www.ncbi.nlm.nih.gov/pmc/articles/PMC12086794/
					https://www.ncbi.nlm.nih.gov/pmc/articles/PMC13017203/
					https://www.ncbi.nlm.nih.gov/pmc/articles/PMC11705786/
					https://www.ncbi.nlm.nih.gov/pmc/articles/PMC12164101/
					https://www.ncbi.nlm.nih.gov/pmc/articles/PMC13434971/
ESM-2	esm2_t6_8M_UR50D	used	https://huggingface.co/facebook/esm2_t6_8M_UR50D	Every sequence was passed through the pretrained ESM-2 transformer (esm2_t6_8M_UR50D, 8 M parameters, available from https://huggingface.co/facebook/esm2_t6_8M_UR50D ).	https://www.ncbi.nlm.nih.gov/pmc/articles/PMC12424641/
					https://www.ncbi.nlm.nih.gov/pmc/articles/PMC11581101/
					https://www.ncbi.nlm.nih.gov/pmc/articles/PMC12185784/
					https://www.ncbi.nlm.nih.gov/pmc/articles/PMC13076725/
					https://www.ncbi.nlm.nih.gov/pmc/articles/PMC12037668/
					https://www.ncbi.nlm.nih.gov/pmc/articles/PMC13391546/
					https://www.ncbi.nlm.nih.gov/pmc/articles/PMC12741249/
					https://www.ncbi.nlm.nih.gov/pmc/articles/PMC12207803/
					https://www.ncbi.nlm.nih.gov/pmc/articles/PMC12771502/
					https://www.ncbi.nlm.nih.gov/pmc/articles/PMC13235940/
					https://www.ncbi.nlm.nih.gov/pmc/articles/PMC12433759/
					https://www.ncbi.nlm.nih.gov/pmc/articles/PMC12019628/
					https://www.ncbi.nlm.nih.gov/pmc/articles/PMC12274917/
					https://www.ncbi.nlm.nih.gov/pmc/articles/PMC12870685/
					https://www.ncbi.nlm.nih.gov/pmc/articles/PMC11174347/
					https://www.ncbi.nlm.nih.gov/pmc/articles/PMC11550224/
					https://www.ncbi.nlm.nih.gov/pmc/articles/PMC12366739/
					https://www.ncbi.nlm.nih.gov/pmc/articles/PMC10585856/
					https://www.ncbi.nlm.nih.gov/pmc/articles/PMC13353907/
					https://www.ncbi.nlm.nih.gov/pmc/articles/PMC12605658/
					https://www.ncbi.nlm.nih.gov/pmc/articles/PMC12507412/
					https://www.ncbi.nlm.nih.gov/pmc/articles/PMC3525981/
					https://www.ncbi.nlm.nih.gov/pmc/articles/PMC12738443/
					https://www.ncbi.nlm.nih.gov/pmc/articles/PMC10925257/
					https://www.ncbi.nlm.nih.gov/pmc/articles/PMC13022452/
					https://www.ncbi.nlm.nih.gov/pmc/articles/PMC13264904/
					https://www.ncbi.nlm.nih.gov/pmc/articles/PMC13277888/
					https://www.ncbi.nlm.nih.gov/pmc/articles/PMC10921410/
					https://www.ncbi.nlm.nih.gov/pmc/articles/PMC11334906/
					https://www.ncbi.nlm.nih.gov/pmc/articles/PMC12409207/
					https://www.ncbi.nlm.nih.gov/pmc/articles/PMC12061851/
					https://www.ncbi.nlm.nih.gov/pmc/articles/PMC10533692/
					https://www.ncbi.nlm.nih.gov/pmc/articles/PMC13419613/
					https://www.ncbi.nlm.nih.gov/pmc/articles/PMC12159767/
					https://www.ncbi.nlm.nih.gov/pmc/articles/PMC12501335/
					https://www.ncbi.nlm.nih.gov/pmc/articles/PMC12971478/
					https://www.ncbi.nlm.nih.gov/pmc/articles/PMC11118442/
					https://www.ncbi.nlm.nih.gov/pmc/articles/PMC13390216/
					https://www.ncbi.nlm.nih.gov/pmc/articles/PMC11350055/
					https://www.ncbi.nlm.nih.gov/pmc/articles/PMC13412404/
					https://www.ncbi.nlm.nih.gov/pmc/articles/PMC10156145/
					https://www.ncbi.nlm.nih.gov/pmc/articles/PMC12232211/
					https://www.ncbi.nlm.nih.gov/pmc/articles/PMC12573303/
					https://www.ncbi.nlm.nih.gov/pmc/articles/PMC12972438/
					https://www.ncbi.nlm.nih.gov/pmc/articles/PMC12412752/
					https://www.ncbi.nlm.nih.gov/pmc/articles/PMC12316768/
					https://www.ncbi.nlm.nih.gov/pmc/articles/PMC13418519/
					https://www.ncbi.nlm.nih.gov/pmc/articles/PMC12988892/
					https://www.ncbi.nlm.nih.gov/pmc/articles/PMC10630258/
					https://www.ncbi.nlm.nih.gov/pmc/articles/PMC13131541/
					https://www.ncbi.nlm.nih.gov/pmc/articles/PMC6389743/
					https://www.ncbi.nlm.nih.gov/pmc/articles/PMC12739071/
					https://www.ncbi.nlm.nih.gov/pmc/articles/PMC13125693/
					https://www.ncbi.nlm.nih.gov/pmc/articles/PMC11751028/
					https://www.ncbi.nlm.nih.gov/pmc/articles/PMC12176510/
					https://www.ncbi.nlm.nih.gov/pmc/articles/PMC12857157/
					https://www.ncbi.nlm.nih.gov/pmc/articles/PMC13227254/
					https://www.ncbi.nlm.nih.gov/pmc/articles/PMC12204304/
					https://www.ncbi.nlm.nih.gov/pmc/articles/PMC11410878/
					https://www.ncbi.nlm.nih.gov/pmc/articles/PMC13144513/
					https://www.ncbi.nlm.nih.gov/pmc/articles/PMC12724393/
					https://www.ncbi.nlm.nih.gov/pmc/articles/PMC9838702/
					https://www.ncbi.nlm.nih.gov/pmc/articles/PMC12473364/
					https://www.ncbi.nlm.nih.gov/pmc/articles/PMC12154050/
					https://www.ncbi.nlm.nih.gov/pmc/articles/PMC12319731/
					https://www.ncbi.nlm.nih.gov/pmc/articles/PMC12677100/
					https://www.ncbi.nlm.nih.gov/pmc/articles/PMC12802064/
					https://www.ncbi.nlm.nih.gov/pmc/articles/PMC13253575/
					https://www.ncbi.nlm.nih.gov/pmc/articles/PMC13441295/
					https://www.ncbi.nlm.nih.gov/pmc/articles/PMC11469979/
					https://www.ncbi.nlm.nih.gov/pmc/articles/PMC5223666/
					https://www.ncbi.nlm.nih.gov/pmc/articles/PMC11809281/
					https://www.ncbi.nlm.nih.gov/pmc/articles/PMC11032574/
					https://www.ncbi.nlm.nih.gov/pmc/articles/PMC13347542/
					https://www.ncbi.nlm.nih.gov/pmc/articles/PMC11709581/
					https://www.ncbi.nlm.nih.gov/pmc/articles/PMC12293057/
					https://www.ncbi.nlm.nih.gov/pmc/articles/PMC11020392/
					https://www.ncbi.nlm.nih.gov/pmc/articles/PMC12336083/
					https://www.ncbi.nlm.nih.gov/pmc/articles/PMC12779712/
					https://www.ncbi.nlm.nih.gov/pmc/articles/PMC13015141/
					https://www.ncbi.nlm.nih.gov/pmc/articles/PMC10578107/
					https://www.ncbi.nlm.nih.gov/pmc/articles/PMC13384667/
					https://www.ncbi.nlm.nih.gov/pmc/articles/PMC12177682/
					https://www.ncbi.nlm.nih.gov/pmc/articles/PMC10236843/
					https://www.ncbi.nlm.nih.gov/pmc/articles/PMC12647875/
					https://www.ncbi.nlm.nih.gov/pmc/articles/PMC12784220/
					https://www.ncbi.nlm.nih.gov/pmc/articles/PMC13374421/
					https://www.ncbi.nlm.nih.gov/pmc/articles/PMC13338887/
					https://www.ncbi.nlm.nih.gov/pmc/articles/PMC11667348/
					https://www.ncbi.nlm.nih.gov/pmc/articles/PMC12947498/
					https://www.ncbi.nlm.nih.gov/pmc/articles/PMC12739911/
					https://www.ncbi.nlm.nih.gov/pmc/articles/PMC12782479/
					https://www.ncbi.nlm.nih.gov/pmc/articles/PMC12776420/
					https://www.ncbi.nlm.nih.gov/pmc/articles/PMC12710417/
					https://www.ncbi.nlm.nih.gov/pmc/articles/PMC12725820/
					https://www.ncbi.nlm.nih.gov/pmc/articles/PMC11164776/
					https://www.ncbi.nlm.nih.gov/pmc/articles/PMC12822789/
					https://www.ncbi.nlm.nih.gov/pmc/articles/PMC12902892/
					https://www.ncbi.nlm.nih.gov/pmc/articles/PMC13181035/
					https://www.ncbi.nlm.nih.gov/pmc/articles/PMC12322414/
					https://www.ncbi.nlm.nih.gov/pmc/articles/PMC11673071/
					https://www.ncbi.nlm.nih.gov/pmc/articles/PMC12272233/
					https://www.ncbi.nlm.nih.gov/pmc/articles/PMC13391363/
					https://www.ncbi.nlm.nih.gov/pmc/articles/PMC12226060/
					https://www.ncbi.nlm.nih.gov/pmc/articles/PMC11851317/
					https://www.ncbi.nlm.nih.gov/pmc/articles/PMC13015329/
					https://www.ncbi.nlm.nih.gov/pmc/articles/PMC13424521/
					https://www.ncbi.nlm.nih.gov/pmc/articles/PMC13352785/
					https://www.ncbi.nlm.nih.gov/pmc/articles/PMC10925185/
					https://www.ncbi.nlm.nih.gov/pmc/articles/PMC11541067/
ENIGMA MEG Pipeline		used	https://github.com/nih-megcore/enigma_MEG	Initial data processing was performed using the ENIGMA MEG Pipeline, available at https://github.com/nih-megcore/enigma_MEG	https://www.ncbi.nlm.nih.gov/pmc/articles/PMC12820802/
GAM-ComBat		used		Implementation of GAM-ComBat alone for data processed using the ENIGMA MEG Pipeline is available in the enigma_MEG github repository as enigma_harmonize.py.	https://www.ncbi.nlm.nih.gov/pmc/articles/PMC12820802/
					https://www.ncbi.nlm.nih.gov/pmc/articles/PMC11704386/
					https://www.ncbi.nlm.nih.gov/pmc/articles/PMC10994869/
					https://www.ncbi.nlm.nih.gov/pmc/articles/PMC12080058/
					https://www.ncbi.nlm.nih.gov/pmc/articles/PMC10561880/
					https://www.ncbi.nlm.nih.gov/pmc/articles/PMC12036470/
					https://www.ncbi.nlm.nih.gov/pmc/articles/PMC12128849/
					https://www.ncbi.nlm.nih.gov/pmc/articles/PMC12735620/
					https://www.ncbi.nlm.nih.gov/pmc/articles/PMC12638625/
					https://www.ncbi.nlm.nih.gov/pmc/articles/PMC12827419/
					https://www.ncbi.nlm.nih.gov/pmc/articles/PMC12633620/
					https://www.ncbi.nlm.nih.gov/pmc/articles/PMC13220363/
					https://www.ncbi.nlm.nih.gov/pmc/articles/PMC12332171/
					https://www.ncbi.nlm.nih.gov/pmc/articles/PMC12276075/
					https://www.ncbi.nlm.nih.gov/pmc/articles/PMC11101466/
					https://www.ncbi.nlm.nih.gov/pmc/articles/PMC12972389/
					https://www.ncbi.nlm.nih.gov/pmc/articles/PMC12715707/
					https://www.ncbi.nlm.nih.gov/pmc/articles/PMC12971484/
					https://www.ncbi.nlm.nih.gov/pmc/articles/PMC13321239/
					https://www.ncbi.nlm.nih.gov/pmc/articles/PMC12852145/
					https://www.ncbi.nlm.nih.gov/pmc/articles/PMC13399194/
					https://www.ncbi.nlm.nih.gov/pmc/articles/PMC12441736/
					https://www.ncbi.nlm.nih.gov/pmc/articles/PMC12024613/
					https://www.ncbi.nlm.nih.gov/pmc/articles/PMC11023756/
					https://www.ncbi.nlm.nih.gov/pmc/articles/PMC12263931/
					https://www.ncbi.nlm.nih.gov/pmc/articles/PMC12727707/
					https://www.ncbi.nlm.nih.gov/pmc/articles/PMC12725157/
					https://www.ncbi.nlm.nih.gov/pmc/articles/PMC12679367/
					https://www.ncbi.nlm.nih.gov/pmc/articles/PMC13214574/
					https://www.ncbi.nlm.nih.gov/pmc/articles/PMC11175473/
					https://www.ncbi.nlm.nih.gov/pmc/articles/PMC11309915/
					https://www.ncbi.nlm.nih.gov/pmc/articles/PMC13008599/
					https://www.ncbi.nlm.nih.gov/pmc/articles/PMC12173653/
					https://www.ncbi.nlm.nih.gov/pmc/articles/PMC12819345/
					https://www.ncbi.nlm.nih.gov/pmc/articles/PMC11853524/
					https://www.ncbi.nlm.nih.gov/pmc/articles/PMC12128147/
					https://www.ncbi.nlm.nih.gov/pmc/articles/PMC12324942/
					https://www.ncbi.nlm.nih.gov/pmc/articles/PMC11594410/
					https://www.ncbi.nlm.nih.gov/pmc/articles/PMC12805979/
					https://www.ncbi.nlm.nih.gov/pmc/articles/PMC12728465/
					https://www.ncbi.nlm.nih.gov/pmc/articles/PMC10827166/
					https://www.ncbi.nlm.nih.gov/pmc/articles/PMC11609293/
					https://www.ncbi.nlm.nih.gov/pmc/articles/PMC12633129/
					https://www.ncbi.nlm.nih.gov/pmc/articles/PMC11974870/
					https://www.ncbi.nlm.nih.gov/pmc/articles/PMC12330839/
					https://www.ncbi.nlm.nih.gov/pmc/articles/PMC11181677/
					https://www.ncbi.nlm.nih.gov/pmc/articles/PMC12729467/
					https://www.ncbi.nlm.nih.gov/pmc/articles/PMC10715333/
					https://www.ncbi.nlm.nih.gov/pmc/articles/PMC10945294/
					https://www.ncbi.nlm.nih.gov/pmc/articles/PMC12319237/
					https://www.ncbi.nlm.nih.gov/pmc/articles/PMC12873302/
					https://www.ncbi.nlm.nih.gov/pmc/articles/PMC12502172/
					https://www.ncbi.nlm.nih.gov/pmc/articles/PMC12911177/
					https://www.ncbi.nlm.nih.gov/pmc/articles/PMC12485981/
					https://www.ncbi.nlm.nih.gov/pmc/articles/PMC11995273/
					https://www.ncbi.nlm.nih.gov/pmc/articles/PMC13322988/
					https://www.ncbi.nlm.nih.gov/pmc/articles/PMC8016695/
					https://www.ncbi.nlm.nih.gov/pmc/articles/PMC13163935/
					https://www.ncbi.nlm.nih.gov/pmc/articles/PMC13375651/
					https://www.ncbi.nlm.nih.gov/pmc/articles/PMC13008333/
					https://www.ncbi.nlm.nih.gov/pmc/articles/PMC11959111/
					https://www.ncbi.nlm.nih.gov/pmc/articles/PMC11795582/
					https://www.ncbi.nlm.nih.gov/pmc/articles/PMC11838645/
					https://www.ncbi.nlm.nih.gov/pmc/articles/PMC12692637/
					https://www.ncbi.nlm.nih.gov/pmc/articles/PMC13057247/
					https://www.ncbi.nlm.nih.gov/pmc/articles/PMC10647008/
					https://www.ncbi.nlm.nih.gov/pmc/articles/PMC12092710/
					https://www.ncbi.nlm.nih.gov/pmc/articles/PMC11743989/
					https://www.ncbi.nlm.nih.gov/pmc/articles/PMC13341156/
					https://www.ncbi.nlm.nih.gov/pmc/articles/PMC10954130/
					https://www.ncbi.nlm.nih.gov/pmc/articles/PMC12183962/
					https://www.ncbi.nlm.nih.gov/pmc/articles/PMC13066465/
					https://www.ncbi.nlm.nih.gov/pmc/articles/PMC12746590/
					https://www.ncbi.nlm.nih.gov/pmc/articles/PMC11249972/
					https://www.ncbi.nlm.nih.gov/pmc/articles/PMC13131923/
					https://www.ncbi.nlm.nih.gov/pmc/articles/PMC13102949/
					https://www.ncbi.nlm.nih.gov/pmc/articles/PMC11892677/
					https://www.ncbi.nlm.nih.gov/pmc/articles/PMC12988147/
					https://www.ncbi.nlm.nih.gov/pmc/articles/PMC13388928/
					https://www.ncbi.nlm.nih.gov/pmc/articles/PMC13099805/
					https://www.ncbi.nlm.nih.gov/pmc/articles/PMC9907029/
					https://www.ncbi.nlm.nih.gov/pmc/articles/PMC13419185/
					https://www.ncbi.nlm.nih.gov/pmc/articles/PMC12888805/
					https://www.ncbi.nlm.nih.gov/pmc/articles/PMC12480457/
					https://www.ncbi.nlm.nih.gov/pmc/articles/PMC10610913/
					https://www.ncbi.nlm.nih.gov/pmc/articles/PMC12997908/
					https://www.ncbi.nlm.nih.gov/pmc/articles/PMC12824624/
					https://www.ncbi.nlm.nih.gov/pmc/articles/PMC11601697/
					https://www.ncbi.nlm.nih.gov/pmc/articles/PMC10478491/
					https://www.ncbi.nlm.nih.gov/pmc/articles/PMC12947332/
					https://www.ncbi.nlm.nih.gov/pmc/articles/PMC13397582/
					https://www.ncbi.nlm.nih.gov/pmc/articles/PMC13015666/
					https://www.ncbi.nlm.nih.gov/pmc/articles/PMC11420443/
					https://www.ncbi.nlm.nih.gov/pmc/articles/PMC12704626/
					https://www.ncbi.nlm.nih.gov/pmc/articles/PMC13408020/
					https://www.ncbi.nlm.nih.gov/pmc/articles/PMC11365911/
					https://www.ncbi.nlm.nih.gov/pmc/articles/PMC12598755/
					https://www.ncbi.nlm.nih.gov/pmc/articles/PMC11851321/
					https://www.ncbi.nlm.nih.gov/pmc/articles/PMC12945700/
					https://www.ncbi.nlm.nih.gov/pmc/articles/PMC12256813/
					https://www.ncbi.nlm.nih.gov/pmc/articles/PMC11002803/
					https://www.ncbi.nlm.nih.gov/pmc/articles/PMC12166030/
					https://www.ncbi.nlm.nih.gov/pmc/articles/PMC13437102/
					https://www.ncbi.nlm.nih.gov/pmc/articles/PMC12994440/
					https://www.ncbi.nlm.nih.gov/pmc/articles/PMC13039425/
					https://www.ncbi.nlm.nih.gov/pmc/articles/PMC12637705/
					https://www.ncbi.nlm.nih.gov/pmc/articles/PMC10182086/
					https://www.ncbi.nlm.nih.gov/pmc/articles/PMC12758178/
					https://www.ncbi.nlm.nih.gov/pmc/articles/PMC10659546/
					https://www.ncbi.nlm.nih.gov/pmc/articles/PMC11361243/
					https://www.ncbi.nlm.nih.gov/pmc/articles/PMC10629981/
					https://www.ncbi.nlm.nih.gov/pmc/articles/PMC11048688/
					https://www.ncbi.nlm.nih.gov/pmc/articles/PMC13416190/
					https://www.ncbi.nlm.nih.gov/pmc/articles/PMC12231792/
					https://www.ncbi.nlm.nih.gov/pmc/articles/PMC12860205/
					https://www.ncbi.nlm.nih.gov/pmc/articles/PMC11922768/
					https://www.ncbi.nlm.nih.gov/pmc/articles/PMC12127247/
					https://www.ncbi.nlm.nih.gov/pmc/articles/PMC11984970/
					https://www.ncbi.nlm.nih.gov/pmc/articles/PMC12067948/
					https://www.ncbi.nlm.nih.gov/pmc/articles/PMC13446737/
					https://www.ncbi.nlm.nih.gov/pmc/articles/PMC12795752/
					https://www.ncbi.nlm.nih.gov/pmc/articles/PMC13398003/
					https://www.ncbi.nlm.nih.gov/pmc/articles/PMC12718578/
					https://www.ncbi.nlm.nih.gov/pmc/articles/PMC10892768/
					https://www.ncbi.nlm.nih.gov/pmc/articles/PMC12916849/
					https://www.ncbi.nlm.nih.gov/pmc/articles/PMC11809299/
					https://www.ncbi.nlm.nih.gov/pmc/articles/PMC11561259/
					https://www.ncbi.nlm.nih.gov/pmc/articles/PMC13187880/
					https://www.ncbi.nlm.nih.gov/pmc/articles/PMC11193202/
					https://www.ncbi.nlm.nih.gov/pmc/articles/PMC12725173/
					https://www.ncbi.nlm.nih.gov/pmc/articles/PMC13110130/
					https://www.ncbi.nlm.nih.gov/pmc/articles/PMC13400256/
					https://www.ncbi.nlm.nih.gov/pmc/articles/PMC12726022/
					https://www.ncbi.nlm.nih.gov/pmc/articles/PMC7523363/
					https://www.ncbi.nlm.nih.gov/pmc/articles/PMC12725738/
					https://www.ncbi.nlm.nih.gov/pmc/articles/PMC10770032/
					https://www.ncbi.nlm.nih.gov/pmc/articles/PMC12092188/
					https://www.ncbi.nlm.nih.gov/pmc/articles/PMC12101954/
					https://www.ncbi.nlm.nih.gov/pmc/articles/PMC13449928/
					https://www.ncbi.nlm.nih.gov/pmc/articles/PMC13439253/
					https://www.ncbi.nlm.nih.gov/pmc/articles/PMC11603960/
					https://www.ncbi.nlm.nih.gov/pmc/articles/PMC12654621/
					https://www.ncbi.nlm.nih.gov/pmc/articles/PMC11998018/
					https://www.ncbi.nlm.nih.gov/pmc/articles/PMC13081839/
					https://www.ncbi.nlm.nih.gov/pmc/articles/PMC11350021/
					https://www.ncbi.nlm.nih.gov/pmc/articles/PMC12404322/
					https://www.ncbi.nlm.nih.gov/pmc/articles/PMC12486056/
					https://www.ncbi.nlm.nih.gov/pmc/articles/PMC12779606/
					https://www.ncbi.nlm.nih.gov/pmc/articles/PMC11600748/
					https://www.ncbi.nlm.nih.gov/pmc/articles/PMC11754101/
					https://www.ncbi.nlm.nih.gov/pmc/articles/PMC10198456/
					https://www.ncbi.nlm.nih.gov/pmc/articles/PMC13405016/
					https://www.ncbi.nlm.nih.gov/pmc/articles/PMC13266220/
					https://www.ncbi.nlm.nih.gov/pmc/articles/PMC12889594/
					https://www.ncbi.nlm.nih.gov/pmc/articles/PMC12956370/
					https://www.ncbi.nlm.nih.gov/pmc/articles/PMC12747217/
					https://www.ncbi.nlm.nih.gov/pmc/articles/PMC13475713/
					https://www.ncbi.nlm.nih.gov/pmc/articles/PMC12418114/
					https://www.ncbi.nlm.nih.gov/pmc/articles/PMC5760858/
					https://www.ncbi.nlm.nih.gov/pmc/articles/PMC11702568/
					https://www.ncbi.nlm.nih.gov/pmc/articles/PMC12204362/
					https://www.ncbi.nlm.nih.gov/pmc/articles/PMC10592946/
					https://www.ncbi.nlm.nih.gov/pmc/articles/PMC12564542/
					https://www.ncbi.nlm.nih.gov/pmc/articles/PMC11758690/
					https://www.ncbi.nlm.nih.gov/pmc/articles/PMC12110335/
					https://www.ncbi.nlm.nih.gov/pmc/articles/PMC13115884/
					https://www.ncbi.nlm.nih.gov/pmc/articles/PMC13116025/
					https://www.ncbi.nlm.nih.gov/pmc/articles/PMC12780791/
					https://www.ncbi.nlm.nih.gov/pmc/articles/PMC11350134/
					https://www.ncbi.nlm.nih.gov/pmc/articles/PMC11825677/
					https://www.ncbi.nlm.nih.gov/pmc/articles/PMC7617268/
					https://www.ncbi.nlm.nih.gov/pmc/articles/PMC13422675/
					https://www.ncbi.nlm.nih.gov/pmc/articles/PMC11848393/
					https://www.ncbi.nlm.nih.gov/pmc/articles/PMC12957646/
					https://www.ncbi.nlm.nih.gov/pmc/articles/PMC12334344/
					https://www.ncbi.nlm.nih.gov/pmc/articles/PMC11429704/
					https://www.ncbi.nlm.nih.gov/pmc/articles/PMC12363696/
					https://www.ncbi.nlm.nih.gov/pmc/articles/PMC13233389/
					https://www.ncbi.nlm.nih.gov/pmc/articles/PMC12973132/
					https://www.ncbi.nlm.nih.gov/pmc/articles/PMC12901523/
					https://www.ncbi.nlm.nih.gov/pmc/articles/PMC12854355/
					https://www.ncbi.nlm.nih.gov/pmc/articles/PMC12748969/
					https://www.ncbi.nlm.nih.gov/pmc/articles/PMC10680689/
					https://www.ncbi.nlm.nih.gov/pmc/articles/PMC5735586/
					https://www.ncbi.nlm.nih.gov/pmc/articles/PMC10679838/
					https://www.ncbi.nlm.nih.gov/pmc/articles/PMC11997867/
					https://www.ncbi.nlm.nih.gov/pmc/articles/PMC6217860/
					https://www.ncbi.nlm.nih.gov/pmc/articles/PMC12303882/
					https://www.ncbi.nlm.nih.gov/pmc/articles/PMC10744364/
					https://www.ncbi.nlm.nih.gov/pmc/articles/PMC12369885/
					https://www.ncbi.nlm.nih.gov/pmc/articles/PMC11741463/
					https://www.ncbi.nlm.nih.gov/pmc/articles/PMC12978015/
					https://www.ncbi.nlm.nih.gov/pmc/articles/PMC12366035/
					https://www.ncbi.nlm.nih.gov/pmc/articles/PMC11324381/
					https://www.ncbi.nlm.nih.gov/pmc/articles/PMC12915904/
					https://www.ncbi.nlm.nih.gov/pmc/articles/PMC13082396/
					https://www.ncbi.nlm.nih.gov/pmc/articles/PMC10544555/
					https://www.ncbi.nlm.nih.gov/pmc/articles/PMC11656649/
					https://www.ncbi.nlm.nih.gov/pmc/articles/PMC12632994/
					https://www.ncbi.nlm.nih.gov/pmc/articles/PMC11253223/
					https://www.ncbi.nlm.nih.gov/pmc/articles/PMC12672377/
					https://www.ncbi.nlm.nih.gov/pmc/articles/PMC4366075/
					https://www.ncbi.nlm.nih.gov/pmc/articles/PMC10586674/
					https://www.ncbi.nlm.nih.gov/pmc/articles/PMC10832236/
					https://www.ncbi.nlm.nih.gov/pmc/articles/PMC13392375/
					https://www.ncbi.nlm.nih.gov/pmc/articles/PMC12307969/
					https://www.ncbi.nlm.nih.gov/pmc/articles/PMC12742018/
					https://www.ncbi.nlm.nih.gov/pmc/articles/PMC13434919/
					https://www.ncbi.nlm.nih.gov/pmc/articles/PMC12662180/
					https://www.ncbi.nlm.nih.gov/pmc/articles/PMC12789887/
					https://www.ncbi.nlm.nih.gov/pmc/articles/PMC12434556/
					https://www.ncbi.nlm.nih.gov/pmc/articles/PMC13331374/
					https://www.ncbi.nlm.nih.gov/pmc/articles/PMC11177971/
All-MiniLM-L6-v2		used	https://huggingface.co/sentence-transformers/all-MiniLM-L6-v2	All-MiniLM-L6-v2. Hugging Face. 2021. Available from: https://huggingface.co/sentence-transformers/all-MiniLM-L6-v2	https://www.ncbi.nlm.nih.gov/pmc/articles/PMC12573878/
All-mpnet-base-v1		used	https://huggingface.co/sentence-transformers/all-mpnet-base-v1	All-mpnet-base-v1. Hugging Face. 2021. Available from: https://huggingface.co/sentence-transformers/all-mpnet-base-v1	https://www.ncbi.nlm.nih.gov/pmc/articles/PMC12573878/
					https://www.ncbi.nlm.nih.gov/pmc/articles/PMC12016442/
					https://www.ncbi.nlm.nih.gov/pmc/articles/PMC12642744/
					https://www.ncbi.nlm.nih.gov/pmc/articles/PMC12960813/
					https://www.ncbi.nlm.nih.gov/pmc/articles/PMC12584218/
					https://www.ncbi.nlm.nih.gov/pmc/articles/PMC11099344/
					https://www.ncbi.nlm.nih.gov/pmc/articles/PMC11844562/
					https://www.ncbi.nlm.nih.gov/pmc/articles/PMC11065482/
					https://www.ncbi.nlm.nih.gov/pmc/articles/PMC13269318/
					https://www.ncbi.nlm.nih.gov/pmc/articles/PMC12614320/
					https://www.ncbi.nlm.nih.gov/pmc/articles/PMC13343728/
					https://www.ncbi.nlm.nih.gov/pmc/articles/PMC13452714/
					https://www.ncbi.nlm.nih.gov/pmc/articles/PMC13192018/
					https://www.ncbi.nlm.nih.gov/pmc/articles/PMC11838684/
					https://www.ncbi.nlm.nih.gov/pmc/articles/PMC11702628/
					https://www.ncbi.nlm.nih.gov/pmc/articles/PMC12019291/
					https://www.ncbi.nlm.nih.gov/pmc/articles/PMC10447560/
					https://www.ncbi.nlm.nih.gov/pmc/articles/PMC11077883/
					https://www.ncbi.nlm.nih.gov/pmc/articles/PMC12304036/
					https://www.ncbi.nlm.nih.gov/pmc/articles/PMC10760001/
					https://www.ncbi.nlm.nih.gov/pmc/articles/PMC13204956/
					https://www.ncbi.nlm.nih.gov/pmc/articles/PMC11199659/
					https://www.ncbi.nlm.nih.gov/pmc/articles/PMC12289654/
					https://www.ncbi.nlm.nih.gov/pmc/articles/PMC11228499/
					https://www.ncbi.nlm.nih.gov/pmc/articles/PMC13402617/
					https://www.ncbi.nlm.nih.gov/pmc/articles/PMC12809651/
					https://www.ncbi.nlm.nih.gov/pmc/articles/PMC11492037/
					https://www.ncbi.nlm.nih.gov/pmc/articles/PMC13015390/
					https://www.ncbi.nlm.nih.gov/pmc/articles/PMC10601493/
					https://www.ncbi.nlm.nih.gov/pmc/articles/PMC11901962/
					https://www.ncbi.nlm.nih.gov/pmc/articles/PMC11661307/
					https://www.ncbi.nlm.nih.gov/pmc/articles/PMC12887381/
					https://www.ncbi.nlm.nih.gov/pmc/articles/PMC11643149/
					https://www.ncbi.nlm.nih.gov/pmc/articles/PMC12787968/
					https://www.ncbi.nlm.nih.gov/pmc/articles/PMC12724514/
					https://www.ncbi.nlm.nih.gov/pmc/articles/PMC12518030/
					https://www.ncbi.nlm.nih.gov/pmc/articles/PMC12288278/
					https://www.ncbi.nlm.nih.gov/pmc/articles/PMC11669411/
					https://www.ncbi.nlm.nih.gov/pmc/articles/PMC10995057/
					https://www.ncbi.nlm.nih.gov/pmc/articles/PMC10983955/
					https://www.ncbi.nlm.nih.gov/pmc/articles/PMC10955651/
					https://www.ncbi.nlm.nih.gov/pmc/articles/PMC11274863/
					https://www.ncbi.nlm.nih.gov/pmc/articles/PMC12854031/
					https://www.ncbi.nlm.nih.gov/pmc/articles/PMC12368294/
					https://www.ncbi.nlm.nih.gov/pmc/articles/PMC7798310/
					https://www.ncbi.nlm.nih.gov/pmc/articles/PMC12856605/
					https://www.ncbi.nlm.nih.gov/pmc/articles/PMC12103997/
					https://www.ncbi.nlm.nih.gov/pmc/articles/PMC11100897/
					https://www.ncbi.nlm.nih.gov/pmc/articles/PMC3281313/
					https://www.ncbi.nlm.nih.gov/pmc/articles/PMC13378770/
					https://www.ncbi.nlm.nih.gov/pmc/articles/PMC12409790/
					https://www.ncbi.nlm.nih.gov/pmc/articles/PMC12725240/
					https://www.ncbi.nlm.nih.gov/pmc/articles/PMC12815602/
					https://www.ncbi.nlm.nih.gov/pmc/articles/PMC10968124/
					https://www.ncbi.nlm.nih.gov/pmc/articles/PMC12041756/
					https://www.ncbi.nlm.nih.gov/pmc/articles/PMC12399531/
					https://www.ncbi.nlm.nih.gov/pmc/articles/PMC11024353/
					https://www.ncbi.nlm.nih.gov/pmc/articles/PMC13081688/
					https://www.ncbi.nlm.nih.gov/pmc/articles/PMC12632783/
					https://www.ncbi.nlm.nih.gov/pmc/articles/PMC10440720/
					https://www.ncbi.nlm.nih.gov/pmc/articles/PMC12049041/
					https://www.ncbi.nlm.nih.gov/pmc/articles/PMC12878677/
					https://www.ncbi.nlm.nih.gov/pmc/articles/PMC11317018/
					https://www.ncbi.nlm.nih.gov/pmc/articles/PMC12571965/
					https://www.ncbi.nlm.nih.gov/pmc/articles/PMC10582873/
					https://www.ncbi.nlm.nih.gov/pmc/articles/PMC10873144/
					https://www.ncbi.nlm.nih.gov/pmc/articles/PMC13315799/
					https://www.ncbi.nlm.nih.gov/pmc/articles/PMC13251086/
					https://www.ncbi.nlm.nih.gov/pmc/articles/PMC12149297/
					https://www.ncbi.nlm.nih.gov/pmc/articles/PMC12934863/
					https://www.ncbi.nlm.nih.gov/pmc/articles/PMC12739510/
					https://www.ncbi.nlm.nih.gov/pmc/articles/PMC11216065/
					https://www.ncbi.nlm.nih.gov/pmc/articles/PMC12895283/
					https://www.ncbi.nlm.nih.gov/pmc/articles/PMC12051182/
					https://www.ncbi.nlm.nih.gov/pmc/articles/PMC13347094/
					https://www.ncbi.nlm.nih.gov/pmc/articles/PMC13249770/
					https://www.ncbi.nlm.nih.gov/pmc/articles/PMC12559030/
					https://www.ncbi.nlm.nih.gov/pmc/articles/PMC11161471/
					https://www.ncbi.nlm.nih.gov/pmc/articles/PMC13041082/
					https://www.ncbi.nlm.nih.gov/pmc/articles/PMC11044119/
					https://www.ncbi.nlm.nih.gov/pmc/articles/PMC12230280/
					https://www.ncbi.nlm.nih.gov/pmc/articles/PMC12085231/
					https://www.ncbi.nlm.nih.gov/pmc/articles/PMC13366539/
					https://www.ncbi.nlm.nih.gov/pmc/articles/PMC10679471/
					https://www.ncbi.nlm.nih.gov/pmc/articles/PMC11098950/
					https://www.ncbi.nlm.nih.gov/pmc/articles/PMC13393715/
					https://www.ncbi.nlm.nih.gov/pmc/articles/PMC13248586/
					https://www.ncbi.nlm.nih.gov/pmc/articles/PMC12423612/
					https://www.ncbi.nlm.nih.gov/pmc/articles/PMC12532912/
					https://www.ncbi.nlm.nih.gov/pmc/articles/PMC13341344/
					https://www.ncbi.nlm.nih.gov/pmc/articles/PMC13139496/
					https://www.ncbi.nlm.nih.gov/pmc/articles/PMC12739486/
					https://www.ncbi.nlm.nih.gov/pmc/articles/PMC4055052/
					https://www.ncbi.nlm.nih.gov/pmc/articles/PMC12789039/
					https://www.ncbi.nlm.nih.gov/pmc/articles/PMC12670552/
					https://www.ncbi.nlm.nih.gov/pmc/articles/PMC12232778/
					https://www.ncbi.nlm.nih.gov/pmc/articles/PMC11565825/
					https://www.ncbi.nlm.nih.gov/pmc/articles/PMC12633585/
					https://www.ncbi.nlm.nih.gov/pmc/articles/PMC10741529/
					https://www.ncbi.nlm.nih.gov/pmc/articles/PMC12725235/
					https://www.ncbi.nlm.nih.gov/pmc/articles/PMC10464398/
					https://www.ncbi.nlm.nih.gov/pmc/articles/PMC11383028/
MEG-GPT		created	https://github.com/OHBA-analysis/MEG-GPT	a PyTorch implementation of MEG-GPT is available here: https://github.com/OHBA-analysis/MEG-GPT	https://www.ncbi.nlm.nih.gov/pmc/articles/PMC13403652/
					https://www.ncbi.nlm.nih.gov/pmc/articles/PMC12283398/
					https://www.ncbi.nlm.nih.gov/pmc/articles/PMC11283947/
					https://www.ncbi.nlm.nih.gov/pmc/articles/PMC11747640/
					https://www.ncbi.nlm.nih.gov/pmc/articles/PMC12332191/
					https://www.ncbi.nlm.nih.gov/pmc/articles/PMC11088191/
					https://www.ncbi.nlm.nih.gov/pmc/articles/PMC10947967/
					https://www.ncbi.nlm.nih.gov/pmc/articles/PMC11065015/
					https://www.ncbi.nlm.nih.gov/pmc/articles/PMC13067540/
					https://www.ncbi.nlm.nih.gov/pmc/articles/PMC12782921/
					https://www.ncbi.nlm.nih.gov/pmc/articles/PMC13081697/
					https://www.ncbi.nlm.nih.gov/pmc/articles/PMC11716738/
					https://www.ncbi.nlm.nih.gov/pmc/articles/PMC11932739/
					https://www.ncbi.nlm.nih.gov/pmc/articles/PMC11189460/
VQVNS		created	https://github.com/gmilab/VQVNS	All code for the machine learning model has been made publicly available on GitHub ( https://github.com/gmilab/VQVNS 102 ) and HuggingFace ( https://huggingface.co/hsuresh/vqvns ).	https://www.ncbi.nlm.nih.gov/pmc/articles/PMC13234157/
VQVNS		created	https://huggingface.co/hsuresh/vqvns	All code for the machine learning model has been made publicly available on GitHub ( https://github.com/gmilab/VQVNS 102 ) and HuggingFace ( https://huggingface.co/hsuresh/vqvns ).	https://www.ncbi.nlm.nih.gov/pmc/articles/PMC13234157/
					https://www.ncbi.nlm.nih.gov/pmc/articles/PMC13137218/
					https://www.ncbi.nlm.nih.gov/pmc/articles/PMC12730650/
					https://www.ncbi.nlm.nih.gov/pmc/articles/PMC12848887/
					https://www.ncbi.nlm.nih.gov/pmc/articles/PMC12475289/
					https://www.ncbi.nlm.nih.gov/pmc/articles/PMC11503164/
					https://www.ncbi.nlm.nih.gov/pmc/articles/PMC12220467/
					https://www.ncbi.nlm.nih.gov/pmc/articles/PMC12102303/
					https://www.ncbi.nlm.nih.gov/pmc/articles/PMC13112017/
					https://www.ncbi.nlm.nih.gov/pmc/articles/PMC11877937/
					https://www.ncbi.nlm.nih.gov/pmc/articles/PMC12806510/
					https://www.ncbi.nlm.nih.gov/pmc/articles/PMC12006661/
					https://www.ncbi.nlm.nih.gov/pmc/articles/PMC11054302/
					https://www.ncbi.nlm.nih.gov/pmc/articles/PMC12583976/
					https://www.ncbi.nlm.nih.gov/pmc/articles/PMC13288446/
					https://www.ncbi.nlm.nih.gov/pmc/articles/PMC4890505/
					https://www.ncbi.nlm.nih.gov/pmc/articles/PMC11142434/
					https://www.ncbi.nlm.nih.gov/pmc/articles/PMC13044719/
					https://www.ncbi.nlm.nih.gov/pmc/articles/PMC12631545/
					https://www.ncbi.nlm.nih.gov/pmc/articles/PMC12988367/
					https://www.ncbi.nlm.nih.gov/pmc/articles/PMC12181510/
					https://www.ncbi.nlm.nih.gov/pmc/articles/PMC11275970/
					https://www.ncbi.nlm.nih.gov/pmc/articles/PMC12418659/
					https://www.ncbi.nlm.nih.gov/pmc/articles/PMC12047266/
					https://www.ncbi.nlm.nih.gov/pmc/articles/PMC10988159/
					https://www.ncbi.nlm.nih.gov/pmc/articles/PMC12689644/
					https://www.ncbi.nlm.nih.gov/pmc/articles/PMC13426653/
					https://www.ncbi.nlm.nih.gov/pmc/articles/PMC13159212/
					https://www.ncbi.nlm.nih.gov/pmc/articles/PMC13281289/
					https://www.ncbi.nlm.nih.gov/pmc/articles/PMC13396798/
					https://www.ncbi.nlm.nih.gov/pmc/articles/PMC10925398/
					https://www.ncbi.nlm.nih.gov/pmc/articles/PMC12737851/
					https://www.ncbi.nlm.nih.gov/pmc/articles/PMC11716588/
					https://www.ncbi.nlm.nih.gov/pmc/articles/PMC13008277/
					https://www.ncbi.nlm.nih.gov/pmc/articles/PMC12067485/
					https://www.ncbi.nlm.nih.gov/pmc/articles/PMC11419201/
					https://www.ncbi.nlm.nih.gov/pmc/articles/PMC11995710/
					https://www.ncbi.nlm.nih.gov/pmc/articles/PMC11118424/
					https://www.ncbi.nlm.nih.gov/pmc/articles/PMC13337515/
					https://www.ncbi.nlm.nih.gov/pmc/articles/PMC13405508/
					https://www.ncbi.nlm.nih.gov/pmc/articles/PMC12080116/
					https://www.ncbi.nlm.nih.gov/pmc/articles/PMC10996630/
					https://www.ncbi.nlm.nih.gov/pmc/articles/PMC13212912/
					https://www.ncbi.nlm.nih.gov/pmc/articles/PMC13382848/
					https://www.ncbi.nlm.nih.gov/pmc/articles/PMC11838696/
					https://www.ncbi.nlm.nih.gov/pmc/articles/PMC11976383/
					https://www.ncbi.nlm.nih.gov/pmc/articles/PMC12916252/
					https://www.ncbi.nlm.nih.gov/pmc/articles/PMC13174332/
					https://www.ncbi.nlm.nih.gov/pmc/articles/PMC13177562/
					https://www.ncbi.nlm.nih.gov/pmc/articles/PMC13192062/
					https://www.ncbi.nlm.nih.gov/pmc/articles/PMC12697552/
					https://www.ncbi.nlm.nih.gov/pmc/articles/PMC6606589/
					https://www.ncbi.nlm.nih.gov/pmc/articles/PMC11169691/
					https://www.ncbi.nlm.nih.gov/pmc/articles/PMC13031930/
					https://www.ncbi.nlm.nih.gov/pmc/articles/PMC11717250/
					https://www.ncbi.nlm.nih.gov/pmc/articles/PMC10502853/
					https://www.ncbi.nlm.nih.gov/pmc/articles/PMC13059116/
					https://www.ncbi.nlm.nih.gov/pmc/articles/PMC11667858/
					https://www.ncbi.nlm.nih.gov/pmc/articles/PMC11945645/
					https://www.ncbi.nlm.nih.gov/pmc/articles/PMC12330619/
					https://www.ncbi.nlm.nih.gov/pmc/articles/PMC13183595/
					https://www.ncbi.nlm.nih.gov/pmc/articles/PMC12963381/
					https://www.ncbi.nlm.nih.gov/pmc/articles/PMC12407951/
					https://www.ncbi.nlm.nih.gov/pmc/articles/PMC12987005/
					https://www.ncbi.nlm.nih.gov/pmc/articles/PMC12445873/
					https://www.ncbi.nlm.nih.gov/pmc/articles/PMC13443190/
					https://www.ncbi.nlm.nih.gov/pmc/articles/PMC13044580/
					https://www.ncbi.nlm.nih.gov/pmc/articles/PMC13179340/
					https://www.ncbi.nlm.nih.gov/pmc/articles/PMC13347940/
					https://www.ncbi.nlm.nih.gov/pmc/articles/PMC13435511/
					https://www.ncbi.nlm.nih.gov/pmc/articles/PMC12237611/
					https://www.ncbi.nlm.nih.gov/pmc/articles/PMC11850842/
					https://www.ncbi.nlm.nih.gov/pmc/articles/PMC13431771/
					https://www.ncbi.nlm.nih.gov/pmc/articles/PMC13082006/
					https://www.ncbi.nlm.nih.gov/pmc/articles/PMC13447855/
					https://www.ncbi.nlm.nih.gov/pmc/articles/PMC13063120/
					https://www.ncbi.nlm.nih.gov/pmc/articles/PMC13341133/
					https://www.ncbi.nlm.nih.gov/pmc/articles/PMC13001325/
					https://www.ncbi.nlm.nih.gov/pmc/articles/PMC12405905/
					https://www.ncbi.nlm.nih.gov/pmc/articles/PMC11984670/
					https://www.ncbi.nlm.nih.gov/pmc/articles/PMC13397501/
					https://www.ncbi.nlm.nih.gov/pmc/articles/PMC13288941/
					https://www.ncbi.nlm.nih.gov/pmc/articles/PMC13190273/
					https://www.ncbi.nlm.nih.gov/pmc/articles/PMC11185762/
					https://www.ncbi.nlm.nih.gov/pmc/articles/PMC13377184/
					https://www.ncbi.nlm.nih.gov/pmc/articles/PMC12159936/
					https://www.ncbi.nlm.nih.gov/pmc/articles/PMC13102864/
					https://www.ncbi.nlm.nih.gov/pmc/articles/PMC13224086/
					https://www.ncbi.nlm.nih.gov/pmc/articles/PMC12730479/
					https://www.ncbi.nlm.nih.gov/pmc/articles/PMC12443616/
					https://www.ncbi.nlm.nih.gov/pmc/articles/PMC12820199/
					https://www.ncbi.nlm.nih.gov/pmc/articles/PMC11602836/
					https://www.ncbi.nlm.nih.gov/pmc/articles/PMC11661161/
					https://www.ncbi.nlm.nih.gov/pmc/articles/PMC11762500/
					https://www.ncbi.nlm.nih.gov/pmc/articles/PMC13060232/
					https://www.ncbi.nlm.nih.gov/pmc/articles/PMC11666043/
					https://www.ncbi.nlm.nih.gov/pmc/articles/PMC13238561/
					https://www.ncbi.nlm.nih.gov/pmc/articles/PMC13192606/
					https://www.ncbi.nlm.nih.gov/pmc/articles/PMC12198956/
					https://www.ncbi.nlm.nih.gov/pmc/articles/PMC11294439/
					https://www.ncbi.nlm.nih.gov/pmc/articles/PMC12611278/
					https://www.ncbi.nlm.nih.gov/pmc/articles/PMC13066164/
					https://www.ncbi.nlm.nih.gov/pmc/articles/PMC12282607/
					https://www.ncbi.nlm.nih.gov/pmc/articles/PMC13193022/
					https://www.ncbi.nlm.nih.gov/pmc/articles/PMC8302739/
					https://www.ncbi.nlm.nih.gov/pmc/articles/PMC13030959/
					https://www.ncbi.nlm.nih.gov/pmc/articles/PMC13257671/
					https://www.ncbi.nlm.nih.gov/pmc/articles/PMC12972442/
					https://www.ncbi.nlm.nih.gov/pmc/articles/PMC12870486/
					https://www.ncbi.nlm.nih.gov/pmc/articles/PMC11715348/
					https://www.ncbi.nlm.nih.gov/pmc/articles/PMC12157550/
					https://www.ncbi.nlm.nih.gov/pmc/articles/PMC11389299/
					https://www.ncbi.nlm.nih.gov/pmc/articles/PMC11370593/
					https://www.ncbi.nlm.nih.gov/pmc/articles/PMC13000753/
					https://www.ncbi.nlm.nih.gov/pmc/articles/PMC12589127/
					https://www.ncbi.nlm.nih.gov/pmc/articles/PMC11974764/
					https://www.ncbi.nlm.nih.gov/pmc/articles/PMC13290095/
					https://www.ncbi.nlm.nih.gov/pmc/articles/PMC12067247/
					https://www.ncbi.nlm.nih.gov/pmc/articles/PMC12945573/
					https://www.ncbi.nlm.nih.gov/pmc/articles/PMC11698866/
					https://www.ncbi.nlm.nih.gov/pmc/articles/PMC11759617/
					https://www.ncbi.nlm.nih.gov/pmc/articles/PMC13178988/
					https://www.ncbi.nlm.nih.gov/pmc/articles/PMC10312804/
					https://www.ncbi.nlm.nih.gov/pmc/articles/PMC11956694/
					https://www.ncbi.nlm.nih.gov/pmc/articles/PMC13004680/
					https://www.ncbi.nlm.nih.gov/pmc/articles/PMC9581001/
					https://www.ncbi.nlm.nih.gov/pmc/articles/PMC11568029/
					https://www.ncbi.nlm.nih.gov/pmc/articles/PMC11205299/
					https://www.ncbi.nlm.nih.gov/pmc/articles/PMC10945594/
					https://www.ncbi.nlm.nih.gov/pmc/articles/PMC12870586/
					https://www.ncbi.nlm.nih.gov/pmc/articles/PMC13245096/
					https://www.ncbi.nlm.nih.gov/pmc/articles/PMC12908613/
					https://www.ncbi.nlm.nih.gov/pmc/articles/PMC13365852/
					https://www.ncbi.nlm.nih.gov/pmc/articles/PMC12831801/
					https://www.ncbi.nlm.nih.gov/pmc/articles/PMC12984200/
					https://www.ncbi.nlm.nih.gov/pmc/articles/PMC13106414/
					https://www.ncbi.nlm.nih.gov/pmc/articles/PMC13403181/
					https://www.ncbi.nlm.nih.gov/pmc/articles/PMC10619394/
					https://www.ncbi.nlm.nih.gov/pmc/articles/PMC10136684/
					https://www.ncbi.nlm.nih.gov/pmc/articles/PMC11032531/
					https://www.ncbi.nlm.nih.gov/pmc/articles/PMC10247380/
					https://www.ncbi.nlm.nih.gov/pmc/articles/PMC11168890/
					https://www.ncbi.nlm.nih.gov/pmc/articles/PMC13042028/
					https://www.ncbi.nlm.nih.gov/pmc/articles/PMC11160850/
					https://www.ncbi.nlm.nih.gov/pmc/articles/PMC13333874/
					https://www.ncbi.nlm.nih.gov/pmc/articles/PMC11010257/
					https://www.ncbi.nlm.nih.gov/pmc/articles/PMC13019852/
					https://www.ncbi.nlm.nih.gov/pmc/articles/PMC7587039/
					https://www.ncbi.nlm.nih.gov/pmc/articles/PMC10984507/
					https://www.ncbi.nlm.nih.gov/pmc/articles/PMC12676451/
					https://www.ncbi.nlm.nih.gov/pmc/articles/PMC12620075/
					https://www.ncbi.nlm.nih.gov/pmc/articles/PMC13340254/
					https://www.ncbi.nlm.nih.gov/pmc/articles/PMC12162021/
					https://www.ncbi.nlm.nih.gov/pmc/articles/PMC13373179/
					https://www.ncbi.nlm.nih.gov/pmc/articles/PMC13370622/
					https://www.ncbi.nlm.nih.gov/pmc/articles/PMC10492312/
					https://www.ncbi.nlm.nih.gov/pmc/articles/PMC13350763/
					https://www.ncbi.nlm.nih.gov/pmc/articles/PMC13264043/
					https://www.ncbi.nlm.nih.gov/pmc/articles/PMC11710230/
					https://www.ncbi.nlm.nih.gov/pmc/articles/PMC13425505/
					https://www.ncbi.nlm.nih.gov/pmc/articles/PMC13388357/
					https://www.ncbi.nlm.nih.gov/pmc/articles/PMC11224768/
BAMboozle		used		For human scRNA-seq data, BAM files were processed with BAMboozle  key resources table   to safeguard donor identities by masking donor-specific SNPs and insertions or deletions (indels), replacing them with reference genome sequences.	https://www.ncbi.nlm.nih.gov/pmc/articles/PMC12094688/
					https://www.ncbi.nlm.nih.gov/pmc/articles/PMC13234542/
					https://www.ncbi.nlm.nih.gov/pmc/articles/PMC12969857/
					https://www.ncbi.nlm.nih.gov/pmc/articles/PMC5975052/
					https://www.ncbi.nlm.nih.gov/pmc/articles/PMC13421282/
					https://www.ncbi.nlm.nih.gov/pmc/articles/PMC10950850/
					https://www.ncbi.nlm.nih.gov/pmc/articles/PMC11848178/
					https://www.ncbi.nlm.nih.gov/pmc/articles/PMC13132682/
					https://www.ncbi.nlm.nih.gov/pmc/articles/PMC12611789/
					https://www.ncbi.nlm.nih.gov/pmc/articles/PMC12448747/
					https://www.ncbi.nlm.nih.gov/pmc/articles/PMC13240123/
					https://www.ncbi.nlm.nih.gov/pmc/articles/PMC10568487/
microglial MASHR		created	https://doi.org/10.5281/zenodo.18156902	The microglial MASHR models trained and used in this study are available on Zenodo: https://doi.org/10.5281/zenodo.18156902	https://www.ncbi.nlm.nih.gov/pmc/articles/PMC13193131/
					https://www.ncbi.nlm.nih.gov/pmc/articles/PMC12572470/
					https://www.ncbi.nlm.nih.gov/pmc/articles/PMC11549088/
					https://www.ncbi.nlm.nih.gov/pmc/articles/PMC12677912/
					https://www.ncbi.nlm.nih.gov/pmc/articles/PMC11350027/
					https://www.ncbi.nlm.nih.gov/pmc/articles/PMC12838227/
					https://www.ncbi.nlm.nih.gov/pmc/articles/PMC10679742/
					https://www.ncbi.nlm.nih.gov/pmc/articles/PMC12738978/
					https://www.ncbi.nlm.nih.gov/pmc/articles/PMC13382968/
					https://www.ncbi.nlm.nih.gov/pmc/articles/PMC13137284/
					https://www.ncbi.nlm.nih.gov/pmc/articles/PMC6348673/
					https://www.ncbi.nlm.nih.gov/pmc/articles/PMC11092700/
					https://www.ncbi.nlm.nih.gov/pmc/articles/PMC13097035/
					https://www.ncbi.nlm.nih.gov/pmc/articles/PMC13349182/
					https://www.ncbi.nlm.nih.gov/pmc/articles/PMC12500968/
					https://www.ncbi.nlm.nih.gov/pmc/articles/PMC11877878/
					https://www.ncbi.nlm.nih.gov/pmc/articles/PMC12454886/
					https://www.ncbi.nlm.nih.gov/pmc/articles/PMC10959898/
					https://www.ncbi.nlm.nih.gov/pmc/articles/PMC13430750/
					https://www.ncbi.nlm.nih.gov/pmc/articles/PMC13232370/
					https://www.ncbi.nlm.nih.gov/pmc/articles/PMC11099341/
					https://www.ncbi.nlm.nih.gov/pmc/articles/PMC11340249/
					https://www.ncbi.nlm.nih.gov/pmc/articles/PMC13228686/
					https://www.ncbi.nlm.nih.gov/pmc/articles/PMC13218200/
					https://www.ncbi.nlm.nih.gov/pmc/articles/PMC11567845/
					https://www.ncbi.nlm.nih.gov/pmc/articles/PMC11585117/
					https://www.ncbi.nlm.nih.gov/pmc/articles/PMC11573818/
					https://www.ncbi.nlm.nih.gov/pmc/articles/PMC11118245/
					https://www.ncbi.nlm.nih.gov/pmc/articles/PMC8203239/
					https://www.ncbi.nlm.nih.gov/pmc/articles/PMC11848177/
					https://www.ncbi.nlm.nih.gov/pmc/articles/PMC13251042/
					https://www.ncbi.nlm.nih.gov/pmc/articles/PMC12392567/
					https://www.ncbi.nlm.nih.gov/pmc/articles/PMC11627199/
					https://www.ncbi.nlm.nih.gov/pmc/articles/PMC6980793/
					https://www.ncbi.nlm.nih.gov/pmc/articles/PMC13015590/
					https://www.ncbi.nlm.nih.gov/pmc/articles/PMC13228447/
					https://www.ncbi.nlm.nih.gov/pmc/articles/PMC12906199/
					https://www.ncbi.nlm.nih.gov/pmc/articles/PMC11480862/
					https://www.ncbi.nlm.nih.gov/pmc/articles/PMC10296721/
					https://www.ncbi.nlm.nih.gov/pmc/articles/PMC12452921/
					https://www.ncbi.nlm.nih.gov/pmc/articles/PMC12415539/
					https://www.ncbi.nlm.nih.gov/pmc/articles/PMC13347601/
					https://www.ncbi.nlm.nih.gov/pmc/articles/PMC12802402/
					https://www.ncbi.nlm.nih.gov/pmc/articles/PMC3668151/
					https://www.ncbi.nlm.nih.gov/pmc/articles/PMC12934748/
					https://www.ncbi.nlm.nih.gov/pmc/articles/PMC12838291/
					https://www.ncbi.nlm.nih.gov/pmc/articles/PMC12573942/
					https://www.ncbi.nlm.nih.gov/pmc/articles/PMC13383288/
					https://www.ncbi.nlm.nih.gov/pmc/articles/PMC12119215/
					https://www.ncbi.nlm.nih.gov/pmc/articles/PMC12344573/
					https://www.ncbi.nlm.nih.gov/pmc/articles/PMC13434240/
					https://www.ncbi.nlm.nih.gov/pmc/articles/PMC13088146/
MetImputBERT		created	https://github.com/Qiu-Shizheng/MetImputBERT/tree/master	MetImputBERT is available at GitHub: https://github.com/Qiu-Shizheng/MetImputBERT/tree/master	https://www.ncbi.nlm.nih.gov/pmc/articles/PMC12753303/
					https://www.ncbi.nlm.nih.gov/pmc/articles/PMC11552044/
					https://www.ncbi.nlm.nih.gov/pmc/articles/PMC10978267/
					https://www.ncbi.nlm.nih.gov/pmc/articles/PMC13104804/
					https://www.ncbi.nlm.nih.gov/pmc/articles/PMC12062235/
					https://www.ncbi.nlm.nih.gov/pmc/articles/PMC12204241/
					https://www.ncbi.nlm.nih.gov/pmc/articles/PMC13419511/
					https://www.ncbi.nlm.nih.gov/pmc/articles/PMC11702631/
					https://www.ncbi.nlm.nih.gov/pmc/articles/PMC6244184/
					https://www.ncbi.nlm.nih.gov/pmc/articles/PMC13336981/
					https://www.ncbi.nlm.nih.gov/pmc/articles/PMC12997876/
					https://www.ncbi.nlm.nih.gov/pmc/articles/PMC11792374/
					https://www.ncbi.nlm.nih.gov/pmc/articles/PMC12689267/
					https://www.ncbi.nlm.nih.gov/pmc/articles/PMC12642440/
					https://www.ncbi.nlm.nih.gov/pmc/articles/PMC13299175/
					https://www.ncbi.nlm.nih.gov/pmc/articles/PMC11580880/
					https://www.ncbi.nlm.nih.gov/pmc/articles/PMC11971016/
					https://www.ncbi.nlm.nih.gov/pmc/articles/PMC13384927/
					https://www.ncbi.nlm.nih.gov/pmc/articles/PMC13431666/
					https://www.ncbi.nlm.nih.gov/pmc/articles/PMC13182393/
					https://www.ncbi.nlm.nih.gov/pmc/articles/PMC12594281/
					https://www.ncbi.nlm.nih.gov/pmc/articles/PMC13004675/
MaxToki		created	https://huggingface.co/theodoris-lab/MaxToki	The pretrained MaxToki models are available on Hugging Face Model Hub ( https://huggingface.co/theodoris-lab/MaxToki ).	https://www.ncbi.nlm.nih.gov/pmc/articles/PMC13060336/
					https://www.ncbi.nlm.nih.gov/pmc/articles/PMC12324524/
					https://www.ncbi.nlm.nih.gov/pmc/articles/PMC10802758/
					https://www.ncbi.nlm.nih.gov/pmc/articles/PMC12948633/
					https://www.ncbi.nlm.nih.gov/pmc/articles/PMC13087474/
					https://www.ncbi.nlm.nih.gov/pmc/articles/PMC10881196/
					https://www.ncbi.nlm.nih.gov/pmc/articles/PMC12209190/
					https://www.ncbi.nlm.nih.gov/pmc/articles/PMC12797421/
					https://www.ncbi.nlm.nih.gov/pmc/articles/PMC13015489/
					https://www.ncbi.nlm.nih.gov/pmc/articles/PMC11485233/
					https://www.ncbi.nlm.nih.gov/pmc/articles/PMC13022198/
					https://www.ncbi.nlm.nih.gov/pmc/articles/PMC13252514/
					https://www.ncbi.nlm.nih.gov/pmc/articles/PMC13404217/
					https://www.ncbi.nlm.nih.gov/pmc/articles/PMC12637450/
					https://www.ncbi.nlm.nih.gov/pmc/articles/PMC12805178/
					https://www.ncbi.nlm.nih.gov/pmc/articles/PMC12254666/
					https://www.ncbi.nlm.nih.gov/pmc/articles/PMC12636417/
					https://www.ncbi.nlm.nih.gov/pmc/articles/PMC13219787/
					https://www.ncbi.nlm.nih.gov/pmc/articles/PMC11748720/
					https://www.ncbi.nlm.nih.gov/pmc/articles/PMC10478506/
					https://www.ncbi.nlm.nih.gov/pmc/articles/PMC13053939/
					https://www.ncbi.nlm.nih.gov/pmc/articles/PMC12763608/
					https://www.ncbi.nlm.nih.gov/pmc/articles/PMC12500226/
					https://www.ncbi.nlm.nih.gov/pmc/articles/PMC12811477/
polygenic score models	PGP000244	used	https://www.pgscatalog.org/	We downloaded the pre-trained polygenic score models characterized from our previous study from the PGS catalog (PGS Publication ID: PGP000244)	https://www.ncbi.nlm.nih.gov/pmc/articles/PMC13192582/
					https://www.ncbi.nlm.nih.gov/pmc/articles/PMC11996541/
					https://www.ncbi.nlm.nih.gov/pmc/articles/PMC12783661/
					https://www.ncbi.nlm.nih.gov/pmc/articles/PMC11527218/
					https://www.ncbi.nlm.nih.gov/pmc/articles/PMC7290959/
					https://www.ncbi.nlm.nih.gov/pmc/articles/PMC13089899/
					https://www.ncbi.nlm.nih.gov/pmc/articles/PMC11340991/
					https://www.ncbi.nlm.nih.gov/pmc/articles/PMC13180967/
					https://www.ncbi.nlm.nih.gov/pmc/articles/PMC13385352/
					https://www.ncbi.nlm.nih.gov/pmc/articles/PMC12735598/
					https://www.ncbi.nlm.nih.gov/pmc/articles/PMC13385815/
					https://www.ncbi.nlm.nih.gov/pmc/articles/PMC12306926/
					https://www.ncbi.nlm.nih.gov/pmc/articles/PMC12889433/
					https://www.ncbi.nlm.nih.gov/pmc/articles/PMC12321214/
					https://www.ncbi.nlm.nih.gov/pmc/articles/PMC12870643/
					https://www.ncbi.nlm.nih.gov/pmc/articles/PMC4161864/
					https://www.ncbi.nlm.nih.gov/pmc/articles/PMC9124307/
					https://www.ncbi.nlm.nih.gov/pmc/articles/PMC10562835/
					https://www.ncbi.nlm.nih.gov/pmc/articles/PMC12038215/
					https://www.ncbi.nlm.nih.gov/pmc/articles/PMC13011495/
					https://www.ncbi.nlm.nih.gov/pmc/articles/PMC13248890/
					https://www.ncbi.nlm.nih.gov/pmc/articles/PMC13338713/
					https://www.ncbi.nlm.nih.gov/pmc/articles/PMC13385209/
					https://www.ncbi.nlm.nih.gov/pmc/articles/PMC11682225/
					https://www.ncbi.nlm.nih.gov/pmc/articles/PMC11796045/
					https://www.ncbi.nlm.nih.gov/pmc/articles/PMC11710337/
					https://www.ncbi.nlm.nih.gov/pmc/articles/PMC10245417/
					https://www.ncbi.nlm.nih.gov/pmc/articles/PMC11881609/
					https://www.ncbi.nlm.nih.gov/pmc/articles/PMC12539536/
					https://www.ncbi.nlm.nih.gov/pmc/articles/PMC12538367/
					https://www.ncbi.nlm.nih.gov/pmc/articles/PMC12316861/
					https://www.ncbi.nlm.nih.gov/pmc/articles/PMC9825010/
					https://www.ncbi.nlm.nih.gov/pmc/articles/PMC13419030/
					https://www.ncbi.nlm.nih.gov/pmc/articles/PMC12240798/
					https://www.ncbi.nlm.nih.gov/pmc/articles/PMC11497712/
					https://www.ncbi.nlm.nih.gov/pmc/articles/PMC12083576/
					https://www.ncbi.nlm.nih.gov/pmc/articles/PMC13344984/
					https://www.ncbi.nlm.nih.gov/pmc/articles/PMC12133586/
					https://www.ncbi.nlm.nih.gov/pmc/articles/PMC11325748/
					https://www.ncbi.nlm.nih.gov/pmc/articles/PMC13228852/
					https://www.ncbi.nlm.nih.gov/pmc/articles/PMC10904829/
					https://www.ncbi.nlm.nih.gov/pmc/articles/PMC10733301/
					https://www.ncbi.nlm.nih.gov/pmc/articles/PMC11851157/
					https://www.ncbi.nlm.nih.gov/pmc/articles/PMC13135912/
					https://www.ncbi.nlm.nih.gov/pmc/articles/PMC11783964/
					https://www.ncbi.nlm.nih.gov/pmc/articles/PMC12646536/
					https://www.ncbi.nlm.nih.gov/pmc/articles/PMC9873630/
					https://www.ncbi.nlm.nih.gov/pmc/articles/PMC12354284/
					https://www.ncbi.nlm.nih.gov/pmc/articles/PMC13426767/
					https://www.ncbi.nlm.nih.gov/pmc/articles/PMC10715728/
					https://www.ncbi.nlm.nih.gov/pmc/articles/PMC13290867/
					https://www.ncbi.nlm.nih.gov/pmc/articles/PMC12683789/
					https://www.ncbi.nlm.nih.gov/pmc/articles/PMC13265534/
					https://www.ncbi.nlm.nih.gov/pmc/articles/PMC12152373/
					https://www.ncbi.nlm.nih.gov/pmc/articles/PMC11722429/
					https://www.ncbi.nlm.nih.gov/pmc/articles/PMC12386377/
					https://www.ncbi.nlm.nih.gov/pmc/articles/PMC13039853/
					https://www.ncbi.nlm.nih.gov/pmc/articles/PMC12324528/
					https://www.ncbi.nlm.nih.gov/pmc/articles/PMC12997855/
					https://www.ncbi.nlm.nih.gov/pmc/articles/PMC13348822/
					https://www.ncbi.nlm.nih.gov/pmc/articles/PMC13192593/
					https://www.ncbi.nlm.nih.gov/pmc/articles/PMC12106835/
					https://www.ncbi.nlm.nih.gov/pmc/articles/PMC12922653/
					https://www.ncbi.nlm.nih.gov/pmc/articles/PMC10652298/
					https://www.ncbi.nlm.nih.gov/pmc/articles/PMC13177831/
					https://www.ncbi.nlm.nih.gov/pmc/articles/PMC12901210/
					https://www.ncbi.nlm.nih.gov/pmc/articles/PMC13371563/
					https://www.ncbi.nlm.nih.gov/pmc/articles/PMC10937150/
					https://www.ncbi.nlm.nih.gov/pmc/articles/PMC11667177/
					https://www.ncbi.nlm.nih.gov/pmc/articles/PMC11714570/
					https://www.ncbi.nlm.nih.gov/pmc/articles/PMC13369427/
					https://www.ncbi.nlm.nih.gov/pmc/articles/PMC11739074/
					https://www.ncbi.nlm.nih.gov/pmc/articles/PMC13405502/
					https://www.ncbi.nlm.nih.gov/pmc/articles/PMC13336413/
					https://www.ncbi.nlm.nih.gov/pmc/articles/PMC11006751/
					https://www.ncbi.nlm.nih.gov/pmc/articles/PMC12751640/
					https://www.ncbi.nlm.nih.gov/pmc/articles/PMC13227544/
					https://www.ncbi.nlm.nih.gov/pmc/articles/PMC10793533/
					https://www.ncbi.nlm.nih.gov/pmc/articles/PMC13211511/
					https://www.ncbi.nlm.nih.gov/pmc/articles/PMC13095869/
					https://www.ncbi.nlm.nih.gov/pmc/articles/PMC6562315/
					https://www.ncbi.nlm.nih.gov/pmc/articles/PMC12725377/
					https://www.ncbi.nlm.nih.gov/pmc/articles/PMC12822790/
					https://www.ncbi.nlm.nih.gov/pmc/articles/PMC11712807/
					https://www.ncbi.nlm.nih.gov/pmc/articles/PMC12521299/
					https://www.ncbi.nlm.nih.gov/pmc/articles/PMC13145175/
					https://www.ncbi.nlm.nih.gov/pmc/articles/PMC6797798/
					https://www.ncbi.nlm.nih.gov/pmc/articles/PMC10802729/
					https://www.ncbi.nlm.nih.gov/pmc/articles/PMC13190377/
					https://www.ncbi.nlm.nih.gov/pmc/articles/PMC12779114/
					https://www.ncbi.nlm.nih.gov/pmc/articles/PMC11370476/
					https://www.ncbi.nlm.nih.gov/pmc/articles/PMC12560119/
					https://www.ncbi.nlm.nih.gov/pmc/articles/PMC11089003/
					https://www.ncbi.nlm.nih.gov/pmc/articles/PMC11715492/
					https://www.ncbi.nlm.nih.gov/pmc/articles/PMC3893491/
					https://www.ncbi.nlm.nih.gov/pmc/articles/PMC3597511/
					https://www.ncbi.nlm.nih.gov/pmc/articles/PMC11689430/
					https://www.ncbi.nlm.nih.gov/pmc/articles/PMC13225313/
					https://www.ncbi.nlm.nih.gov/pmc/articles/PMC13385833/
					https://www.ncbi.nlm.nih.gov/pmc/articles/PMC13094437/
					https://www.ncbi.nlm.nih.gov/pmc/articles/PMC13366500/
					https://www.ncbi.nlm.nih.gov/pmc/articles/PMC11247696/
					https://www.ncbi.nlm.nih.gov/pmc/articles/PMC12333916/
					https://www.ncbi.nlm.nih.gov/pmc/articles/PMC13131628/
					https://www.ncbi.nlm.nih.gov/pmc/articles/PMC12725060/
					https://www.ncbi.nlm.nih.gov/pmc/articles/PMC13145416/
					https://www.ncbi.nlm.nih.gov/pmc/articles/PMC10769366/
					https://www.ncbi.nlm.nih.gov/pmc/articles/PMC9473641/
					https://www.ncbi.nlm.nih.gov/pmc/articles/PMC13394468/
					https://www.ncbi.nlm.nih.gov/pmc/articles/PMC11469353/
					https://www.ncbi.nlm.nih.gov/pmc/articles/PMC13006465/
					https://www.ncbi.nlm.nih.gov/pmc/articles/PMC11580859/
					https://www.ncbi.nlm.nih.gov/pmc/articles/PMC11709973/
					https://www.ncbi.nlm.nih.gov/pmc/articles/PMC13404865/
					https://www.ncbi.nlm.nih.gov/pmc/articles/PMC13438111/
					https://www.ncbi.nlm.nih.gov/pmc/articles/PMC10926682/
					https://www.ncbi.nlm.nih.gov/pmc/articles/PMC12960946/
					https://www.ncbi.nlm.nih.gov/pmc/articles/PMC13148697/
					https://www.ncbi.nlm.nih.gov/pmc/articles/PMC12813400/
					https://www.ncbi.nlm.nih.gov/pmc/articles/PMC11609018/
					https://www.ncbi.nlm.nih.gov/pmc/articles/PMC13192087/
					https://www.ncbi.nlm.nih.gov/pmc/articles/PMC13222651/
					https://www.ncbi.nlm.nih.gov/pmc/articles/PMC12893287/
					https://www.ncbi.nlm.nih.gov/pmc/articles/PMC12129468/
					https://www.ncbi.nlm.nih.gov/pmc/articles/PMC13369994/
					https://www.ncbi.nlm.nih.gov/pmc/articles/PMC12406597/
					https://www.ncbi.nlm.nih.gov/pmc/articles/PMC10106526/
					https://www.ncbi.nlm.nih.gov/pmc/articles/PMC12533437/
					https://www.ncbi.nlm.nih.gov/pmc/articles/PMC13389112/
					https://www.ncbi.nlm.nih.gov/pmc/articles/PMC10917053/
					https://www.ncbi.nlm.nih.gov/pmc/articles/PMC13060511/
					https://www.ncbi.nlm.nih.gov/pmc/articles/PMC12539931/
					https://www.ncbi.nlm.nih.gov/pmc/articles/PMC11773067/
					https://www.ncbi.nlm.nih.gov/pmc/articles/PMC13309227/
					https://www.ncbi.nlm.nih.gov/pmc/articles/PMC11715457/
					https://www.ncbi.nlm.nih.gov/pmc/articles/PMC11715963/
					https://www.ncbi.nlm.nih.gov/pmc/articles/PMC12012329/
					https://www.ncbi.nlm.nih.gov/pmc/articles/PMC11157553/
					https://www.ncbi.nlm.nih.gov/pmc/articles/PMC12918791/
					https://www.ncbi.nlm.nih.gov/pmc/articles/PMC11258485/
					https://www.ncbi.nlm.nih.gov/pmc/articles/PMC12835222/
					https://www.ncbi.nlm.nih.gov/pmc/articles/PMC13303759/
					https://www.ncbi.nlm.nih.gov/pmc/articles/PMC11710621/
					https://www.ncbi.nlm.nih.gov/pmc/articles/PMC12730505/
					https://www.ncbi.nlm.nih.gov/pmc/articles/PMC13017228/
					https://www.ncbi.nlm.nih.gov/pmc/articles/PMC12282103/
					https://www.ncbi.nlm.nih.gov/pmc/articles/PMC11627187/
					https://www.ncbi.nlm.nih.gov/pmc/articles/PMC12305934/
					https://www.ncbi.nlm.nih.gov/pmc/articles/PMC7655942/
					https://www.ncbi.nlm.nih.gov/pmc/articles/PMC12872923/
					https://www.ncbi.nlm.nih.gov/pmc/articles/PMC11715864/
					https://www.ncbi.nlm.nih.gov/pmc/articles/PMC13266502/
					https://www.ncbi.nlm.nih.gov/pmc/articles/PMC12725767/
					https://www.ncbi.nlm.nih.gov/pmc/articles/PMC12904067/
					https://www.ncbi.nlm.nih.gov/pmc/articles/PMC12315119/
					https://www.ncbi.nlm.nih.gov/pmc/articles/PMC10824854/
					https://www.ncbi.nlm.nih.gov/pmc/articles/PMC10569314/
					https://www.ncbi.nlm.nih.gov/pmc/articles/PMC13387544/
					https://www.ncbi.nlm.nih.gov/pmc/articles/PMC13060379/
					https://www.ncbi.nlm.nih.gov/pmc/articles/PMC12873922/
					https://www.ncbi.nlm.nih.gov/pmc/articles/PMC11710647/
					https://www.ncbi.nlm.nih.gov/pmc/articles/PMC12622173/
					https://www.ncbi.nlm.nih.gov/pmc/articles/PMC13219826/
					https://www.ncbi.nlm.nih.gov/pmc/articles/PMC11584879/
					https://www.ncbi.nlm.nih.gov/pmc/articles/PMC12265027/
					https://www.ncbi.nlm.nih.gov/pmc/articles/PMC13001421/
					https://www.ncbi.nlm.nih.gov/pmc/articles/PMC10019964/
					https://www.ncbi.nlm.nih.gov/pmc/articles/PMC12871216/
					https://www.ncbi.nlm.nih.gov/pmc/articles/PMC13370530/
					https://www.ncbi.nlm.nih.gov/pmc/articles/PMC10836119/
					https://www.ncbi.nlm.nih.gov/pmc/articles/PMC10996392/
					https://www.ncbi.nlm.nih.gov/pmc/articles/PMC9853565/
					https://www.ncbi.nlm.nih.gov/pmc/articles/PMC13347942/
					https://www.ncbi.nlm.nih.gov/pmc/articles/PMC12198473/
					https://www.ncbi.nlm.nih.gov/pmc/articles/PMC13278961/
					https://www.ncbi.nlm.nih.gov/pmc/articles/PMC12240559/
					https://www.ncbi.nlm.nih.gov/pmc/articles/PMC12738157/
					https://www.ncbi.nlm.nih.gov/pmc/articles/PMC12579262/
					https://www.ncbi.nlm.nih.gov/pmc/articles/PMC13140259/
					https://www.ncbi.nlm.nih.gov/pmc/articles/PMC12719819/
					https://www.ncbi.nlm.nih.gov/pmc/articles/PMC12855625/
					https://www.ncbi.nlm.nih.gov/pmc/articles/PMC12491694/
					https://www.ncbi.nlm.nih.gov/pmc/articles/PMC7190063/
					https://www.ncbi.nlm.nih.gov/pmc/articles/PMC7619246/
					https://www.ncbi.nlm.nih.gov/pmc/articles/PMC10917780/
					https://www.ncbi.nlm.nih.gov/pmc/articles/PMC11092597/
					https://www.ncbi.nlm.nih.gov/pmc/articles/PMC13374842/
fsusieR		created	https://github.com/stephenslab/fsusieR	The fsusieR R package is available on GitHub at https://github.com/stephenslab/fsusieR	https://www.ncbi.nlm.nih.gov/pmc/articles/PMC12363973/
VCPA	1.1	used	http://www.niagads.org/VCPA/	VCPA 1.1 (http://www.niagads.org/VCPA/)	https://www.ncbi.nlm.nih.gov/pmc/articles/PMC12363973/
BWA-MEM	0.7.15	used	https://github.com/lh3/bwa/	BWA-MEM 0.7.15 (https://github.com/lh3/bwa/)	https://www.ncbi.nlm.nih.gov/pmc/articles/PMC12363973/
GATK	4.1.1	used	https://gatk.broadinstitute.org	GATK 4.1.1 (https://gatk.broadinstitute.org)	https://www.ncbi.nlm.nih.gov/pmc/articles/PMC12363973/
FastQC	0.12.1	used	http://www.bioinformatics.babraham.ac.uk/projects/fastqc/	FastQC 0.12.1 (http://www.bioinformatics.babraham.ac.uk/projects/fastqc/)	https://www.ncbi.nlm.nih.gov/pmc/articles/PMC12363973/
fastp	0.23.4	used	https://github.com/OpenGene/fastp/	fastp 0.23.4 (https://github.com/OpenGene/fastp/)	https://www.ncbi.nlm.nih.gov/pmc/articles/PMC12363973/
STAR	2.7.11b	used	https://github.com/alexdobin/STAR/	STAR 2.7.11b (https://github.com/alexdobin/STAR/)	https://www.ncbi.nlm.nih.gov/pmc/articles/PMC12363973/
WASP		used	https://github.com/bmvdgeijn/WASP/	WASP (https://github.com/bmvdgeijn/WASP/)	https://www.ncbi.nlm.nih.gov/pmc/articles/PMC12363973/
Picard	3.1.0	used	https://broadinstitute.github.io/picard/	Picard 3.1.0 (https://broadinstitute.github.io/picard/)	https://www.ncbi.nlm.nih.gov/pmc/articles/PMC12363973/
RNA-SeQC	2.4.2	used	https://github.com/getzlab/rnaseqc/	RNA-SeQC 2.4.2 (https://github.com/getzlab/rnaseqc/)	https://www.ncbi.nlm.nih.gov/pmc/articles/PMC12363973/
MACS2		used	https://github.com/macs3-project/MACS/	MACS2 (https://github.com/macs3-project/MACS/)	https://www.ncbi.nlm.nih.gov/pmc/articles/PMC12363973/
ComBat		used	https://github.com/epigenelabs/pyComBat/	ComBat (https://github.com/epigenelabs/pyComBat/)	https://www.ncbi.nlm.nih.gov/pmc/articles/PMC12363973/
PLINK	1.9	used	https://www.cog-genomics.org/plink/	PLINK 1.9 (https://www.cog-genomics.org/plink/)	https://www.ncbi.nlm.nih.gov/pmc/articles/PMC12363973/
TensorQTL	1.0.8	used	https://github.com/broadinstitute/tensorqtl/	TensorQTL 1.0.8 (https://github.com/broadinstitute/tensorqtl/)	https://www.ncbi.nlm.nih.gov/pmc/articles/PMC12363973/
sim1000G	1.40	used	https://github.com/adimitromanolakis/sim1000G	sim1000G 1.40 (https://github.com/adimitromanolakis/sim1000G)	https://www.ncbi.nlm.nih.gov/pmc/articles/PMC12363973/
WGBSSuite	0.4	used	https://github.com/SystemsGeneticsSG/WGBSSuite/	WGBSSuite 0.4 (https://github.com/SystemsGeneticsSG/WGBSSuite/)	https://www.ncbi.nlm.nih.gov/pmc/articles/PMC12363973/
SeqSIMLA		used	https://seqsimla.sourceforge.net/	SeqSIMLA (https://seqsimla.sourceforge.net/)	https://www.ncbi.nlm.nih.gov/pmc/articles/PMC12363973/
susieR	0.14.7	used	https://github.com/stephenslab/susieR/	susieR 0.14.7 (https://github.com/stephenslab/susieR/)	https://www.ncbi.nlm.nih.gov/pmc/articles/PMC12363973/
coloc	5.2.3	used	https://github.com/chr1swallace/coloc/	coloc 5.2.3 (https://github.com/chr1swallace/coloc/)	https://www.ncbi.nlm.nih.gov/pmc/articles/PMC12363973/
ashr	2.2–63	used	https://github.com/stephens999/ashr/	ashr 2.2–63 (https://github.com/stephens999/ashr/)	https://www.ncbi.nlm.nih.gov/pmc/articles/PMC12363973/
mixsqp	0.3.18	used	https://github.com/stephenslab/mixsqp/	mixsqp 0.3.18 (https://	https://www.ncbi.nlm.nih.gov/pmc/articles/PMC12363973/
					https://www.ncbi.nlm.nih.gov/pmc/articles/PMC12880608/
					https://www.ncbi.nlm.nih.gov/pmc/articles/PMC12360426/
					https://www.ncbi.nlm.nih.gov/pmc/articles/PMC11710570/
					https://www.ncbi.nlm.nih.gov/pmc/articles/PMC10705656/
					https://www.ncbi.nlm.nih.gov/pmc/articles/PMC13233929/
					https://www.ncbi.nlm.nih.gov/pmc/articles/PMC10473810/
					https://www.ncbi.nlm.nih.gov/pmc/articles/PMC10772079/
					https://www.ncbi.nlm.nih.gov/pmc/articles/PMC12146652/
					https://www.ncbi.nlm.nih.gov/pmc/articles/PMC13388660/
					https://www.ncbi.nlm.nih.gov/pmc/articles/PMC12812530/
					https://www.ncbi.nlm.nih.gov/pmc/articles/PMC12777960/
					https://www.ncbi.nlm.nih.gov/pmc/articles/PMC12351396/
					https://www.ncbi.nlm.nih.gov/pmc/articles/PMC7618987/
					https://www.ncbi.nlm.nih.gov/pmc/articles/PMC11209802/
					https://www.ncbi.nlm.nih.gov/pmc/articles/PMC11496230/
					https://www.ncbi.nlm.nih.gov/pmc/articles/PMC13222108/
					https://www.ncbi.nlm.nih.gov/pmc/articles/PMC13014877/
					https://www.ncbi.nlm.nih.gov/pmc/articles/PMC11716542/
					https://www.ncbi.nlm.nih.gov/pmc/articles/PMC10646035/
					https://www.ncbi.nlm.nih.gov/pmc/articles/PMC10831519/
					https://www.ncbi.nlm.nih.gov/pmc/articles/PMC13058827/
					https://www.ncbi.nlm.nih.gov/pmc/articles/PMC13060142/
					https://www.ncbi.nlm.nih.gov/pmc/articles/PMC11924605/
					https://www.ncbi.nlm.nih.gov/pmc/articles/PMC12175351/
					https://www.ncbi.nlm.nih.gov/pmc/articles/PMC13177812/
					https://www.ncbi.nlm.nih.gov/pmc/articles/PMC12264832/
					https://www.ncbi.nlm.nih.gov/pmc/articles/PMC13051873/
					https://www.ncbi.nlm.nih.gov/pmc/articles/PMC10984441/
					https://www.ncbi.nlm.nih.gov/pmc/articles/PMC12724905/
					https://www.ncbi.nlm.nih.gov/pmc/articles/PMC13288753/
					https://www.ncbi.nlm.nih.gov/pmc/articles/PMC12217023/
					https://www.ncbi.nlm.nih.gov/pmc/articles/PMC13175891/
					https://www.ncbi.nlm.nih.gov/pmc/articles/PMC11716574/
					https://www.ncbi.nlm.nih.gov/pmc/articles/PMC12944623/
					https://www.ncbi.nlm.nih.gov/pmc/articles/PMC10914441/
					https://www.ncbi.nlm.nih.gov/pmc/articles/PMC13425566/
					https://www.ncbi.nlm.nih.gov/pmc/articles/PMC13366786/
					https://www.ncbi.nlm.nih.gov/pmc/articles/PMC12768243/
					https://www.ncbi.nlm.nih.gov/pmc/articles/PMC12163498/
					https://www.ncbi.nlm.nih.gov/pmc/articles/PMC11716567/
					https://www.ncbi.nlm.nih.gov/pmc/articles/PMC13327099/
					https://www.ncbi.nlm.nih.gov/pmc/articles/PMC11192733/
					https://www.ncbi.nlm.nih.gov/pmc/articles/PMC13043410/
					https://www.ncbi.nlm.nih.gov/pmc/articles/PMC13142348/
					https://www.ncbi.nlm.nih.gov/pmc/articles/PMC12686522/
					https://www.ncbi.nlm.nih.gov/pmc/articles/PMC12439377/
					https://www.ncbi.nlm.nih.gov/pmc/articles/PMC10635242/
					https://www.ncbi.nlm.nih.gov/pmc/articles/PMC10695556/
					https://www.ncbi.nlm.nih.gov/pmc/articles/PMC12957035/
					https://www.ncbi.nlm.nih.gov/pmc/articles/PMC13069905/
					https://www.ncbi.nlm.nih.gov/pmc/articles/PMC10579282/
					https://www.ncbi.nlm.nih.gov/pmc/articles/PMC12140535/
					https://www.ncbi.nlm.nih.gov/pmc/articles/PMC11570228/
					https://www.ncbi.nlm.nih.gov/pmc/articles/PMC13082087/
					https://www.ncbi.nlm.nih.gov/pmc/articles/PMC12905977/
					https://www.ncbi.nlm.nih.gov/pmc/articles/PMC11485314/
					https://www.ncbi.nlm.nih.gov/pmc/articles/PMC13345160/
					https://www.ncbi.nlm.nih.gov/pmc/articles/PMC13116076/
					https://www.ncbi.nlm.nih.gov/pmc/articles/PMC8055900/
					https://www.ncbi.nlm.nih.gov/pmc/articles/PMC12796086/
					https://www.ncbi.nlm.nih.gov/pmc/articles/PMC13041816/
					https://www.ncbi.nlm.nih.gov/pmc/articles/PMC12583651/
					https://www.ncbi.nlm.nih.gov/pmc/articles/PMC13019312/
					https://www.ncbi.nlm.nih.gov/pmc/articles/PMC12506319/
					https://www.ncbi.nlm.nih.gov/pmc/articles/PMC12042120/
					https://www.ncbi.nlm.nih.gov/pmc/articles/PMC13388902/
					https://www.ncbi.nlm.nih.gov/pmc/articles/PMC12855312/
					https://www.ncbi.nlm.nih.gov/pmc/articles/PMC9245608/
					https://www.ncbi.nlm.nih.gov/pmc/articles/PMC13452397/
					https://www.ncbi.nlm.nih.gov/pmc/articles/PMC11230156/
					https://www.ncbi.nlm.nih.gov/pmc/articles/PMC12459608/
					https://www.ncbi.nlm.nih.gov/pmc/articles/PMC12957516/
					https://www.ncbi.nlm.nih.gov/pmc/articles/PMC13093453/
					https://www.ncbi.nlm.nih.gov/pmc/articles/PMC11180878/
					https://www.ncbi.nlm.nih.gov/pmc/articles/PMC11710213/
					https://www.ncbi.nlm.nih.gov/pmc/articles/PMC10629764/
					https://www.ncbi.nlm.nih.gov/pmc/articles/PMC13098771/
					https://www.ncbi.nlm.nih.gov/pmc/articles/PMC12723720/
					https://www.ncbi.nlm.nih.gov/pmc/articles/PMC12639400/
					https://www.ncbi.nlm.nih.gov/pmc/articles/PMC12914408/
					https://www.ncbi.nlm.nih.gov/pmc/articles/PMC11968855/
					https://www.ncbi.nlm.nih.gov/pmc/articles/PMC13105049/
					https://www.ncbi.nlm.nih.gov/pmc/articles/PMC13199065/
					https://www.ncbi.nlm.nih.gov/pmc/articles/PMC11715005/
					https://www.ncbi.nlm.nih.gov/pmc/articles/PMC12722193/
					https://www.ncbi.nlm.nih.gov/pmc/articles/PMC12602841/
					https://www.ncbi.nlm.nih.gov/pmc/articles/PMC12708718/
					https://www.ncbi.nlm.nih.gov/pmc/articles/PMC11739919/
					https://www.ncbi.nlm.nih.gov/pmc/articles/PMC12622167/
					https://www.ncbi.nlm.nih.gov/pmc/articles/PMC12448040/
					https://www.ncbi.nlm.nih.gov/pmc/articles/PMC13346217/
					https://www.ncbi.nlm.nih.gov/pmc/articles/PMC5644370/
					https://www.ncbi.nlm.nih.gov/pmc/articles/PMC13396239/
					https://www.ncbi.nlm.nih.gov/pmc/articles/PMC12844133/
					https://www.ncbi.nlm.nih.gov/pmc/articles/PMC12167690/
					https://www.ncbi.nlm.nih.gov/pmc/articles/PMC12633614/
					https://www.ncbi.nlm.nih.gov/pmc/articles/PMC11929800/
					https://www.ncbi.nlm.nih.gov/pmc/articles/PMC12933571/
					https://www.ncbi.nlm.nih.gov/pmc/articles/PMC8967427/
					https://www.ncbi.nlm.nih.gov/pmc/articles/PMC12703885/
					https://www.ncbi.nlm.nih.gov/pmc/articles/PMC11919761/
					https://www.ncbi.nlm.nih.gov/pmc/articles/PMC13370457/
					https://www.ncbi.nlm.nih.gov/pmc/articles/PMC11484020/
					https://www.ncbi.nlm.nih.gov/pmc/articles/PMC7919133/
					https://www.ncbi.nlm.nih.gov/pmc/articles/PMC13112928/
					https://www.ncbi.nlm.nih.gov/pmc/articles/PMC11567862/
					https://www.ncbi.nlm.nih.gov/pmc/articles/PMC11852348/
					https://www.ncbi.nlm.nih.gov/pmc/articles/PMC12883701/
					https://www.ncbi.nlm.nih.gov/pmc/articles/PMC10738418/
					https://www.ncbi.nlm.nih.gov/pmc/articles/PMC12822656/
					https://www.ncbi.nlm.nih.gov/pmc/articles/PMC10876178/
					https://www.ncbi.nlm.nih.gov/pmc/articles/PMC1592477/
					https://www.ncbi.nlm.nih.gov/pmc/articles/PMC11313277/
					https://www.ncbi.nlm.nih.gov/pmc/articles/PMC13276616/
					https://www.ncbi.nlm.nih.gov/pmc/articles/PMC3274506/
					https://www.ncbi.nlm.nih.gov/pmc/articles/PMC13405470/
					https://www.ncbi.nlm.nih.gov/pmc/articles/PMC11716821/
					https://www.ncbi.nlm.nih.gov/pmc/articles/PMC13405111/
					https://www.ncbi.nlm.nih.gov/pmc/articles/PMC11989394/
					https://www.ncbi.nlm.nih.gov/pmc/articles/PMC13131567/
					https://www.ncbi.nlm.nih.gov/pmc/articles/PMC9925742/
					https://www.ncbi.nlm.nih.gov/pmc/articles/PMC13142618/
					https://www.ncbi.nlm.nih.gov/pmc/articles/PMC12636713/
Genal	1.5	used	https://github.com/CypRiv/genal	Genetic analyses including clumping, polygenic risk scoring and all Mendelian Randomization analyses were performed using the Genal 1.5 package in Python 3.9.1. The Genal package and associated code examples are publicly available at https://github.com/CypRiv/genal.	https://www.ncbi.nlm.nih.gov/pmc/articles/PMC13105117/
					https://www.ncbi.nlm.nih.gov/pmc/articles/PMC13009408/
					https://www.ncbi.nlm.nih.gov/pmc/articles/PMC12424904/
					https://www.ncbi.nlm.nih.gov/pmc/articles/PMC12501883/
					https://www.ncbi.nlm.nih.gov/pmc/articles/PMC13251430/
					https://www.ncbi.nlm.nih.gov/pmc/articles/PMC12661941/
					https://www.ncbi.nlm.nih.gov/pmc/articles/PMC12092304/
					https://www.ncbi.nlm.nih.gov/pmc/articles/PMC5992755/
					https://www.ncbi.nlm.nih.gov/pmc/articles/PMC11408253/
					https://www.ncbi.nlm.nih.gov/pmc/articles/PMC13047507/
					https://www.ncbi.nlm.nih.gov/pmc/articles/PMC12758297/
					https://www.ncbi.nlm.nih.gov/pmc/articles/PMC10984451/
					https://www.ncbi.nlm.nih.gov/pmc/articles/PMC13321593/
					https://www.ncbi.nlm.nih.gov/pmc/articles/PMC12865325/
					https://www.ncbi.nlm.nih.gov/pmc/articles/PMC11710841/
					https://www.ncbi.nlm.nih.gov/pmc/articles/PMC11118656/
					https://www.ncbi.nlm.nih.gov/pmc/articles/PMC12739524/
					https://www.ncbi.nlm.nih.gov/pmc/articles/PMC11668178/
					https://www.ncbi.nlm.nih.gov/pmc/articles/PMC11513015/
					https://www.ncbi.nlm.nih.gov/pmc/articles/PMC13040832/
					https://www.ncbi.nlm.nih.gov/pmc/articles/PMC13202090/
					https://www.ncbi.nlm.nih.gov/pmc/articles/PMC13121454/
					https://www.ncbi.nlm.nih.gov/pmc/articles/PMC7666177/
					https://www.ncbi.nlm.nih.gov/pmc/articles/PMC11005142/
					https://www.ncbi.nlm.nih.gov/pmc/articles/PMC4879649/
