software_name	version	mention_type	url	context_from_paper	source_url
					https://www.ncbi.nlm.nih.gov/pmc/articles/PMC13110254/
					https://www.ncbi.nlm.nih.gov/pmc/articles/PMC12475289/
					https://www.ncbi.nlm.nih.gov/pmc/articles/PMC12805144/
					https://www.ncbi.nlm.nih.gov/pmc/articles/PMC10760001/
					https://www.ncbi.nlm.nih.gov/pmc/articles/PMC10955651/
GitHub		used	https://github.com/SysBioGTU/AsymAD_Transcriptomic_Profiles	The underlying code for this study is available on GitHub and can be accessed via this link: https://github.com/SysBioGTU/AsymAD_Transcriptomic_Profiles .	https://www.ncbi.nlm.nih.gov/pmc/articles/PMC12996523/
					https://www.ncbi.nlm.nih.gov/pmc/articles/PMC12204297/
					https://www.ncbi.nlm.nih.gov/pmc/articles/PMC13161881/
					https://www.ncbi.nlm.nih.gov/pmc/articles/PMC12212002/
					https://www.ncbi.nlm.nih.gov/pmc/articles/PMC12192201/
					https://www.ncbi.nlm.nih.gov/pmc/articles/PMC11557736/
					https://www.ncbi.nlm.nih.gov/pmc/articles/PMC12895082/
					https://www.ncbi.nlm.nih.gov/pmc/articles/PMC11772710/
					https://www.ncbi.nlm.nih.gov/pmc/articles/PMC11330222/
					https://www.ncbi.nlm.nih.gov/pmc/articles/PMC13109652/
					https://www.ncbi.nlm.nih.gov/pmc/articles/PMC13091107/
					https://www.ncbi.nlm.nih.gov/pmc/articles/PMC13016766/
					https://www.ncbi.nlm.nih.gov/pmc/articles/PMC12913073/
					https://www.ncbi.nlm.nih.gov/pmc/articles/PMC12457516/
					https://www.ncbi.nlm.nih.gov/pmc/articles/PMC13340103/
					https://www.ncbi.nlm.nih.gov/pmc/articles/PMC12805464/
CVTC		created	https://github.com/52hearts3/CVTC	Our code has been uploaded to GitHub ( https://github.com/52hearts3/CVTC ).	https://www.ncbi.nlm.nih.gov/pmc/articles/PMC12800134/
					https://www.ncbi.nlm.nih.gov/pmc/articles/PMC12505017/
					https://www.ncbi.nlm.nih.gov/pmc/articles/PMC13339541/
					https://www.ncbi.nlm.nih.gov/pmc/articles/PMC12187977/
					https://www.ncbi.nlm.nih.gov/pmc/articles/PMC13278272/
					https://www.ncbi.nlm.nih.gov/pmc/articles/PMC12929348/
					https://www.ncbi.nlm.nih.gov/pmc/articles/PMC13131451/
					https://www.ncbi.nlm.nih.gov/pmc/articles/PMC12694578/
					https://www.ncbi.nlm.nih.gov/pmc/articles/PMC11559201/
DAD-MUG		created	https://github.com/compneurobio/DAD-MUG	All code used for the analyses in this study is available at https://github.com/compneurobio/DAD-MUG	https://www.ncbi.nlm.nih.gov/pmc/articles/PMC12934842/
					https://www.ncbi.nlm.nih.gov/pmc/articles/PMC10767283/
					https://www.ncbi.nlm.nih.gov/pmc/articles/PMC11888240/
					https://www.ncbi.nlm.nih.gov/pmc/articles/PMC12951793/
					https://www.ncbi.nlm.nih.gov/pmc/articles/PMC13278229/
					https://www.ncbi.nlm.nih.gov/pmc/articles/PMC11299072/
					https://www.ncbi.nlm.nih.gov/pmc/articles/PMC11800584/
					https://www.ncbi.nlm.nih.gov/pmc/articles/PMC13284678/
					https://www.ncbi.nlm.nih.gov/pmc/articles/PMC13049996/
Resilience-prediction-RNA-seq		created	https://github.com/matsui-lab/Resilience-prediction-RNA-seq	Codes used for the current analysis are available at: https://github.com/matsui-lab/Resilience-prediction-RNA-seq .	https://www.ncbi.nlm.nih.gov/pmc/articles/PMC11383294/
					https://www.ncbi.nlm.nih.gov/pmc/articles/PMC10547150/
C-BIG repository		used	https://www.mcgill.ca/neuro/open-science/c-big-repository	The data are available through the Clinical Biospecimen Imaging and Genetic (C-BIG) repository ( https://www.mcgill.ca/neuro/open-science/c-big-repository )	https://www.ncbi.nlm.nih.gov/pmc/articles/PMC11253223/
PREVENT-AD repository		used	https://openpreventad.loris.ca/	the PREVENT-AD repository ( https://openpreventad.loris.ca/ and https://registeredpreventad.loris.ca )	https://www.ncbi.nlm.nih.gov/pmc/articles/PMC11253223/
OMEGA repository		used	https://www.mcgill.ca/bic/resources/omega	the OMEGA repository ( https://www.mcgill.ca/bic/resources/omega )	https://www.ncbi.nlm.nih.gov/pmc/articles/PMC11253223/
neuromaps		used	https://github.com/netneurolab/neuromaps	Normative neurotransmitter density data are available from neuromaps ( https://github.com/netneurolab/neuromaps )	https://www.ncbi.nlm.nih.gov/pmc/articles/PMC11253223/
GitHub		used	https://github.com/jasondsc/PDneuralfingerprinting	All in-house code used for data analysis and visualization is available on GitHub https://github.com/jasondsc/PDneuralfingerprinting	https://www.ncbi.nlm.nih.gov/pmc/articles/PMC11253223/
NCDC Memorabel		used	https://github.com/MaastrichtU-CDS/ncdc-memorabel	NCDC Memorabel GitHub. Accessed. July 2024 via https://github.com/MaastrichtU-CDS/ncdc-memorabel	https://www.ncbi.nlm.nih.gov/pmc/articles/PMC11816548/
					https://www.ncbi.nlm.nih.gov/pmc/articles/PMC13122771/
					https://www.ncbi.nlm.nih.gov/pmc/articles/PMC12839143/
					https://www.ncbi.nlm.nih.gov/pmc/articles/PMC11302699/
					https://www.ncbi.nlm.nih.gov/pmc/articles/PMC13082890/
					https://www.ncbi.nlm.nih.gov/pmc/articles/PMC12780272/
					https://www.ncbi.nlm.nih.gov/pmc/articles/PMC11601697/
					https://www.ncbi.nlm.nih.gov/pmc/articles/PMC11307169/
					https://www.ncbi.nlm.nih.gov/pmc/articles/PMC11485084/
					https://www.ncbi.nlm.nih.gov/pmc/articles/PMC13098421/
PRS-CS		used	https://github.com/getian107/PRScs	In this paper, we used the Python implementation of PRS-CS available at https://github.com/getian107/PRScs.	https://www.ncbi.nlm.nih.gov/pmc/articles/PMC12040266/
Python		used		In this paper, we used the Python implementation of PRS-CS available at https://github.com/getian107/PRScs.	https://www.ncbi.nlm.nih.gov/pmc/articles/PMC12040266/
LDpred2		used		LDpred2 is another widely used method for constructing PRS, which leverages GWAS summary statistics and a linkage disequilibrium (LD) matrix.	https://www.ncbi.nlm.nih.gov/pmc/articles/PMC12040266/
bigsnpr		used	https://github.com/privefl/bigsnpr	In our analyses, we utilized LDpred2-auto as implemented in the R package bigsnpr ( https://github.com/privefl/bigsnpr ).	https://www.ncbi.nlm.nih.gov/pmc/articles/PMC12040266/
R		used		In our analyses, we utilized LDpred2-auto as implemented in the R package bigsnpr ( https://github.com/privefl/bigsnpr ).	https://www.ncbi.nlm.nih.gov/pmc/articles/PMC12040266/
ADSP Phenotype Harmonization Consortium		used	https://github.com/NIAGADS/ADSPIntegratedPhenotypes	To create a set of harmonized AD case/control phenotypes across the diverse cohorts included in ADSP, we applied the script provided by the ADSP Phenotype Harmonization Consortium ( https://github.com/NIAGADS/ADSPIntegratedPhenotypes ) with default settings.	https://www.ncbi.nlm.nih.gov/pmc/articles/PMC12040266/
LS-imputation_TWAS		created	https://github.com/RuoyuHe/LS-imputation_TWAS	The code used for the analyses presented in this paper is available at https://github.com/RuoyuHe/LS-imputation_TWAS.	https://www.ncbi.nlm.nih.gov/pmc/articles/PMC12040266/
DeLIVR		created	https://github.com/RuoyuHe/DeLIVR	The code for DeLIVR is available at https://github.com/RuoyuHe/DeLIVR.	https://www.ncbi.nlm.nih.gov/pmc/articles/PMC12040266/
LS-imputation		created	https://github.com/ren328/LSimputing	The code for LS-imputation is available at https://github.com/ren328/LSimputing.	https://www.ncbi.nlm.nih.gov/pmc/articles/PMC12040266/
					https://www.ncbi.nlm.nih.gov/pmc/articles/PMC12442454/
MaxQuant		used		Database search and label free quantification was performed using the MaxQuant software package (maxquant.org, Max-Planck Institute Munich)	https://www.ncbi.nlm.nih.gov/pmc/articles/PMC10543321/
Spectronaut		used		Database search and label free quantification was performed using the MaxQuant software package (maxquant.org, Max-Planck Institute Munich) [ 29 ] for DDA and Spectronaut (Biognosys, CH) or DIA-NN	https://www.ncbi.nlm.nih.gov/pmc/articles/PMC10543321/
DIA-NN	1.8	used	https://github.com/vdemichev/DiaNN	Database search and label free quantification was performed using the MaxQuant software package (maxquant.org, Max-Planck Institute Munich) [ 29 ] for DDA and Spectronaut (Biognosys, CH) or DIA-NN ( https://github.com/vdemichev/DiaNN , Version 1.8)	https://www.ncbi.nlm.nih.gov/pmc/articles/PMC10543321/
					https://www.ncbi.nlm.nih.gov/pmc/articles/PMC11272209/
					https://www.ncbi.nlm.nih.gov/pmc/articles/PMC11059256/
PPMI		used	https://www.ppmi-info.org/	The data supporting the findings from this study are available at the PPMI website ( https://www.ppmi-info.org/ ). This analysis used data openly available from the PPMI (Tier 1 data).	https://www.ncbi.nlm.nih.gov/pmc/articles/PMC13075382/
Systemic Synuclein Sampling Study (S4)		used	https://zenodo.org/records/7821869	Additional data from the Systemic Synuclein Sampling Study (S4) were available through Zenodo ( https://zenodo.org/records/7821869 ) after registration for approved data access.	https://www.ncbi.nlm.nih.gov/pmc/articles/PMC13075382/
					https://www.ncbi.nlm.nih.gov/pmc/articles/PMC13097112/
					https://www.ncbi.nlm.nih.gov/pmc/articles/PMC13137281/
					https://www.ncbi.nlm.nih.gov/pmc/articles/PMC13323295/
					https://www.ncbi.nlm.nih.gov/pmc/articles/PMC13054401/
					https://www.ncbi.nlm.nih.gov/pmc/articles/PMC10917015/
					https://www.ncbi.nlm.nih.gov/pmc/articles/PMC12580246/
					https://www.ncbi.nlm.nih.gov/pmc/articles/PMC11103763/
GenoTools		used	https://github.com/dvitale199/GenoTools	All samples in AoU, UKB, ADSP, and AMP PD datasets underwent a custom ancestry prediction pipeline included in the GenoTools package ( https://github.com/dvitale199/GenoTools )	https://www.ncbi.nlm.nih.gov/pmc/articles/PMC11601747/
1000 Genomes Project		used		In brief, ancestry was defined using reference panels from the 1000 Genomes Project, the Human Genome Diversity Project, and an Ashkenazi Jewish population dataset.	https://www.ncbi.nlm.nih.gov/pmc/articles/PMC11601747/
Human Genome Diversity Project		used		In brief, ancestry was defined using reference panels from the 1000 Genomes Project, the Human Genome Diversity Project, and an Ashkenazi Jewish population dataset.	https://www.ncbi.nlm.nih.gov/pmc/articles/PMC11601747/
Gene Expression Omnibus		used		We used a panel of 4,008 samples from 1000 Genomes Project and the Gene Expression Omnibus database ( www.ncbi.nlm.nih.gov/geo ; accession no. GSE23636 )	https://www.ncbi.nlm.nih.gov/pmc/articles/PMC11601747/
PLINK	1.9 and 2.0	used		We used PLINK (v1.9 and v2.0) [ 21 , 28 ] to extract genotypes for two APOE variants, rs429358 (chr19:44908684–44908685) and rs7412 (chr19:44908821–44908823), as a proxy for APOE allele status (ε1, ε2, ε3, and ε4) in the AoU, UKB, ADSP, and AMP PD datasets.	https://www.ncbi.nlm.nih.gov/pmc/articles/PMC11601747/
PLINK	2.0	used		In the 100KGP dataset, APOE genotypes were analyzed using PLINK v2.0 [ 21 ] in a multi-sample aggregated VCF provided in the Genomics England research environment.	https://www.ncbi.nlm.nih.gov/pmc/articles/PMC11601747/
					https://www.ncbi.nlm.nih.gov/pmc/articles/PMC12413719/
					https://www.ncbi.nlm.nih.gov/pmc/articles/PMC8461082/
					https://www.ncbi.nlm.nih.gov/pmc/articles/PMC2677204/
					https://www.ncbi.nlm.nih.gov/pmc/articles/PMC10806757/
					https://www.ncbi.nlm.nih.gov/pmc/articles/PMC11838922/
					https://www.ncbi.nlm.nih.gov/pmc/articles/PMC13142576/
					https://www.ncbi.nlm.nih.gov/pmc/articles/PMC12375874/
					https://www.ncbi.nlm.nih.gov/pmc/articles/PMC10593006/
					https://www.ncbi.nlm.nih.gov/pmc/articles/PMC13346179/
					https://www.ncbi.nlm.nih.gov/pmc/articles/PMC11982518/
					https://www.ncbi.nlm.nih.gov/pmc/articles/PMC11567871/
					https://www.ncbi.nlm.nih.gov/pmc/articles/PMC12934236/
					https://www.ncbi.nlm.nih.gov/pmc/articles/PMC12192400/
rfb		created	https://www.github.com/randalljellis/rfb	Code is available at www.github.com/randalljellis/rfb	https://www.ncbi.nlm.nih.gov/pmc/articles/PMC12668057/
GitHub		used	https://github.com/XinchaoHu9966/PDcode	All source code used for data preprocessing, model training, performance evaluation, and local deployment interface development is publicly available at the following GitHub repository: https://github.com/XinchaoHu9966/PDcode .	https://www.ncbi.nlm.nih.gov/pmc/articles/PMC12748221/
					https://www.ncbi.nlm.nih.gov/pmc/articles/PMC12881653/
					https://www.ncbi.nlm.nih.gov/pmc/articles/PMC13214193/
					https://www.ncbi.nlm.nih.gov/pmc/articles/PMC12869048/
AMP-AD database		used		The ROS/MAP cohort and GEO data will be freely available at the AMP-AD database (www.synapse.org)	https://www.ncbi.nlm.nih.gov/pmc/articles/PMC10635399/
GEO		used	http://www.ncbi.nlm.nih.gov/projects/geo/	The ROS/MAP cohort and GEO data will be freely available at the AMP-AD database (www.synapse.org) and the National Center for Biotechnology Information as accession numbers http://www.synapse.org/ GSE157239 (GSE157239 http://www.ncbi.nlm.nih.gov/projects/geo/)	https://www.ncbi.nlm.nih.gov/pmc/articles/PMC10635399/
Python	3.11	used		All model development, evaluation, and visualization were carried out using Python 3.11, Scikit-learn, and Matplotlib.	https://www.ncbi.nlm.nih.gov/pmc/articles/PMC12957191/
Scikit-learn		used		All model development, evaluation, and visualization were carried out using Python 3.11, Scikit-learn, and Matplotlib.	https://www.ncbi.nlm.nih.gov/pmc/articles/PMC12957191/
Matplotlib		used		All model development, evaluation, and visualization were carried out using Python 3.11, Scikit-learn, and Matplotlib.	https://www.ncbi.nlm.nih.gov/pmc/articles/PMC12957191/
Docker		used		The repository includes frozen environment files (requirements.txt with exact package versions), Docker container configuration (Dockerfile), and Conda environment specification (environment.yml) to ensure computational reproducibility.	https://www.ncbi.nlm.nih.gov/pmc/articles/PMC12957191/
Conda		used		The repository includes frozen environment files (requirements.txt with exact package versions), Docker container configuration (Dockerfile), and Conda environment specification (environment.yml) to ensure computational reproducibility.	https://www.ncbi.nlm.nih.gov/pmc/articles/PMC12957191/
					https://www.ncbi.nlm.nih.gov/pmc/articles/PMC5445592/
					https://www.ncbi.nlm.nih.gov/pmc/articles/PMC11146203/
					https://www.ncbi.nlm.nih.gov/pmc/articles/PMC11702271/
					https://www.ncbi.nlm.nih.gov/pmc/articles/PMC11192635/
					https://www.ncbi.nlm.nih.gov/pmc/articles/PMC10427416/
					https://www.ncbi.nlm.nih.gov/pmc/articles/PMC12892842/
					https://www.ncbi.nlm.nih.gov/pmc/articles/PMC11263168/
dbGaP		used	https://www.ncbi.nlm.nih.gov/gap/	dbGaP (  https://www.ncbi.nlm.nih.gov/gap/  )  https://www.ncbi.nlm.nih.gov/gap/	https://www.ncbi.nlm.nih.gov/pmc/articles/PMC11071554/
NIAGADS		used	https://www.niagads.org/	NIAGADS (  https://www.niagads.org/  )  https://www.niagads.org/	https://www.ncbi.nlm.nih.gov/pmc/articles/PMC11071554/
LONI		used	https://ida.loni.usc.edu/	LONI (  https://ida.loni.usc.edu/  )  https://ida.loni.usc.edu/	https://www.ncbi.nlm.nih.gov/pmc/articles/PMC11071554/
Synapse		used	https://www.synapse.org/	AMP-AD knowledge portal / Synapse (  https://www.synapse.org/  )  https://www.synapse.org/	https://www.ncbi.nlm.nih.gov/pmc/articles/PMC11071554/
Rush		used	https://www.radc.rush.edu/	Rush (  https://www.radc.rush.edu/  )  https://www.radc.rush.edu/	https://www.ncbi.nlm.nih.gov/pmc/articles/PMC11071554/
NACC		used	https://naccdata.org/	NACC (  https://naccdata.org/  )  https://naccdata.org/	https://www.ncbi.nlm.nih.gov/pmc/articles/PMC11071554/
UKB		used	https://www.ukbiobank.ac.uk/	UKB (  https://www.ukbiobank.ac.uk/  )  https://www.ukbiobank.ac.uk/	https://www.ncbi.nlm.nih.gov/pmc/articles/PMC11071554/
FinnGen		used	https://www.finngen.fi/en	FinnGen (  https://www.finngen.fi/en  )  https://www.finngen.fi/en	https://www.ncbi.nlm.nih.gov/pmc/articles/PMC11071554/
MVP		used	https://www.mvp.va.gov/	MVP (  https://www.mvp.va.gov/  )  https://www.mvp.va.gov/	https://www.ncbi.nlm.nih.gov/pmc/articles/PMC11071554/
eQTL catalogue		used	https://www.ebi.ac.uk/eqtl/	eQTL catalogue (  https://www.ebi.ac.uk/eqtl/  )  https://www.ebi.ac.uk/eqtl/	https://www.ncbi.nlm.nih.gov/pmc/articles/PMC11071554/
GTEx		used	https://www.gtexportal.org/home/	GTEx (  https://www.gtexportal.org/home/  )  https://www.gtexportal.org/home/	https://www.ncbi.nlm.nih.gov/pmc/articles/PMC11071554/
EMBL-EBI GWAS Catalog		used		Summary statistics generated by this study will be deposited in both NIAGADS and the EMBL-EBI GWAS Catalog.	https://www.ncbi.nlm.nih.gov/pmc/articles/PMC11071554/
FDRS		created	https://github.com/auccy/Jack.git	The code of FDRS is available via GitHub ( https://github.com/auccy/Jack.git ).	https://www.ncbi.nlm.nih.gov/pmc/articles/PMC11426130/
					https://www.ncbi.nlm.nih.gov/pmc/articles/PMC12633192/
					https://www.ncbi.nlm.nih.gov/pmc/articles/PMC12314505/
					https://www.ncbi.nlm.nih.gov/pmc/articles/PMC13242630/
					https://www.ncbi.nlm.nih.gov/pmc/articles/PMC11393069/
tranSMART		used		"Genome‐wide DNA methylation data for the 885 EMIF‐AD MBD samples are stored on an online data platform using the ""tranSMART"" data warehouse framework."	https://www.ncbi.nlm.nih.gov/pmc/articles/PMC11485320/
GitHub		used	https://github.com/UoE‐Dementia‐Genomics/EMIF_Biomarkers_Methylation	All analytical scripts/code are available at https://github.com/UoE‐Dementia‐Genomics/EMIF_Biomarkers_Methylation	https://www.ncbi.nlm.nih.gov/pmc/articles/PMC11485320/
GitHub		used	https://github.com/muhammed-ali/AlzDem_2026_AmyloidPET_Proteomics	The code used for the proteomics analyses is publicly available on GitHub (https://github.com/muhammed‐ali/AlzDem_2026_AmyloidPET_Proteomics).	https://www.ncbi.nlm.nih.gov/pmc/articles/PMC13284751/
					https://www.ncbi.nlm.nih.gov/pmc/articles/PMC13358372/
					https://www.ncbi.nlm.nih.gov/pmc/articles/PMC12854940/
					https://www.ncbi.nlm.nih.gov/pmc/articles/PMC13311454/
					https://www.ncbi.nlm.nih.gov/pmc/articles/PMC13113626/
					https://www.ncbi.nlm.nih.gov/pmc/articles/PMC12549918/
					https://www.ncbi.nlm.nih.gov/pmc/articles/PMC10491364/
					https://www.ncbi.nlm.nih.gov/pmc/articles/PMC13228786/
					https://www.ncbi.nlm.nih.gov/pmc/articles/PMC10635182/
					https://www.ncbi.nlm.nih.gov/pmc/articles/PMC11498105/
					https://www.ncbi.nlm.nih.gov/pmc/articles/PMC12869030/
NIfTI		used		Full three-dimensional voxelwise NIfTI images of the brain visualizations shown in main figures are publicly available on NeuroVault	https://www.ncbi.nlm.nih.gov/pmc/articles/PMC13234610/
NeuroVault		used	https://identifiers.org/neurovault.collection:23001	Full three-dimensional voxelwise NIfTI images of the brain visualizations shown in main figures are publicly available on NeuroVault https://identifiers.org/neurovault.collection:23001	https://www.ncbi.nlm.nih.gov/pmc/articles/PMC13234610/
Scikit-learn		used	https://github.com/scikit-learn/scikit-learn/blob/fe2edb3cd/sklearn/metrics/_classification.py#L880	Cohen_kappa_score . Scikit-learn. Accessed May 21, 2026. https://github.com/scikit-learn/scikit-learn/blob/fe2edb3cd/sklearn/metrics/_classification.py#L880	https://www.ncbi.nlm.nih.gov/pmc/articles/PMC13234610/
Parkinson's Progression Markers Initiative database		used		The data utilized in this article was from the publicly accessible Parkinson's Progression Markers Initiative database ( www.ppmi-info.org/data )	https://www.ncbi.nlm.nih.gov/pmc/articles/PMC11609293/
APM-PD platform		used	https://amp-pd.org/	and the APM-PD platform ( https://amp-pd.org/ )	https://www.ncbi.nlm.nih.gov/pmc/articles/PMC11609293/
AdaMedGraph		created	https://github.com/SereneLian/AdaMedGraph	The code in this paper is available via https://github.com/SereneLian/AdaMedGraph	https://www.ncbi.nlm.nih.gov/pmc/articles/PMC11609293/
					https://www.ncbi.nlm.nih.gov/pmc/articles/PMC12996281/
R		used		The R code that supports the SEM analyses within this paper is available at https://github.com/k-y-liu/HRV-ER_CamCANstudy .	https://www.ncbi.nlm.nih.gov/pmc/articles/PMC12569767/
					https://www.ncbi.nlm.nih.gov/pmc/articles/PMC10036293/
					https://www.ncbi.nlm.nih.gov/pmc/articles/PMC12413461/
					https://www.ncbi.nlm.nih.gov/pmc/articles/PMC7005583/
Python	3.7.13	used	https://www.python.org/	Python (version 3.7.13) Python Software Foundation RRID: SCR_008394 ; https://www.python.org/	https://www.ncbi.nlm.nih.gov/pmc/articles/PMC11261013/
Pandas	1.3.5	used	https://pandas.pydata.org/	Pandas (version 1.3.5) Python package RRID: SCR_018214 ; https://pandas.pydata.org/	https://www.ncbi.nlm.nih.gov/pmc/articles/PMC11261013/
Numpy	1.21.6	used	https://pandas.pydata.org/	Numpy (version 1.21.6) Python package RRID: SCR_018214 ; https://pandas.pydata.org/	https://www.ncbi.nlm.nih.gov/pmc/articles/PMC11261013/
Pytorch	1.12.6	used	https://pytorch.org/	Pytorch (version 1.12.6) Python package RRID: SCR_018536 ; https://pytorch.org/	https://www.ncbi.nlm.nih.gov/pmc/articles/PMC11261013/
Scikit-learn	0.22.2	used	http://scikit-learn.org/	Scikit-learn (version 0.22.2) Python package RRID: SCR_002577 ; http://scikit-learn.org/	https://www.ncbi.nlm.nih.gov/pmc/articles/PMC11261013/
R	4.2.1	used	http://scikit-learn.org/	R (version 4.2.1) R software RRID: SCR_002577 ; http://scikit-learn.org/	https://www.ncbi.nlm.nih.gov/pmc/articles/PMC11261013/
FreeSurfer	6.0	used	http://surfer.nmr.mgh.harvard.edu/	FreeSurfer (version 6.0) FreeSurfer software RRID: SCR_001847 ; http://surfer.nmr.mgh.harvard.edu/	https://www.ncbi.nlm.nih.gov/pmc/articles/PMC11261013/
Origin	9.0	used	http://www.originlab.com/index.aspx?go=PRODUCTS/Origin	Origin (version 9.0) Origin software RRID: SCR_014212 ; http://www.originlab.com/index.aspx?go=PRODUCTS/Origin	https://www.ncbi.nlm.nih.gov/pmc/articles/PMC11261013/
GraphPad Prism	9.0	used	http://www.graphpad.com/	GraphPad Prism (version 9.0) GraphPad software RRID: SCR_002798 ; http://www.graphpad.com/	https://www.ncbi.nlm.nih.gov/pmc/articles/PMC11261013/
Gephi	0.10	used	http://gephi.org/	Gephi (version 0.10) Gephi software RRID: SCR_004293 ; http://gephi.org/	https://www.ncbi.nlm.nih.gov/pmc/articles/PMC11261013/
Personalized_HMM_disease_progression		created	https://github.com/ZJU-BMI/Personalized_HMM_disease_progression	The source code pertaining to both the personalized hidden Markov model and data analysis in this manuscript has been deposited on GitHub and is publicly available as of the date of publication; URLs are provided at https://github.com/ZJU-BMI/Personalized_HMM_disease_progression .	https://www.ncbi.nlm.nih.gov/pmc/articles/PMC11261013/
					https://www.ncbi.nlm.nih.gov/pmc/articles/PMC13321210/
					https://www.ncbi.nlm.nih.gov/pmc/articles/PMC11597021/
					https://www.ncbi.nlm.nih.gov/pmc/articles/PMC13240369/
AMP-PD Google Cloud Storage		used	https://www.amp-pd.org	"The PPMI, PDBP, and BioFIND data can be accessed from the AMP-PD Google Cloud Storage with the approved ""Data Use Approvement"". All the up-to-date information and data collection or data processing procedures on the AMP-PD program can be found at https://www.amp-pd.org ."	https://www.ncbi.nlm.nih.gov/pmc/articles/PMC11212969/
NanoString		used		The brain neuron data and the NanoString were produced in our own lab.	https://www.ncbi.nlm.nih.gov/pmc/articles/PMC11212969/
AI2AMP-PD		created	https://github.com/bwh-bioinformatics-hub/AI2AMP-PD	All the analysis code can be accessed at: https://github.com/bwh-bioinformatics-hub/AI2AMP-PD .	https://www.ncbi.nlm.nih.gov/pmc/articles/PMC11212969/
sparrow-pd		created	https://github.com/DiegoMac17/sparrow-pd	The code from this study is publicly available at https://github.com/DiegoMac17/sparrow-pd	https://www.ncbi.nlm.nih.gov/pmc/articles/PMC13357203/
ontology-access-kit		used	https://github.com/INCATools/ontology-access-kit	INCATools/ontology-access-kit. https://github.com/INCATools/ontology-access-kit (2025).	https://www.ncbi.nlm.nih.gov/pmc/articles/PMC13357203/
Ollama		used	https://github.com/ollama/ollama	Ollama. ollama/ollama, https://github.com/ollama/ollama (2025).	https://www.ncbi.nlm.nih.gov/pmc/articles/PMC13357203/
					https://www.ncbi.nlm.nih.gov/pmc/articles/PMC12332082/
					https://www.ncbi.nlm.nih.gov/pmc/articles/PMC12441808/
					https://www.ncbi.nlm.nih.gov/pmc/articles/PMC13216117/
					https://www.ncbi.nlm.nih.gov/pmc/articles/PMC13291843/
					https://www.ncbi.nlm.nih.gov/pmc/articles/PMC11506003/
					https://www.ncbi.nlm.nih.gov/pmc/articles/PMC13252428/
GenoTools	10	used	https://github.com/GP2code/GenoTools	GenoTools version 10 ( https://github.com/GP2code/GenoTools ) was used for quality control, imputation, and ancestry prediction.	https://www.ncbi.nlm.nih.gov/pmc/articles/PMC12140525/
Terra		used	https://app.terra.bio/	A secure workspace on the online Terra platform ( https://app.terra.bio/ ) was created to analyze the data using GP2's release 6.	https://www.ncbi.nlm.nih.gov/pmc/articles/PMC12140525/
GitHub		used	https://github.com/GP2code/ROH_genomewide/	Finally, all scripts used for the data analysis can be found in the public domain on GitHub ( https://github.com/GP2code/ROH_genomewide/ , ( Makarious, 2025 )).	https://www.ncbi.nlm.nih.gov/pmc/articles/PMC12140525/
NeuroBooster Array	1.0	used		Genotyping was performed by GP2 using the NeuroBooster Array (v.1.0, Illumina, San Diego, CA)	https://www.ncbi.nlm.nih.gov/pmc/articles/PMC12140525/
					https://www.ncbi.nlm.nih.gov/pmc/articles/PMC11222218/
					https://www.ncbi.nlm.nih.gov/pmc/articles/PMC11199580/
					https://www.ncbi.nlm.nih.gov/pmc/articles/PMC13093584/
					https://www.ncbi.nlm.nih.gov/pmc/articles/PMC10802440/
					https://www.ncbi.nlm.nih.gov/pmc/articles/PMC10197717/
					https://www.ncbi.nlm.nih.gov/pmc/articles/PMC13321146/
cPET		used	https://www.combinostics.com/cneuro-cpet/	Combinostics' cPET (Combinostics, Tampere, Finland, https://www.combinostics.com/cneuro-cpet/ )	https://www.ncbi.nlm.nih.gov/pmc/articles/PMC13125180/
CapAIBL		used	https://milxcloud.csiro.au/tools/capaibl	CSIRO's CapAIBL (CSIRO Health and Biosecurity, Brisbane, Australia, https://milxcloud.csiro.au/tools/capaibl )	https://www.ncbi.nlm.nih.gov/pmc/articles/PMC13125180/
Amypype		used		GE HealthCare's Amypype (GE HealthCare, Marlborough, USA), based on CortexID ( https://www.gehealthcare.com/courses/aw-cortex-id ).	https://www.ncbi.nlm.nih.gov/pmc/articles/PMC13125180/
CortexID		used	https://www.gehealthcare.com/courses/aw-cortex-id	GE HealthCare's Amypype (GE HealthCare, Marlborough, USA), based on CortexID ( https://www.gehealthcare.com/courses/aw-cortex-id ).	https://www.ncbi.nlm.nih.gov/pmc/articles/PMC13125180/
MIMneuro	7.3.7	used	https://www.mimsoftwre.com/nuclear-medicine/mim-neuro	MIM Software's MIMneuro (MIMSoftware, version 7.3.7, Ohio, USA, https://www.mimsoftwre.com/nuclear-medicine/mim-neuro )	https://www.ncbi.nlm.nih.gov/pmc/articles/PMC13125180/
rPOP		used	https://github.com/LeoIacca/rPOP	rPOP ( https://github.com/LeoIacca/rPOP ) ( Iaccarino et al., 2022 )	https://www.ncbi.nlm.nih.gov/pmc/articles/PMC13125180/
syngo.rPOP		used	https://github.com/LeoIacca/rPOP	Siemens syngo.rPOP ( https://github.com/LeoIacca/rPOP ) ( Iaccarino et al., 2022 )	https://www.ncbi.nlm.nih.gov/pmc/articles/PMC13125180/
					https://www.ncbi.nlm.nih.gov/pmc/articles/PMC12358004/
					https://www.ncbi.nlm.nih.gov/pmc/articles/PMC11421184/
					https://www.ncbi.nlm.nih.gov/pmc/articles/PMC11616552/
					https://www.ncbi.nlm.nih.gov/pmc/articles/PMC12432309/
					https://www.ncbi.nlm.nih.gov/pmc/articles/PMC13174728/
					https://www.ncbi.nlm.nih.gov/pmc/articles/PMC11782126/
					https://www.ncbi.nlm.nih.gov/pmc/articles/PMC12873951/
ActCR		used	https://cran.r-project.org/web/packages/ActCR/index.html	ActCR: extract circadian rhythms metrics from actigraphy data. Accessed March 30, 2026. https://cran.r-project.org/web/packages/ActCR/index.html	https://www.ncbi.nlm.nih.gov/pmc/articles/PMC13184784/
UKBB SWC dementia		used	https://github.com/iandanilevicz/UKBB/tree/main/SWC_dementia	Github . UKBB SWC dementia. Accessed April 17, 2026. https://github.com/iandanilevicz/UKBB/tree/main/SWC_dementia	https://www.ncbi.nlm.nih.gov/pmc/articles/PMC13184784/
					https://www.ncbi.nlm.nih.gov/pmc/articles/PMC13183853/
					https://www.ncbi.nlm.nih.gov/pmc/articles/PMC12827087/
					https://www.ncbi.nlm.nih.gov/pmc/articles/PMC11854393/
					https://www.ncbi.nlm.nih.gov/pmc/articles/PMC12632733/
					https://www.ncbi.nlm.nih.gov/pmc/articles/PMC12895786/
Parkinson's Progression Markers Initiative (PPMI)		used	http://www.ppmi-info.org/data	The dataset used in this study is sourced from the Parkinson's Progression Markers Initiative (PPMI), a publicly accessible, longitudinal research study sponsored by The Michael J. Fox Foundation. Access to the dataset can be requested via the official PPMI portal at: http://www.ppmi-info.org/data	https://www.ncbi.nlm.nih.gov/pmc/articles/PMC12928579/
					https://www.ncbi.nlm.nih.gov/pmc/articles/PMC11224599/
					https://www.ncbi.nlm.nih.gov/pmc/articles/PMC13180249/
					https://www.ncbi.nlm.nih.gov/pmc/articles/PMC12403941/
					https://www.ncbi.nlm.nih.gov/pmc/articles/PMC12715370/
					https://www.ncbi.nlm.nih.gov/pmc/articles/PMC11372256/
Neuro Booster Array		created	https://github.com/GP2code/Neuro_Booster_Array	DNA samples from each cohort are genotyped on the Neuro Booster Array (NBA; https://github.com/GP2code/Neuro_Booster_Array ), developed in collaboration between Data Tecnica International, NIA, NINDS, Illumina Inc and GP2.	https://www.ncbi.nlm.nih.gov/pmc/articles/PMC10497609/
Illumina Infinium Global Diversity Array		used	https://www.illumina.com/products/by-type/microarray-kits/infinium-global-diversity.html	The NBA consists of the Illumina Infinium Global Diversity Array (GDA; https://www.illumina.com/products/by-type/microarray-kits/infinium-global-diversity.html ), a high-density (1.9 M total variants) global backbone optimized for cross-population imputation coverage of the human genome, and additional custom content (>95,000 variants) which includes known causal variants for various neurodegenerative diseases and imputation boosters for underrepresented populations.	https://www.ncbi.nlm.nih.gov/pmc/articles/PMC10497609/
GP2 GitHub repository		used	https://github.com/GP2code	Code used in GP2 core analyses and the custom clustering files are deposited in the GP2 GitHub repository ( https://github.com/GP2code ).	https://www.ncbi.nlm.nih.gov/pmc/articles/PMC10497609/
GP2-WorkingGroups/CD-Cohort-Integration		used	https://github.com/GP2code/GP2-WorkingGroups/tree/main/CD-Cohort-Integration	"Code created and used by the CIWG can be found on the ""GP2-WorkingGroups/CD-Cohort-Integration"" subpage of the GP2 GitHub repository ( https://github.com/GP2code/GP2-WorkingGroups/tree/main/CD-Cohort-Integration )."	https://www.ncbi.nlm.nih.gov/pmc/articles/PMC10497609/
Terra		used	https://amp-pd.org/tools	The DCD-WG actively supports efforts to consolidate analysis scripts with the necessary analytical tools and decisions via GitHub ( https://github.com/GP2code ), consolidate training materials with several translations in collaboration with the Training and Networking Working Group ( https://gp2.org/training/ ), and consolidate additional analytical pipelines on Terra ( https://amp-pd.org/tools ).	https://www.ncbi.nlm.nih.gov/pmc/articles/PMC10497609/
					https://www.ncbi.nlm.nih.gov/pmc/articles/PMC12341763/
					https://www.ncbi.nlm.nih.gov/pmc/articles/PMC12131278/
					https://www.ncbi.nlm.nih.gov/pmc/articles/PMC13278221/
					https://www.ncbi.nlm.nih.gov/pmc/articles/PMC12393254/
					https://www.ncbi.nlm.nih.gov/pmc/articles/PMC13273816/
					https://www.ncbi.nlm.nih.gov/pmc/articles/PMC12642430/
					https://www.ncbi.nlm.nih.gov/pmc/articles/PMC12346353/
Python	3.9	used	https://github.com/DeMONLab-BioFINDER/karlsson_refprot_normalization	All analyses were performed using Python version 3.9 (code available at https://github.com/DeMONLab-BioFINDER/karlsson_refprot_normalization ).	https://www.ncbi.nlm.nih.gov/pmc/articles/PMC13058454/
					https://www.ncbi.nlm.nih.gov/pmc/articles/PMC12797566/
					https://www.ncbi.nlm.nih.gov/pmc/articles/PMC13067308/
					https://www.ncbi.nlm.nih.gov/pmc/articles/PMC12826130/
					https://www.ncbi.nlm.nih.gov/pmc/articles/PMC12996105/
					https://www.ncbi.nlm.nih.gov/pmc/articles/PMC12870594/
					https://www.ncbi.nlm.nih.gov/pmc/articles/PMC12443791/
					https://www.ncbi.nlm.nih.gov/pmc/articles/PMC10365231/
					https://www.ncbi.nlm.nih.gov/pmc/articles/PMC13320855/
Pleiotropy_analysis_on_AD_and_Sex_Hormone		created	https://github.com/Belloy-Lab/Pleiotropy_analysis_on_AD_and_Sex_Hormone	The code used to support the findings of this study is publicly available at GitHub: https://github.com/Belloy-Lab/Pleiotropy_analysis_on_AD_and_Sex_Hormone	https://www.ncbi.nlm.nih.gov/pmc/articles/PMC13131734/
					https://www.ncbi.nlm.nih.gov/pmc/articles/PMC11110494/
					https://www.ncbi.nlm.nih.gov/pmc/articles/PMC11378007/
					https://www.ncbi.nlm.nih.gov/pmc/articles/PMC12159455/
					https://www.ncbi.nlm.nih.gov/pmc/articles/PMC11141836/
					https://www.ncbi.nlm.nih.gov/pmc/articles/PMC12069023/
					https://www.ncbi.nlm.nih.gov/pmc/articles/PMC13273419/
					https://www.ncbi.nlm.nih.gov/pmc/articles/PMC10925353/
					https://www.ncbi.nlm.nih.gov/pmc/articles/PMC13016809/
					https://www.ncbi.nlm.nih.gov/pmc/articles/PMC13069442/
					https://www.ncbi.nlm.nih.gov/pmc/articles/PMC10982549/
					https://www.ncbi.nlm.nih.gov/pmc/articles/PMC11483014/
					https://www.ncbi.nlm.nih.gov/pmc/articles/PMC13050129/
					https://www.ncbi.nlm.nih.gov/pmc/articles/PMC12414726/
					https://www.ncbi.nlm.nih.gov/pmc/articles/PMC11846481/
					https://www.ncbi.nlm.nih.gov/pmc/articles/PMC10996710/
GitHub		used	https://github.com/Lina0125/APOE_proteomics	Essential code for the manuscript and full model results are available via GitHub at https://github.com/Lina0125/APOE_proteomics .	https://www.ncbi.nlm.nih.gov/pmc/articles/PMC13190297/
					https://www.ncbi.nlm.nih.gov/pmc/articles/PMC12215275/
					https://www.ncbi.nlm.nih.gov/pmc/articles/PMC13243214/
					https://www.ncbi.nlm.nih.gov/pmc/articles/PMC2822545/
					https://www.ncbi.nlm.nih.gov/pmc/articles/PMC12929184/
					https://www.ncbi.nlm.nih.gov/pmc/articles/PMC12155013/
					https://www.ncbi.nlm.nih.gov/pmc/articles/PMC10898038/
					https://www.ncbi.nlm.nih.gov/pmc/articles/PMC12450182/
					https://www.ncbi.nlm.nih.gov/pmc/articles/PMC10557542/
AFTmodel		created	https://github.com/Therneau/AFTmodel	The code is available at github.com/Therneau/AFTmodel.	https://www.ncbi.nlm.nih.gov/pmc/articles/PMC10916944/
					https://www.ncbi.nlm.nih.gov/pmc/articles/PMC11380226/
CorticalClock		used	https://github.com/gemmashireby/CorticalClock	In the BDR dataset, the ages of the brain samples were estimated using the cortical clock method ( https://github.com/gemmashireby/CorticalClock ), which was shown to accurately predict age in the human brain cortex for BDR samples 23 .	https://www.ncbi.nlm.nih.gov/pmc/articles/PMC12204281/
Houseman deconvolution algorithm		used		These panels, along with the Houseman deconvolution algorithm 30 , were used to estimate relative cell-type proportions in bulk cortex samples from the BDR cohort.	https://www.ncbi.nlm.nih.gov/pmc/articles/PMC12204281/
AD Knowledge Portal		used		ROSMAP and BDR datasets can be accessed from AD Knowledge Portal (accession: syn3157275) and Gene Expression Omnibus database (accession: GSE197305 ).	https://www.ncbi.nlm.nih.gov/pmc/articles/PMC12204281/
Gene Expression Omnibus database		used		ROSMAP and BDR datasets can be accessed from AD Knowledge Portal (accession: syn3157275) and Gene Expression Omnibus database (accession: GSE197305 ).	https://www.ncbi.nlm.nih.gov/pmc/articles/PMC12204281/
ADNI		used	http://adni.loni.usc.edu	The ADNI dataset can be accessed from http://adni.loni.usc.edu .	https://www.ncbi.nlm.nih.gov/pmc/articles/PMC12204281/
					https://www.ncbi.nlm.nih.gov/pmc/articles/PMC11108782/
					https://www.ncbi.nlm.nih.gov/pmc/articles/PMC10635230/
					https://www.ncbi.nlm.nih.gov/pmc/articles/PMC11551169/
					https://www.ncbi.nlm.nih.gov/pmc/articles/PMC12785599/
BrainMeta	2	used		The exposure datasets included cortex cis-eQTL data from BrainMeta v.2 ( 12 ) (N = 2,443)	https://www.ncbi.nlm.nih.gov/pmc/articles/PMC12870644/
GTEx	8	used		and the Genotype-Tissue Expression (GTEx) v.8 ( 13 ) cis-eQTL data across caudate (N = 194), brain cortex (N = 205), substantia nigra (N = 114), and whole blood (N = 670)	https://www.ncbi.nlm.nih.gov/pmc/articles/PMC12870644/
1000 Genomes Project	Phase 3	used	https://zenodo.org/records/10515792	We used linkage disequilibrium (LD) reference data from the European-ancestry population of the 1000 Genomes Project Phase 3 ( https://zenodo.org/records/10515792 )	https://www.ncbi.nlm.nih.gov/pmc/articles/PMC12870644/
SLC25A46		created	https://github.com/Hannah-Yu-0816/SLC25A46	The code supporting the findings of this study will be made publicly available on GitHub upon publication at: https://github.com/Hannah-Yu-0816/SLC25A46	https://www.ncbi.nlm.nih.gov/pmc/articles/PMC12870644/
					https://www.ncbi.nlm.nih.gov/pmc/articles/PMC10863424/
					https://www.ncbi.nlm.nih.gov/pmc/articles/PMC11032558/
					https://www.ncbi.nlm.nih.gov/pmc/articles/PMC10441567/
CNV-Finder		used	https://github.com/GP2code/CNV-Finder	To replicate CNVs identified in our discovery dataset, we applied CNV-Finder ( https://github.com/GP2code/CNV-Finder ) 49 , a deep learning-based pipeline designed for CNV detection from Illumina genotyping arrays.	https://www.ncbi.nlm.nih.gov/pmc/articles/PMC13323976/
GitHub		used	https://gitlab.lcsb.uni.lu/genomeanalysis/cnv_gwas_courage-pd	Relevant scripts used in the present work are available on GitHub ( https://gitlab.lcsb.uni.lu/genomeanalysis/cnv_gwas_courage-pd ).	https://www.ncbi.nlm.nih.gov/pmc/articles/PMC13323976/
rCNV2	1.0	used	https://github.com/talkowski-lab/rCNV2/tree/v1.0	For the sliding window association method, we used the code available under the Talkowski Laboratory (Massachusetts General Hospital & The Broad Institute) repository in Zenodo ( https://github.com/talkowski-lab/rCNV2/tree/v1.0 , with https://zenodo.org/records/6647918 ).	https://www.ncbi.nlm.nih.gov/pmc/articles/PMC13323976/
Zenodo		used	https://zenodo.org/records/6647918	For the sliding window association method, we used the code available under the Talkowski Laboratory (Massachusetts General Hospital & The Broad Institute) repository in Zenodo ( https://github.com/talkowski-lab/rCNV2/tree/v1.0 , with https://zenodo.org/records/6647918 ).	https://www.ncbi.nlm.nih.gov/pmc/articles/PMC13323976/
					https://www.ncbi.nlm.nih.gov/pmc/articles/PMC12599000/
					https://www.ncbi.nlm.nih.gov/pmc/articles/PMC11818420/
					https://www.ncbi.nlm.nih.gov/pmc/articles/PMC13206160/
					https://www.ncbi.nlm.nih.gov/pmc/articles/PMC13008742/
					https://www.ncbi.nlm.nih.gov/pmc/articles/PMC13325197/
xEnrich		created	https://github.com/Art83/xEnrich	To contextualize the biological relevance of differentially expressed proteins identified in the batch effect correction analysis, we developed and applied a multi-scale enrichment pipeline implemented in the custom-built 'xEnrich' R package ( https://github.com/Art83/xEnrich ).	https://www.ncbi.nlm.nih.gov/pmc/articles/PMC12713753/
R		used		To contextualize the biological relevance of differentially expressed proteins identified in the batch effect correction analysis, we developed and applied a multi-scale enrichment pipeline implemented in the custom-built 'xEnrich' R package ( https://github.com/Art83/xEnrich ).	https://www.ncbi.nlm.nih.gov/pmc/articles/PMC12713753/
GSEA		used		Enrichment was computed using GSEA-based scoring.	https://www.ncbi.nlm.nih.gov/pmc/articles/PMC12713753/
Human Protein Atlas		used		Briefly, the protein list was first subjected to enrichment analysis using immunohistochemistry microarray-based expression data from the Human Protein Atlas (HPA).	https://www.ncbi.nlm.nih.gov/pmc/articles/PMC12713753/
					https://www.ncbi.nlm.nih.gov/pmc/articles/PMC11474070/
					https://www.ncbi.nlm.nih.gov/pmc/articles/PMC11327885/
lipidomicR		used	https://github.com/lipidomicR/ROSMAP	All the codes are available on Github, ( https://github.com/lipidomicR/ROSMAP ).	https://www.ncbi.nlm.nih.gov/pmc/articles/PMC12578986/
					https://www.ncbi.nlm.nih.gov/pmc/articles/PMC12971073/
					https://www.ncbi.nlm.nih.gov/pmc/articles/PMC13045258/
					https://www.ncbi.nlm.nih.gov/pmc/articles/PMC12802089/
					https://www.ncbi.nlm.nih.gov/pmc/articles/PMC11059745/
					https://www.ncbi.nlm.nih.gov/pmc/articles/PMC10617126/
					https://www.ncbi.nlm.nih.gov/pmc/articles/PMC10834125/
					https://www.ncbi.nlm.nih.gov/pmc/articles/PMC12124455/
sLASER		used		Single-volume water suppressed MRS data' were acquired with sLASER [TR/TE = 4000/26 ms, number of time domain points (np) = 1024, spectral bandwidth (SW) = 3000 Hz, number of scan averages (NSA) = 48].	https://www.ncbi.nlm.nih.gov/pmc/articles/PMC10873577/
MRSHub		used	https://github.com/mrshub/mm-consensus-data-collection	The macromolecule baseline employed in the study has been previously acquired using a 7 T scanner 18 and it is publicly available at MRSHub ( https://github.com/mrshub/mm-consensus-data-collection ; see Supplementary methods for additional details).	https://www.ncbi.nlm.nih.gov/pmc/articles/PMC10873577/
					https://www.ncbi.nlm.nih.gov/pmc/articles/PMC9531687/
					https://www.ncbi.nlm.nih.gov/pmc/articles/PMC10807231/
					https://www.ncbi.nlm.nih.gov/pmc/articles/PMC13092601/
					https://www.ncbi.nlm.nih.gov/pmc/articles/PMC10798228/
					https://www.ncbi.nlm.nih.gov/pmc/articles/PMC10461524/
					https://www.ncbi.nlm.nih.gov/pmc/articles/PMC13277766/
					https://www.ncbi.nlm.nih.gov/pmc/articles/PMC11954665/
					https://www.ncbi.nlm.nih.gov/pmc/articles/PMC13220450/
					https://www.ncbi.nlm.nih.gov/pmc/articles/PMC12070248/
					https://www.ncbi.nlm.nih.gov/pmc/articles/PMC12883677/
					https://www.ncbi.nlm.nih.gov/pmc/articles/PMC11905702/
					https://www.ncbi.nlm.nih.gov/pmc/articles/PMC12636684/
					https://www.ncbi.nlm.nih.gov/pmc/articles/PMC12768963/
					https://www.ncbi.nlm.nih.gov/pmc/articles/PMC12430917/
					https://www.ncbi.nlm.nih.gov/pmc/articles/PMC11101336/
R	4.4.0	used		All analyses were conducted in R version 4.4.0 using the RStudio integrated development environment ( Posit Team, 2024 ; R Core Team, 2024 ).	https://www.ncbi.nlm.nih.gov/pmc/articles/PMC13122840/
RStudio		used		All analyses were conducted in R version 4.4.0 using the RStudio integrated development environment ( Posit Team, 2024 ; R Core Team, 2024 ).	https://www.ncbi.nlm.nih.gov/pmc/articles/PMC13122840/
lavaan	0.6-18	used		CFA and measurement invariance testing were performed using the lavaan package version 0.6-18 to evaluate the latent structure of cognitive functioning based on the UDS3-NB ( Rosseel, 2012 ).	https://www.ncbi.nlm.nih.gov/pmc/articles/PMC13122840/
NACC-UDS3-FactorScore-Calculator		created	https://github.com/emilymatusz/NACC-UDS3-FactorScore-Calculator	Analysis scripts and factor-score calculation resources are openly available on GitHub ( https://github.com/emilymatusz/NACC-UDS3-FactorScore-Calculator ).	https://www.ncbi.nlm.nih.gov/pmc/articles/PMC13122840/
Template Model Builder		used		A custom C++ implementation of the models was developed using the Template Model Builder framework 45 and fitted in R using maximum likelihood estimation.	https://www.ncbi.nlm.nih.gov/pmc/articles/PMC11497758/
R		used		A custom C++ implementation of the models was developed using the Template Model Builder framework 45 and fitted in R using maximum likelihood estimation.	https://www.ncbi.nlm.nih.gov/pmc/articles/PMC11497758/
JPM		created	https://github.com/larslau/JPM	The implementation is publicly available on GitHub: https://github.com/larslau/JPM .	https://www.ncbi.nlm.nih.gov/pmc/articles/PMC11497758/
					https://www.ncbi.nlm.nih.gov/pmc/articles/PMC12042767/
TGCN		created	https://github.com/aliciagp/TGCN	The TGCN R package is available on GitHub at this repository: https://github.com/aliciagp/TGCN	https://www.ncbi.nlm.nih.gov/pmc/articles/PMC11271532/
R		used		The TGCN R package is available on GitHub at this repository: https://github.com/aliciagp/TGCN	https://www.ncbi.nlm.nih.gov/pmc/articles/PMC11271532/
					https://www.ncbi.nlm.nih.gov/pmc/articles/PMC11442410/
FHNN		created	https://github.com/Hramir/age_prediction	The implementation of our adapted FHNN model for MEG brain network embeddings can be found in https://github.com/Hramir/age_prediction .	https://www.ncbi.nlm.nih.gov/pmc/articles/PMC12313345/
					https://www.ncbi.nlm.nih.gov/pmc/articles/PMC11694524/
					https://www.ncbi.nlm.nih.gov/pmc/articles/PMC12370119/
					https://www.ncbi.nlm.nih.gov/pmc/articles/PMC13096975/
MassIVE		used		All raw mass spectrometry data files and associated quantitative and statistical reports, metadata, and supplemental data are available on MassIVE: MSV000096215 (dataset identifier: MSV000096215).	https://www.ncbi.nlm.nih.gov/pmc/articles/PMC13358927/
SenCat-Companion	1.0.3	created	https://github.com/geroproteomics/SenCat-Companion	The repository of scripts used to conduct the bioinformatics analysis (v.1.0.3, https://doi.org/10.5281/zenodo.19503228 ) is available at https://github.com/geroproteomics/SenCat-Companion .	https://www.ncbi.nlm.nih.gov/pmc/articles/PMC13358927/
					https://www.ncbi.nlm.nih.gov/pmc/articles/PMC12930103/
					https://www.ncbi.nlm.nih.gov/pmc/articles/PMC13262459/
					https://www.ncbi.nlm.nih.gov/pmc/articles/PMC12855616/
					https://www.ncbi.nlm.nih.gov/pmc/articles/PMC13037470/
					https://www.ncbi.nlm.nih.gov/pmc/articles/PMC12869052/
					https://www.ncbi.nlm.nih.gov/pmc/articles/PMC11581101/
					https://www.ncbi.nlm.nih.gov/pmc/articles/PMC12538636/
					https://www.ncbi.nlm.nih.gov/pmc/articles/PMC12510134/
					https://www.ncbi.nlm.nih.gov/pmc/articles/PMC12495807/
Github		used	https://github.com/ziyansong08/Identify-AD-subtypes-and-markers-multiomic-data-subspace-merging-algorithm.git	The code supporting the findings of this study is openly available at Github, located at https://github.com/ziyansong08/Identify-AD-subtypes-and-markers-multiomic-data-subspace-merging-algorithm.git .	https://www.ncbi.nlm.nih.gov/pmc/articles/PMC12247635/
					https://www.ncbi.nlm.nih.gov/pmc/articles/PMC11881898/
AD Knowledge Portal		used	https://adknowledgeportal.org	The results published here are in part based on data obtained from the AD Knowledge Portal (https://adknowledgeportal.org).	https://www.ncbi.nlm.nih.gov/pmc/articles/PMC10769453/
Manta	1.6.0	used		For each sample, SVs were called by Manta 28 (v1.6.0) and Smoove 29 (v0.2.5) with default parameters.	https://www.ncbi.nlm.nih.gov/pmc/articles/PMC10602095/
Smoove	0.2.5	used		For each sample, SVs were called by Manta 28 (v1.6.0) and Smoove 29 (v0.2.5) with default parameters.	https://www.ncbi.nlm.nih.gov/pmc/articles/PMC10602095/
Svimmer		used		Calls from Manta and Smoove were merged by Svimmer 30 to generate a union of two call sets for a sample.	https://www.ncbi.nlm.nih.gov/pmc/articles/PMC10602095/
Graphtyper2	2.7.3	used		Then, all individual sample VCF files were merged together by Svimmer as input to Graphtyper2 (v2.7.3) 30 for joint genotyping.	https://www.ncbi.nlm.nih.gov/pmc/articles/PMC10602095/
SV-ADSP-Pipeline		created	https://github.com/whtop/SV-ADSP-Pipeline	The pipeline is available on https://github.com/whtop/SV-ADSP-Pipeline	https://www.ncbi.nlm.nih.gov/pmc/articles/PMC10602095/
					https://www.ncbi.nlm.nih.gov/pmc/articles/PMC12090069/
					https://www.ncbi.nlm.nih.gov/pmc/articles/PMC12668027/
					https://www.ncbi.nlm.nih.gov/pmc/articles/PMC11266445/
					https://www.ncbi.nlm.nih.gov/pmc/articles/PMC12732103/
brms		used		To circumvent this challenge, we resorted to a Bayesian algorithm by using the built‐in functions from the well‐developed brms package.	https://www.ncbi.nlm.nih.gov/pmc/articles/PMC12179338/
R	4.3.2	used		All statistical analyses were conducted in R (version 4.3.2).	https://www.ncbi.nlm.nih.gov/pmc/articles/PMC12179338/
DSMM		created	https://github.com/KaidiK/DSMM	The example codes for model fitting are available on GitHub at https://github.com/KaidiK/DSMM .	https://www.ncbi.nlm.nih.gov/pmc/articles/PMC12179338/
					https://www.ncbi.nlm.nih.gov/pmc/articles/PMC11266374/
					https://www.ncbi.nlm.nih.gov/pmc/articles/PMC12434251/
					https://www.ncbi.nlm.nih.gov/pmc/articles/PMC13213848/
					https://www.ncbi.nlm.nih.gov/pmc/articles/PMC10663008/
Github		used	https://github.com/drmuskangarg/MCI2DEM	The programming script is publicly available at Github: https://github.com/drmuskangarg/MCI2DEM .	https://www.ncbi.nlm.nih.gov/pmc/articles/PMC11488361/
					https://www.ncbi.nlm.nih.gov/pmc/articles/PMC11033837/
NL-HSIM(O)		created	https://github.com/zhangzechen123/NL-HSIM	The software implementation of the proposed NL-HSIM(O) method, including all scripts required to reproduce the analyses, is publicly available at https://github.com/zhangzechen123/NL-HSIM.	https://www.ncbi.nlm.nih.gov/pmc/articles/PMC13215594/
					https://www.ncbi.nlm.nih.gov/pmc/articles/PMC13347588/
					https://www.ncbi.nlm.nih.gov/pmc/articles/PMC10834136/
GenoTools		used	https://github.com/GP2code/GenoTools	Sequencing, sample, and variant-level quality control analyses for AMP-PD and GP2 data were conducted using the GenoTools pipeline and described elsewhere ( https://github.com/GP2code/GenoTools )	https://www.ncbi.nlm.nih.gov/pmc/articles/PMC11384021/
WGCNA		used		WGCNA was undertaken on the GTEx V6 dataset for the 13 brain regions available, as previously described ( Kara et al. , 2021 ). Networks were generated through the WGCNA R package ( Langfelder & Horvath, 2008 )	https://www.ncbi.nlm.nih.gov/pmc/articles/PMC11384021/
R		used		Networks were generated through the WGCNA R package ( Langfelder & Horvath, 2008 ), with an additional processing step with the k-means algorithm from the CoExpNets R package ( Botia et al , 2017 )	https://www.ncbi.nlm.nih.gov/pmc/articles/PMC11384021/
CoExpNets		used		with an additional processing step with the k-means algorithm from the CoExpNets R package ( Botia et al , 2017 )	https://www.ncbi.nlm.nih.gov/pmc/articles/PMC11384021/
CoExp App		used	https://rytenlab.com/coexp	Networks are available through the CoExp App https://rytenlab.com/coexp ( Garcia-Ruiz et al , 2021 ) and also through https://github.com/juanbot/CoExpGTEx	https://www.ncbi.nlm.nih.gov/pmc/articles/PMC11384021/
CoExpGTEx		used	https://github.com/juanbot/CoExpGTEx	Networks are available through the CoExp App https://rytenlab.com/coexp ( Garcia-Ruiz et al , 2021 ) and also through https://github.com/juanbot/CoExpGTEx	https://www.ncbi.nlm.nih.gov/pmc/articles/PMC11384021/
					https://www.ncbi.nlm.nih.gov/pmc/articles/PMC11898208/
					https://www.ncbi.nlm.nih.gov/pmc/articles/PMC11888404/
					https://www.ncbi.nlm.nih.gov/pmc/articles/PMC10925467/
					https://www.ncbi.nlm.nih.gov/pmc/articles/PMC11170814/
					https://www.ncbi.nlm.nih.gov/pmc/articles/PMC13307518/
					https://www.ncbi.nlm.nih.gov/pmc/articles/PMC13171867/
					https://www.ncbi.nlm.nih.gov/pmc/articles/PMC13345554/
w4CSeq		used		The single‐end FASTQ raw data were analyzed using w4CSeq ( github.com/WGLab/w4CSeq ) and pipe4C pipelines ( github.com/deLaatLab/pipe4C ).	https://www.ncbi.nlm.nih.gov/pmc/articles/PMC12958105/
pipe4C		used		The single‐end FASTQ raw data were analyzed using w4CSeq ( github.com/WGLab/w4CSeq ) and pipe4C pipelines ( github.com/deLaatLab/pipe4C ).	https://www.ncbi.nlm.nih.gov/pmc/articles/PMC12958105/
WhichTF		used		TFs of the 4C interactomes were predicted using WhichTF ( bitbucket.org/bejerano/whichtf/src/master ).	https://www.ncbi.nlm.nih.gov/pmc/articles/PMC12958105/
MEME Suite		used		TFs of the NMNAT2 promoter regions were predicted using the MEME Suite.	https://www.ncbi.nlm.nih.gov/pmc/articles/PMC12958105/
MEME	5.5.3	used		Motif analysis was carried out using MEME version 5.5.3 ( meme‐suite.org/meme/tools/meme ).	https://www.ncbi.nlm.nih.gov/pmc/articles/PMC12958105/
Tomtom	5.5.3	used		The discovered motifs were input in Tomtom version 5.5.3 ( meme‐suite.org/meme/tools/tomtom ) using the HOCOMOCOv11_core motif database and default parameters for TF prediction.	https://www.ncbi.nlm.nih.gov/pmc/articles/PMC12958105/
prs_progression		created	https://github.com/hirotaka-i/prs_progression	NIH analysis: https://github.com/hirotaka-i/prs_progression	https://www.ncbi.nlm.nih.gov/pmc/articles/PMC11838632/
VCPA		used	https://bitbucket.org/NIAGADS/vcpa-pipeline/src/master/	All genomes are processed using the VCPA pipeline [ 17 ] ( https://bitbucket.org/NIAGADS/vcpa-pipeline/src/master/ ), a pipeline optimized for the large-scale production of WGS in an Amazon cloud environment and includes all steps from aligning raw sequence reads to variant calling using GATK best practices.	https://www.ncbi.nlm.nih.gov/pmc/articles/PMC11643159/
GATK		used		All genomes are processed using the VCPA pipeline [ 17 ] ( https://bitbucket.org/NIAGADS/vcpa-pipeline/src/master/ ), a pipeline optimized for the large-scale production of WGS in an Amazon cloud environment and includes all steps from aligning raw sequence reads to variant calling using GATK best practices.	https://www.ncbi.nlm.nih.gov/pmc/articles/PMC11643159/
gnomAD	4.0	used		gnomAD 4.0 genome sites data provided allele frequency at ancestry level, which can be used for ancestry inference.	https://www.ncbi.nlm.nih.gov/pmc/articles/PMC11643159/
SCOPE		used	https://github.com/sriramlab/SCOPE.git	145,278 variants were matched between ADSP pruned file and gnomAD4.0 and passed to Software SCOPE ( https://github.com/sriramlab/SCOPE.git ) to perform the ancestry proportion analysis.	https://www.ncbi.nlm.nih.gov/pmc/articles/PMC11643159/
Manta	1.6.0	used	https://github.com/Illumina/manta	The GCAD and ADSP SV workgroup together designs the production pipeline which includes Manta [ 64 ] (v1.6.0) and Smoove (ref, v0.2.6) ( https://github.com/brentp/smoove ) for calling deletions and insertions.	https://www.ncbi.nlm.nih.gov/pmc/articles/PMC11643159/
Smoove	0.2.6	used	https://github.com/brentp/smoove	The GCAD and ADSP SV workgroup together designs the production pipeline which includes Manta [ 64 ] (v1.6.0) and Smoove (ref, v0.2.6) ( https://github.com/brentp/smoove ) for calling deletions and insertions.	https://www.ncbi.nlm.nih.gov/pmc/articles/PMC11643159/
SVIMMER	0.1	used	https://github.com/DecodeGenetics/svimmer	Individual Manta and Smoove callsets were first merged for each sample and merged together with all samples by SVIMMER (v0.1) ( https://github.com/DecodeGenetics/svimmer ) .	https://www.ncbi.nlm.nih.gov/pmc/articles/PMC11643159/
GraphTyper	2.7	used	https://github.com/DecodeGenetics/graphtyper	Then, GraphTyper (v2.7) [ 65 ] was applied on the merged VCF for SV joint genotyping.	https://www.ncbi.nlm.nih.gov/pmc/articles/PMC11643159/
					https://www.ncbi.nlm.nih.gov/pmc/articles/PMC11032569/
					https://www.ncbi.nlm.nih.gov/pmc/articles/PMC13273604/
					https://www.ncbi.nlm.nih.gov/pmc/articles/PMC12458904/
					https://www.ncbi.nlm.nih.gov/pmc/articles/PMC11705786/
					https://www.ncbi.nlm.nih.gov/pmc/articles/PMC12486553/
VCPA		used	https://bitbucket.org/NIAGADS/vcpa-pipeline/src/master/	All genomes are processed using the VCPA pipeline 17 ( https://bitbucket.org/NIAGADS/vcpa‐pipeline/src/master/ ), a pipeline optimized for the large‐scale production of WGS in an Amazon cloud environment and including all steps from aligning raw sequence reads to variant calling using Genome Analysis Toolkit (GATK) best practices.	https://www.ncbi.nlm.nih.gov/pmc/articles/PMC12100500/
GATK		used		All genomes are processed using the VCPA pipeline 17 ( https://bitbucket.org/NIAGADS/vcpa‐pipeline/src/master/ ), a pipeline optimized for the large‐scale production of WGS in an Amazon cloud environment and including all steps from aligning raw sequence reads to variant calling using Genome Analysis Toolkit (GATK) best practices.	https://www.ncbi.nlm.nih.gov/pmc/articles/PMC12100500/
SCOPE		used	https://github.com/sriramlab/SCOPE.git	One hundred forty‐five thousand two hundred seventy‐eight variants were matched between the ADSP pruned file and gnomAD4.0 and passed to Software SCOPE ( https://github.com/sriramlab/SCOPE.git ) to perform the ancestry proportion analysis.	https://www.ncbi.nlm.nih.gov/pmc/articles/PMC12100500/
Manta	1.6.0	used	https://github.com/Illumina/manta	The GCAD and ADSP structural variant (SV) workgroup together designs the production pipeline which includes Manta 32 (v1.6.0) and Smoove (ref, v0.2.6) ( https://github.com/brentp/smoove ) for calling indels.	https://www.ncbi.nlm.nih.gov/pmc/articles/PMC12100500/
Smoove	0.2.6	used	https://github.com/brentp/smoove	The GCAD and ADSP structural variant (SV) workgroup together designs the production pipeline which includes Manta 32 (v1.6.0) and Smoove (ref, v0.2.6) ( https://github.com/brentp/smoove ) for calling indels.	https://www.ncbi.nlm.nih.gov/pmc/articles/PMC12100500/
SVIMMER	0.1	used	https://github.com/DecodeGenetics/svimmer	Individual Manta and Smoove callsets were first merged for each sample and merged with all samples by SVIMMER (v0.1) ( https://github.com/DecodeGenetics/svimmer ).	https://www.ncbi.nlm.nih.gov/pmc/articles/PMC12100500/
GraphTyper	2.7	used	https://github.com/DecodeGenetics/graphtyper	Then, GraphTyper (v2.7) 33 was applied on the merged VCF for SV joint genotyping.	https://www.ncbi.nlm.nih.gov/pmc/articles/PMC12100500/
GenoTools		used	https://github.com/GP2code/GenoTools	Quality control analyses at a sample and variant level for this GP2 dataset were described elsewhere ( https://github.com/GP2code/GenoTools )	https://www.ncbi.nlm.nih.gov/pmc/articles/PMC12678402/
eQTLGen		used	https://www.eqtlgen.org/cis-eqtls.html	Colocalization analysis was performed to assess whether the genetic variant colocalized with expression quantitative trait locus(eQTL) signals using eQTLGen public dataset( https://www.eqtlgen.org/cis-eqtls.html )	https://www.ncbi.nlm.nih.gov/pmc/articles/PMC12678402/
RBD-GWAS-analysis		used	https://rhreynolds.github.io/RBD-GWAS-analysis/	following previously described pipelines 32 ( https://rhreynolds.github.io/RBD-GWAS-analysis/ , https://github.com/manuelatan/PD-survival-GWAS/ )	https://www.ncbi.nlm.nih.gov/pmc/articles/PMC12678402/
PD-survival-GWAS		used	https://github.com/manuelatan/PD-survival-GWAS/	following previously described pipelines 32 ( https://rhreynolds.github.io/RBD-GWAS-analysis/ , https://github.com/manuelatan/PD-survival-GWAS/ )	https://www.ncbi.nlm.nih.gov/pmc/articles/PMC12678402/
GTEx		used	https://www.gtexportal.org/home/	the GTEx public dataset ( https://www.gtexportal.org/home/ ) was additionally examined to validate the association in brain tissue	https://www.ncbi.nlm.nih.gov/pmc/articles/PMC12678402/
TMEM175_SCARB2_CTSB_PDrisk		created	https://github.com/GP2code/TMEM175_SCARB2_CTSB_PDrisk	All code generated for this article, and the identifiers for all software programs and packages used, are available on GitHub ( https://github.com/GP2code/TMEM175_SCARB2_CTSB_PDrisk ) and were given a persistent identifier via Zenodo (10.5281/zenodo.15799510)	https://www.ncbi.nlm.nih.gov/pmc/articles/PMC12678402/
					https://www.ncbi.nlm.nih.gov/pmc/articles/PMC11491991/
					https://www.ncbi.nlm.nih.gov/pmc/articles/PMC13255081/
					https://www.ncbi.nlm.nih.gov/pmc/articles/PMC11213070/
					https://www.ncbi.nlm.nih.gov/pmc/articles/PMC11112682/
					https://www.ncbi.nlm.nih.gov/pmc/articles/PMC12149845/
MatrixEQTL	2.3	used		Brain‐wide cis RNA editing QTL ( cis ‐edQTLs) were identified using MatrixEQTL (v2.3) package 59 in R and GTEx_edQTL 60 ( https://github.com/vargasliqin/GTEx_edQTL/ ) repository from Github.	https://www.ncbi.nlm.nih.gov/pmc/articles/PMC12238832/
R		used		Brain‐wide cis RNA editing QTL ( cis ‐edQTLs) were identified using MatrixEQTL (v2.3) package 59 in R and GTEx_edQTL 60 ( https://github.com/vargasliqin/GTEx_edQTL/ ) repository from Github.	https://www.ncbi.nlm.nih.gov/pmc/articles/PMC12238832/
GTEx_edQTL		used	https://github.com/vargasliqin/GTEx_edQTL/	Brain‐wide cis RNA editing QTL ( cis ‐edQTLs) were identified using MatrixEQTL (v2.3) package 59 in R and GTEx_edQTL 60 ( https://github.com/vargasliqin/GTEx_edQTL/ ) repository from Github.	https://www.ncbi.nlm.nih.gov/pmc/articles/PMC12238832/
FastQTL	8	used		Brain‐region specific individual sample RNA editing data files were combined into a matrix utilizing the sharedsamples_sites_matrix_FastQTL_v8.pl (GTEx_edQTL) perl script with setting the minimum number of samples per site (minsamps: 10 samples) and minimum reads coverage per site (mincov: 10 reads).	https://www.ncbi.nlm.nih.gov/pmc/articles/PMC12238832/
					https://www.ncbi.nlm.nih.gov/pmc/articles/PMC13321689/
					https://www.ncbi.nlm.nih.gov/pmc/articles/PMC12178823/
					https://www.ncbi.nlm.nih.gov/pmc/articles/PMC13160918/
					https://www.ncbi.nlm.nih.gov/pmc/articles/PMC13277644/
					https://www.ncbi.nlm.nih.gov/pmc/articles/PMC12152538/
Surreal-GAN		used	https://github.com/zhijian-yang/SurrealGAN	Surreal-GAN: https://github.com/zhijian-yang/SurrealGAN , Disease heterogeneity analysis	https://www.ncbi.nlm.nih.gov/pmc/articles/PMC12363687/
MUSE		used	https://github.com/CBICA/MUSE	MUSE: https://github.com/CBICA/MUSE , RAVENS map extraction	https://www.ncbi.nlm.nih.gov/pmc/articles/PMC12363687/
SOPNMF		used	https://github.com/anbai106/SOPNMF	SOPNMF: https://github.com/anbai106/SOPNMF , Brain PSC extraction	https://www.ncbi.nlm.nih.gov/pmc/articles/PMC12363687/
ukbb_cardiac		used	https://github.com/baiwenjia/ukbb_cardiac	ukbb_cardiac: https://github.com/baiwenjia/ukbb_cardiac , Heart IDP extraction	https://www.ncbi.nlm.nih.gov/pmc/articles/PMC12363687/
LDSC		used	https://github.com/bulik/ldsc	LDSC: https://github.com/bulik/ldsc , genetic correlation	https://www.ncbi.nlm.nih.gov/pmc/articles/PMC12363687/
PRS-CS		used	https://github.com/getian107/PRScs	PRS-CS: https://github.com/getian107/PRScs , PRS calculation	https://www.ncbi.nlm.nih.gov/pmc/articles/PMC12363687/
					https://www.ncbi.nlm.nih.gov/pmc/articles/PMC12330451/
					https://www.ncbi.nlm.nih.gov/pmc/articles/PMC13044187/
					https://www.ncbi.nlm.nih.gov/pmc/articles/PMC12612583/
					https://www.ncbi.nlm.nih.gov/pmc/articles/PMC12402704/
					https://www.ncbi.nlm.nih.gov/pmc/articles/PMC12647409/
					https://www.ncbi.nlm.nih.gov/pmc/articles/PMC12816864/
smoove		used	https://github.com/brentp/smoove	GitHub - Brentp/smoove: Structural Variant Calling and Genotyping with Existing Tools, But, Smoothly . n.d. GitHub . Accessed August 9, 2024 . https://github.com/brentp/smoove .	https://www.ncbi.nlm.nih.gov/pmc/articles/PMC11343262/
					https://www.ncbi.nlm.nih.gov/pmc/articles/PMC13004507/
					https://www.ncbi.nlm.nih.gov/pmc/articles/PMC10202082/
					https://www.ncbi.nlm.nih.gov/pmc/articles/PMC13280697/
isweep		created	https://github.com/sdtemple/isweep	The methodology is implemented in the https://github.com/sdtemple/isweep Python package as a module, which is available under the CC0 1.0 Universal License.	https://www.ncbi.nlm.nih.gov/pmc/articles/PMC12265659/
Python		used		The methodology is implemented in the https://github.com/sdtemple/isweep Python package as a module, which is available under the CC0 1.0 Universal License.	https://www.ncbi.nlm.nih.gov/pmc/articles/PMC12265659/
flare-pipeline		used	https://github.com/sdtemple/flare-pipeline	Phasing and local ancestry inference are performed using the workflow https://github.com/sdtemple/flare-pipeline , which has now been folded into the isweep package.	https://www.ncbi.nlm.nih.gov/pmc/articles/PMC12265659/
BEAGLE	5.4	used	https://faculty.washington.edu/browning/beagle/b5_4.html	https://faculty.washington.edu/browning/beagle/b5_4.html : haplotype phasing (version 5.4)	https://www.ncbi.nlm.nih.gov/pmc/articles/PMC12265659/
flare	0.5.1	used	https://github.com/browning-lab/flare	https://github.com/browning-lab/flare : local ancestry inference (version 0.5.1)	https://www.ncbi.nlm.nih.gov/pmc/articles/PMC12265659/
hap-ibd	1.0	used	https://github.com/browning-lab/hap-ibd	https://github.com/browning-lab/hap-ibd : detecting identity-by-descent segments (version 1.0)	https://www.ncbi.nlm.nih.gov/pmc/articles/PMC12265659/
ibd-ends		used	https://github.com/browning-lab/ibd-ends	https://github.com/browning-lab/ibd-ends : detecting identity-by-descent segments	https://www.ncbi.nlm.nih.gov/pmc/articles/PMC12265659/
IBDkin	2.8.7.8	used	https://github.com/YingZhou001/IBDkin	https://github.com/YingZhou001/IBDkin : relatedness inference (version 2.8.7.8)	https://www.ncbi.nlm.nih.gov/pmc/articles/PMC12265659/
tskit		used	https://tskit.dev/	https://tskit.dev/ : utilities for tree sequences, including msprime	https://www.ncbi.nlm.nih.gov/pmc/articles/PMC12265659/
msprime		used		https://tskit.dev/ : utilities for tree sequences, including msprime	https://www.ncbi.nlm.nih.gov/pmc/articles/PMC12265659/
tskibd		used	https://github.com/bguo068/tskibd	https://github.com/bguo068/tskibd : deriving identity-by-descent segments from tree sequences	https://www.ncbi.nlm.nih.gov/pmc/articles/PMC12265659/
UCSC Genome Browser		used	https://genome.ucsc.edu	UCSC Genome Browser: https://genome.ucsc.edu	https://www.ncbi.nlm.nih.gov/pmc/articles/PMC12265659/
NHGRI-EBI GWAS Catalog		used	https://www.ebi.ac.uk/gwas/	NHGRI-EBI GWAS Catalog: https://www.ebi.ac.uk/gwas/	https://www.ncbi.nlm.nih.gov/pmc/articles/PMC12265659/
Agora		used	https://agora.adknowledgeportal.org/	Agora (accessed May 7, 2025): https://agora.adknowledgeportal.org/	https://www.ncbi.nlm.nih.gov/pmc/articles/PMC12265659/
gnomAD	3	used	https://gnomad.broadinstitute.org/downloads	gnomAD principal components (v3): https://gnomad.broadinstitute.org/downloads	https://www.ncbi.nlm.nih.gov/pmc/articles/PMC12265659/
					https://www.ncbi.nlm.nih.gov/pmc/articles/PMC12371225/
ClinVar		used	https://www.ncbi.nlm.nih.gov/clinvar/	Variants were included if reported as disease-causing or risk-associated in at least two of three curated databases (e.g., ClinVar, https://www.ncbi.nlm.nih.gov/clinvar/ ; the Human Gene Mutation Database, https://www.hgmd.cf.ac.uk ; MDSGene, https://www.mdsgene.org/ ; Table S1 ).	https://www.ncbi.nlm.nih.gov/pmc/articles/PMC13119358/
Human Gene Mutation Database		used	https://www.hgmd.cf.ac.uk	Variants were included if reported as disease-causing or risk-associated in at least two of three curated databases (e.g., ClinVar, https://www.ncbi.nlm.nih.gov/clinvar/ ; the Human Gene Mutation Database, https://www.hgmd.cf.ac.uk ; MDSGene, https://www.mdsgene.org/ ; Table S1 ).	https://www.ncbi.nlm.nih.gov/pmc/articles/PMC13119358/
MDSGene		used	https://www.mdsgene.org/	Variants were included if reported as disease-causing or risk-associated in at least two of three curated databases (e.g., ClinVar, https://www.ncbi.nlm.nih.gov/clinvar/ ; the Human Gene Mutation Database, https://www.hgmd.cf.ac.uk ; MDSGene, https://www.mdsgene.org/ ; Table S1 ).	https://www.ncbi.nlm.nih.gov/pmc/articles/PMC13119358/
PLINK	2	used		PLINK v.2 ( 9 , 10 ) was used to extract variants of interest in LRRK2 and GBA1 , and variant annotation was done using ANNOVAR ( 11 ).	https://www.ncbi.nlm.nih.gov/pmc/articles/PMC13119358/
ANNOVAR		used		PLINK v.2 ( 9 , 10 ) was used to extract variants of interest in LRRK2 and GBA1 , and variant annotation was done using ANNOVAR ( 11 ).	https://www.ncbi.nlm.nih.gov/pmc/articles/PMC13119358/
Gauchian		used	https://github.com/Illumina/Gauchian	Additionally, the Gauchian pipeline ( https://github.com/Illumina/Gauchian ) was used for GBA1 variant calling from WGS data.	https://www.ncbi.nlm.nih.gov/pmc/articles/PMC13119358/
GitHub		used	https://github.com/GP2code/GP2-precision-medicine/	The survey data reported in this manuscript as well as all code generated for this article, and the identifiers for all software programs and packages used, are available on GitHub ( https://github.com/GP2code/GP2-precision-medicine/ ) and were given a persistent identifier via Zenodo ( https://doi.org/10.5281/zenodo.19228213 ).	https://www.ncbi.nlm.nih.gov/pmc/articles/PMC13119358/
Zenodo		used	https://doi.org/10.5281/zenodo.19228213	The survey data reported in this manuscript as well as all code generated for this article, and the identifiers for all software programs and packages used, are available on GitHub ( https://github.com/GP2code/GP2-precision-medicine/ ) and were given a persistent identifier via Zenodo ( https://doi.org/10.5281/zenodo.19228213 ).	https://www.ncbi.nlm.nih.gov/pmc/articles/PMC13119358/
					https://www.ncbi.nlm.nih.gov/pmc/articles/PMC125054/
DyGraphTrans		created	https://github.com/bozdaglab/DyGraphTrans	The source code and datasets are available at https://github.com/bozdaglab/DyGraphTrans .	https://www.ncbi.nlm.nih.gov/pmc/articles/PMC12893049/
					https://www.ncbi.nlm.nih.gov/pmc/articles/PMC11788189/
					https://www.ncbi.nlm.nih.gov/pmc/articles/PMC13240123/
					https://www.ncbi.nlm.nih.gov/pmc/articles/PMC11160917/
					https://www.ncbi.nlm.nih.gov/pmc/articles/PMC11142188/
JuBrain Anatomy Toolbox		used	https://github.com/inm7/jubrain-anatomy-toolbox	JuBrain Anatomy Toolbox ( https://github.com/inm7/jubrain‐anatomy‐toolbox ) was adopted for results anatomical localization.	https://www.ncbi.nlm.nih.gov/pmc/articles/PMC13309292/
psych		used	https://cran.r-project.org/web/packages/psych/index.html	Revelle W psych: Procedures for Psychological, Psychometric, and Personality Research , https://cran.r-project.org/web/packages/psych/index.html ( 2025 , accessed 15 October 2025 ).	https://www.ncbi.nlm.nih.gov/pmc/articles/PMC13242860/
					https://www.ncbi.nlm.nih.gov/pmc/articles/PMC13064071/
					https://www.ncbi.nlm.nih.gov/pmc/articles/PMC11485327/
model_seg_human_axon-myelin_bf		created	https://github.com/axondeepseg/model_seg_human_axon-myelin_bf	It is publicly available at https://github.com/axondeepseg/model_seg_human_axon-myelin_bf	https://www.ncbi.nlm.nih.gov/pmc/articles/PMC12272163/
mgcv		used	https://cran.r-project.org/web/packages/mgcv/mgcv.pdf	Wood S . Package 'mgcv.' Published online 2023. Accessed 11 July 2024. https://cran.r-project.org/web/packages/mgcv/mgcv.pdf	https://www.ncbi.nlm.nih.gov/pmc/articles/PMC12272163/
					https://www.ncbi.nlm.nih.gov/pmc/articles/PMC12812861/
					https://www.ncbi.nlm.nih.gov/pmc/articles/PMC13347583/
FastQC	0.11.9	used		fastq data quality was assessed using FastQC version 0.11.9	https://www.ncbi.nlm.nih.gov/pmc/articles/PMC12060125/
STAR	2.7.5c	used		reads were aligned to the human genome (GRCh38.103) using STAR version 2.7.5c	https://www.ncbi.nlm.nih.gov/pmc/articles/PMC12060125/
RNA-SeQC	2.3.6	used		assigned to genes and quantified using RNA‐SeQC version 2.3.6	https://www.ncbi.nlm.nih.gov/pmc/articles/PMC12060125/
TOPMed bulk RNA-seq pipeline		used	https://github.com/broadinstitute/gtex-pipeline/blob/master/TOPMed_RNAseq_pipeline.md	Data were preprocessed and analyzed using the TOPMed bulk RNA‐seq pipeline ( https://github.com/broadinstitute/gtex‐pipeline/blob/master/TOPMed_RNAseq_pipeline.md )	https://www.ncbi.nlm.nih.gov/pmc/articles/PMC12060125/
					https://www.ncbi.nlm.nih.gov/pmc/articles/PMC11056505/
					https://www.ncbi.nlm.nih.gov/pmc/articles/PMC10984437/
Predictive Clinical Neuroscience (PCN) toolkit		used	https://github.com/predictive-clinical-neuroscience/braincharts	The model was implemented using the openly available Predictive Clinical Neuroscience (PCN) toolkit 30 ( https://github.com/predictive-clinical-neuroscience/braincharts ) and employed a sinh-arcsinh (SHASHb) likelihood for enhanced modelling flexibility and to capture non-Gaussian characteristics in the data distributions 28 .	https://www.ncbi.nlm.nih.gov/pmc/articles/PMC12204435/
					https://www.ncbi.nlm.nih.gov/pmc/articles/PMC12413705/
					https://www.ncbi.nlm.nih.gov/pmc/articles/PMC10363815/
					https://www.ncbi.nlm.nih.gov/pmc/articles/PMC11138035/
					https://www.ncbi.nlm.nih.gov/pmc/articles/PMC12330439/
					https://www.ncbi.nlm.nih.gov/pmc/articles/PMC10629770/
UK Biobank		used	https://www.ukbiobank.ac.uk/	Individual‐level data from the UK Biobank (UKB, https://www.ukbiobank.ac.uk/ ) and the Alzheimer's Disease Sequencing Project (ADSP, https://adsp.niagads.org/ ) are available by application through their respective data access processes.	https://www.ncbi.nlm.nih.gov/pmc/articles/PMC12805644/
Alzheimer's Disease Sequencing Project		used	https://adsp.niagads.org/	Individual‐level data from the UK Biobank (UKB, https://www.ukbiobank.ac.uk/ ) and the Alzheimer's Disease Sequencing Project (ADSP, https://adsp.niagads.org/ ) are available by application through their respective data access processes.	https://www.ncbi.nlm.nih.gov/pmc/articles/PMC12805644/
LS-Multi-Ancestry		created	https://github.com/ren328/LS-Multi-Ancestry	The code used for the analyses presented in this paper is available at https://github.com/ren328/LS-Multi-Ancestry .	https://www.ncbi.nlm.nih.gov/pmc/articles/PMC12805644/
					https://www.ncbi.nlm.nih.gov/pmc/articles/PMC11289425/
Illumina Infinium Global Screening Array-24	3.0	used		DNA samples were genotyped using Illumina Infinium Global Screening Array-24 v3.0.	https://www.ncbi.nlm.nih.gov/pmc/articles/PMC12604407/
PLINK		used		Standard quality control pipelines were applied using PLINK ( www.cog-genomics.org ) and are available online ( https://github.com/marioni-group/epad-gwas ).	https://www.ncbi.nlm.nih.gov/pmc/articles/PMC12604407/
HapMap III		used		Before imputation, individuals of non-European ancestry ( n = 19, based on clustering with HapMap III reference data) and individuals with a family relation ( n = 46, identity-by-descent > 0.1875) were excluded.	https://www.ncbi.nlm.nih.gov/pmc/articles/PMC12604407/
scib snakemake pipeline		used	https://github.com/theislab/scib-pipeline	Benchmarking of data integration methods was performed using the scib snakemake pipeline ( https://github.com/theislab/scib-pipeline ) on 16 representative sections from 4 individuals.	https://www.ncbi.nlm.nih.gov/pmc/articles/PMC12310243/
Harmony		used		We compared Harmony [ 17 ], scANVI [ 18 ], fastMNN [ 19 ], ComBat [ 20 ], Seurat v3 RPCA [ 21 ], scVI [ 22 ], and BBKNN [ 23 ].	https://www.ncbi.nlm.nih.gov/pmc/articles/PMC12310243/
scANVI		used		We compared Harmony [ 17 ], scANVI [ 18 ], fastMNN [ 19 ], ComBat [ 20 ], Seurat v3 RPCA [ 21 ], scVI [ 22 ], and BBKNN [ 23 ].	https://www.ncbi.nlm.nih.gov/pmc/articles/PMC12310243/
fastMNN		used		We compared Harmony [ 17 ], scANVI [ 18 ], fastMNN [ 19 ], ComBat [ 20 ], Seurat v3 RPCA [ 21 ], scVI [ 22 ], and BBKNN [ 23 ].	https://www.ncbi.nlm.nih.gov/pmc/articles/PMC12310243/
ComBat		used		We compared Harmony [ 17 ], scANVI [ 18 ], fastMNN [ 19 ], ComBat [ 20 ], Seurat v3 RPCA [ 21 ], scVI [ 22 ], and BBKNN [ 23 ].	https://www.ncbi.nlm.nih.gov/pmc/articles/PMC12310243/
Seurat	3	used		We compared Harmony [ 17 ], scANVI [ 18 ], fastMNN [ 19 ], ComBat [ 20 ], Seurat v3 RPCA [ 21 ], scVI [ 22 ], and BBKNN [ 23 ].	https://www.ncbi.nlm.nih.gov/pmc/articles/PMC12310243/
scVI		used		We compared Harmony [ 17 ], scANVI [ 18 ], fastMNN [ 19 ], ComBat [ 20 ], Seurat v3 RPCA [ 21 ], scVI [ 22 ], and BBKNN [ 23 ].	https://www.ncbi.nlm.nih.gov/pmc/articles/PMC12310243/
BBKNN		used		We compared Harmony [ 17 ], scANVI [ 18 ], fastMNN [ 19 ], ComBat [ 20 ], Seurat v3 RPCA [ 21 ], scVI [ 22 ], and BBKNN [ 23 ].	https://www.ncbi.nlm.nih.gov/pmc/articles/PMC12310243/
Louvain		used		Subject identifiers were used as batch labels, while Louvain-derived clusters were used as identity labels.	https://www.ncbi.nlm.nih.gov/pmc/articles/PMC12310243/
					https://www.ncbi.nlm.nih.gov/pmc/articles/PMC13094647/
					https://www.ncbi.nlm.nih.gov/pmc/articles/PMC2819840/
					https://www.ncbi.nlm.nih.gov/pmc/articles/PMC11788211/
ExpansionHunter		used		Post-processing was performed on the ExpansionHunter calls to remove genotypes where the motif does not match the motif specified in the STR catalogue.	https://www.ncbi.nlm.nih.gov/pmc/articles/PMC12661016/
EH5_kmerfilter		used	https://github.com/bahlolab/EH5_kmerfilter	This was performed using the package EH5_kmerfilter ( https://github.com/bahlolab/EH5_kmerfilter ).	https://www.ncbi.nlm.nih.gov/pmc/articles/PMC12661016/
					https://www.ncbi.nlm.nih.gov/pmc/articles/PMC13314546/
					https://www.ncbi.nlm.nih.gov/pmc/articles/PMC10896738/
					https://www.ncbi.nlm.nih.gov/pmc/articles/PMC12423612/
					https://www.ncbi.nlm.nih.gov/pmc/articles/PMC11247693/
GitHub		used	https://github.com/RobelGebre/CognitionPredictionWithPlasma	Codes are available at GitHub: https://github.com/RobelGebre/CognitionPredictionWithPlasma	https://www.ncbi.nlm.nih.gov/pmc/articles/PMC11406552/
Zenodo		used	https://zenodo.org/records/15653052	The cell type–specific correlation matrices are available on Zenodo https://zenodo.org/records/15653052 .	https://www.ncbi.nlm.nih.gov/pmc/articles/PMC12584222/
GitHub		used	https://github.com/RushAlz/sn_networks_ROSMAP	The relevant code generated by this work is available on the GitHub repository https://github.com/RushAlz/sn_networks_ROSMAP .	https://www.ncbi.nlm.nih.gov/pmc/articles/PMC12584222/
GenoTools		created	https://github.com/GP2code/GenoTools	Automated genotype data processing was conducted on GenoTools, a Python pipeline built for quality control and ancestry estimation of data. Additional details can be found at ( https://github.com/GP2code/GenoTools ).	https://www.ncbi.nlm.nih.gov/pmc/articles/PMC10659467/
Python		used		Automated genotype data processing was conducted on GenoTools, a Python pipeline built for quality control and ancestry estimation of data.	https://www.ncbi.nlm.nih.gov/pmc/articles/PMC10659467/
Neuro_Booster_Array		used	https://github.com/GP2code/Neuro_Booster_Array	https://github.com/GP2code/Neuro_Booster_Array (DOI 10.5281/zenodo.10018765 )	https://www.ncbi.nlm.nih.gov/pmc/articles/PMC10659467/
					https://www.ncbi.nlm.nih.gov/pmc/articles/PMC12854962/
GenoTools	1.0	used	https://github.com/GP2code/GenoTools	Raw genotype data was passed through a custom ancestry prediction and pruning machine learning method as a part of the GenoTools pipeline ( https://github.com/GP2code/GenoTools ), as described elsewhere 10 . All samples underwent similar standardized quality control (QC).	https://www.ncbi.nlm.nih.gov/pmc/articles/PMC10593199/
GenoTools	1.0	used	https://github.com/GP2code/GenoTools	Genotyping imputation, quality control, ancestry prediction, and processing was performed using GenoTools v1.0, publicly available on GitHub ( https://github.com/GP2code/GenoTools ).	https://www.ncbi.nlm.nih.gov/pmc/articles/PMC10593199/
					https://www.ncbi.nlm.nih.gov/pmc/articles/PMC10480336/
Global Parkinson's Genetics Program (GP2)	8	used	https://gp2.org	Data used in the preparation of this article were obtained from the Global Parkinson's Genetics Program (GP2; https://gp2.org ). Specifically, we used Tier 2 data from GP2 release 8 (DOI: https://gp2.org 10.5281/zenodo.13755496 ).	https://www.ncbi.nlm.nih.gov/pmc/articles/PMC12265777/
Accelerating Medicines Partnership in Parkinson's Disease (AMP-PD)		used	https://amp-pd.org/register-for-amp-pd	Tier 1 data can be accessed by completing a form on the Accelerating Medicines Partnership in Parkinson's Disease (AMP-PD) website ( http://doi.org/10.5281/zenodo.13755496 https://amp-pd.org/register-for-amp-pd ).	https://www.ncbi.nlm.nih.gov/pmc/articles/PMC12265777/
GitHub		used	https://github.com/GP2code/dystonia-genes-inPD	All code generated for this article, and the identifiers for all software programs and packages used, are available on GitHub ( https://github.com/GP2code/dystonia-genes-inPD ) and were given a persistent identifier via Zenodo (DOI https://github.com/GP2code/dystonia-genes-inPD 10.5281/zenodo.15676002 ).	https://www.ncbi.nlm.nih.gov/pmc/articles/PMC12265777/
Zenodo		used		All code generated for this article, and the identifiers for all software programs and packages used, are available on GitHub ( https://github.com/GP2code/dystonia-genes-inPD ) and were given a persistent identifier via Zenodo (DOI 10.5281/zenodo.15676002 ).	https://www.ncbi.nlm.nih.gov/pmc/articles/PMC12265777/
					https://www.ncbi.nlm.nih.gov/pmc/articles/PMC12413721/
Github		used	https://github.com/juliandwillett/NIA_AOU_ProjPCs_Study	Code is publicly available on Github: https://github.com/juliandwillett/NIA_AOU_ProjPCs_Study	https://www.ncbi.nlm.nih.gov/pmc/articles/PMC12946819/
					https://www.ncbi.nlm.nih.gov/pmc/articles/PMC11234605/
CompOntoVisFramework		created	https://github.com/martindyrba/CompOntoVisFramework	The source code is available via GitHub: https://github.com/martindyrba/CompOntoVisFramework	https://www.ncbi.nlm.nih.gov/pmc/articles/PMC12583655/
BioPortal		used	https://bioportal.bioontology.org/ontologies/BRAIN-COF	the ontology model is available via BioPortal: https://bioportal.bioontology.org/ontologies/BRAIN-COF	https://www.ncbi.nlm.nih.gov/pmc/articles/PMC12583655/
					https://www.ncbi.nlm.nih.gov/pmc/articles/PMC11971857/
					https://www.ncbi.nlm.nih.gov/pmc/articles/PMC11632366/
					https://www.ncbi.nlm.nih.gov/pmc/articles/PMC13273211/
					https://www.ncbi.nlm.nih.gov/pmc/articles/PMC12285673/
GWAMA	2.1	used		Combining GWAS summary statistics from all ADSP WGS datasets using GWAMA v2.1 (Mägi & Morris, 2010)	https://www.ncbi.nlm.nih.gov/pmc/articles/PMC12486013/
PRSice2		used		creating PRSs using PRSice2 and LDPred2	https://www.ncbi.nlm.nih.gov/pmc/articles/PMC12486013/
LDPred2		used		creating PRSs using PRSice2 and LDPred2	https://www.ncbi.nlm.nih.gov/pmc/articles/PMC12486013/
PRSsum Simple		used	https://github.com/nkurniansyah/PRSsum_Simple	"we applied the ""PRSsum Simple"" approach using our previous method ( https://github.com/nkurniansyah/PRSsum_Simple )"	https://www.ncbi.nlm.nih.gov/pmc/articles/PMC12486013/
Alzheimer_PRS		created	https://github.com/nkurniansyah/Alzheimer_PRS	Scripts used to perform analyses described in the paper and code to construct multi-ancestry AD PRS are available in the GitHub repository ( https://github.com/nkurniansyah/Alzheimer_PRS )	https://www.ncbi.nlm.nih.gov/pmc/articles/PMC12486013/
					https://www.ncbi.nlm.nih.gov/pmc/articles/PMC13183599/
Alzheimer's Disease Neuroimaging Initiative (ADNI) database		used		The data used in this study were obtained from the Alzheimer's Disease Neuroimaging Initiative (ADNI) database (adni.loni.usc.edu) and are available to qualified researchers upon request.	https://www.ncbi.nlm.nih.gov/pmc/articles/PMC13144130/
analysis code		created	https://github.com/FaizaanFazal/adni-apoe4-hippocampus-cognitive-decline	The analysis code supporting the findings of this study is publicly available at: https://github.com/FaizaanFazal/adni-apoe4-hippocampus-cognitive-decline	https://www.ncbi.nlm.nih.gov/pmc/articles/PMC13144130/
Python		used		Python scripts used in this study are made available on GitHub ( https://github.com/vkola-lab/npjdementia2025/ ).	https://www.ncbi.nlm.nih.gov/pmc/articles/PMC12488479/
GitHub		used	https://github.com/vkola-lab/npjdementia2025/	Python scripts used in this study are made available on GitHub ( https://github.com/vkola-lab/npjdementia2025/ ).	https://www.ncbi.nlm.nih.gov/pmc/articles/PMC12488479/
					https://www.ncbi.nlm.nih.gov/pmc/articles/PMC12184064/
					https://www.ncbi.nlm.nih.gov/pmc/articles/PMC11284633/
					https://www.ncbi.nlm.nih.gov/pmc/articles/PMC13066025/
					https://www.ncbi.nlm.nih.gov/pmc/articles/PMC12634217/
					https://www.ncbi.nlm.nih.gov/pmc/articles/PMC10580004/
					https://www.ncbi.nlm.nih.gov/pmc/articles/PMC11184450/
					https://www.ncbi.nlm.nih.gov/pmc/articles/PMC12507412/
					https://www.ncbi.nlm.nih.gov/pmc/articles/PMC13339294/
					https://www.ncbi.nlm.nih.gov/pmc/articles/PMC12886274/
					https://www.ncbi.nlm.nih.gov/pmc/articles/PMC10454324/
Learn_2_control		created	https://www.github.com/sciqd/Learn_2_control	Codes are available at www.github.com/sciqd/Learn_2_control .	https://www.ncbi.nlm.nih.gov/pmc/articles/PMC12877139/
					https://www.ncbi.nlm.nih.gov/pmc/articles/PMC13273220/
CADRE_CHARGE_ADSP17K			https://github.com/wanpinglee/CADRE_CHARGE_ADSP17K	https://github.com/wanpinglee/CADRE_CHARGE_ADSP17K	https://www.ncbi.nlm.nih.gov/pmc/articles/PMC10491367/
STAARpipeline_plugin			https://github.com/seuchoi/STAARpipeline_plugin	https://github.com/seuchoi/STAARpipeline_plugin	https://www.ncbi.nlm.nih.gov/pmc/articles/PMC10491367/
					https://www.ncbi.nlm.nih.gov/pmc/articles/PMC12552893/
					https://www.ncbi.nlm.nih.gov/pmc/articles/PMC12804521/
					https://www.ncbi.nlm.nih.gov/pmc/articles/PMC12037668/
					https://www.ncbi.nlm.nih.gov/pmc/articles/PMC13219310/
GP2	9	used	https://doi.org/10.5281/zenodo.14510099	Data used in the preparation of this article were obtained from GP2. Specifically, we used Tier 2 data from GP2 releases 9 ( https://doi.org/10.5281/zenodo.14510099 )	https://www.ncbi.nlm.nih.gov/pmc/articles/PMC12838296/
GP2	10	used	https://doi.org/10.5281/zenodo.15748014	Specifically, we used Tier 2 data from GP2 releases 9 ( https://doi.org/10.5281/zenodo.14510099 ) and 10 ( 10.5281/zenodo.14510099 https://doi.org/10.5281/zenodo.15748014 )	https://www.ncbi.nlm.nih.gov/pmc/articles/PMC12838296/
AMP-PD		used	https://amp-pd.org/register-for-amp-pd	Tier 1 data can be accessed by completing a form on the Accelerating Medicines Partnership in Parkinson's Disease (AMP -PD) website ( https://amp-pd.org/register-for-amp-pd )	https://www.ncbi.nlm.nih.gov/pmc/articles/PMC12838296/
UK Biobank		used	https://www.ukbiobank.ac.uk/use-our-data/apply-for-access/	UK Biobank data can be accessed at ( https://amp-pd.org/register-for-amp-pd https://www.ukbiobank.ac.uk/use-our-data/apply-for-access/ )	https://www.ncbi.nlm.nih.gov/pmc/articles/PMC12838296/
Fox Insight		used	https://foxinsight.michaeljfox.org/register	Fox Insight data can be accessed at ( https://www.ukbiobank.ac.uk/use-our-data/apply-for-access/ https://foxinsight.michaeljfox.org/register )	https://www.ncbi.nlm.nih.gov/pmc/articles/PMC12838296/
GitHub		used	https://github.com/GP2code/GP2-Male-Female-GWAS	All code generated for this article, and the identifiers for all software programs and packages used, are available on GitHub ( https://github.com/GP2code/GP2-Male-Female-GWAS )	https://www.ncbi.nlm.nih.gov/pmc/articles/PMC12838296/
Zenodo		used	https://doi.org/10.5281/zenodo.18089825	All code generated for this article, and the identifiers for all software programs and packages used, are available on GitHub ( https://github.com/GP2code/GP2-Male-Female-GWAS ) and were given a persistent identifier via Zenodo (DOI 10.5281/zenodo.18089825 )	https://www.ncbi.nlm.nih.gov/pmc/articles/PMC12838296/
NDPK		used	https://ndkp.hugeamp.org/	Summary statistics from every ancestry-level meta-analysis will be available on NDPK https://ndkp.hugeamp.org/ .	https://www.ncbi.nlm.nih.gov/pmc/articles/PMC12838296/
BrainChart		used	https://github.com/brainchart/Lifespan	"""BrainChart"" ( https://github.com/brainchart/Lifespan ), is an interactive open source tool, which has amassed one of the largest aggregated published datasets of structural MRI brain scans to date [ 30 ]."	https://www.ncbi.nlm.nih.gov/pmc/articles/PMC12613731/
GAMLSS		used		BrainChart estimates age- and sex-adjusted centile scores for structural MRI metrics using a generalized additive models for location, scale and shape (GAMLSS) approach [ 30 , 31 ].	https://www.ncbi.nlm.nih.gov/pmc/articles/PMC12613731/
ggseg		used	https://github.com/ggseg/ggseg	Median centile scores for each region in each participant group of interest, as well as Spearman's Rho and associated adjusted p-values for each region in the MMSE score and tau PET analyses, were visualized using the ggseg R package ( https://github.com/ggseg/ggseg ) [ 36 ].	https://www.ncbi.nlm.nih.gov/pmc/articles/PMC12613731/
R		used		Median centile scores for each region in each participant group of interest, as well as Spearman's Rho and associated adjusted p-values for each region in the MMSE score and tau PET analyses, were visualized using the ggseg R package ( https://github.com/ggseg/ggseg ) [ 36 ].	https://www.ncbi.nlm.nih.gov/pmc/articles/PMC12613731/
					https://www.ncbi.nlm.nih.gov/pmc/articles/PMC12135609/
					https://www.ncbi.nlm.nih.gov/pmc/articles/PMC13222108/
					https://www.ncbi.nlm.nih.gov/pmc/articles/PMC10704020/
					https://www.ncbi.nlm.nih.gov/pmc/articles/PMC10154469/
					https://www.ncbi.nlm.nih.gov/pmc/articles/PMC11727989/
					https://www.ncbi.nlm.nih.gov/pmc/articles/PMC13239684/
xqtl-protocol	1.0.2	used	https://github.com/StatFunGen/xqtl-protocol	analysis pipeline ( xqtl-protocol , release 1.0.2; https://github.com/StatFunGen/xqtl-protocol )	https://www.ncbi.nlm.nih.gov/pmc/articles/PMC13228756/
pecotmr	0.3.4	used	https://github.com/StatFunGen/pecotmr	pecotmr (v.0.3.4; https://github.com/StatFunGen/pecotmr )	https://www.ncbi.nlm.nih.gov/pmc/articles/PMC13228756/
cTWAS	0.4.21	used	https://xinhe-lab.github.io/multigroup_ctwas/	the cTWAS package for M-cTWAS (v.0.4.21; https://xinhe-lab.github.io/multigroup_ctwas/ )	https://www.ncbi.nlm.nih.gov/pmc/articles/PMC13228756/
NIAGADS xQTL portal		used	https://adsp-fgc.niagads.org/xqtl-resources/fgmb_weights_database/	The NIAGADS xQTL portal landing page provides the user-facing entry point to the FGMB resources, RWAS vignettes, and code to reproduce the figures of the article ( https://adsp-fgc.niagads.org/xqtl-resources/fgmb_weights_database/ )	https://www.ncbi.nlm.nih.gov/pmc/articles/PMC13228756/
node2vec		used		To learn the gene and disease embeddings from Hetionet, we applied two types of random-walk-based methods: node2vec 14 and edge2vec.	https://www.ncbi.nlm.nih.gov/pmc/articles/PMC12952682/
edge2vec		used	https://github.com/RoyZhengGao/edge2vec	Node2vec was performed using using the Node 2 Vec function from PyTorch Geometric while edge2vec was done based on scripts obtained from the edge2vec GitHub repository ( https://github.com/RoyZhengGao/edge2vec ).	https://www.ncbi.nlm.nih.gov/pmc/articles/PMC12952682/
DREAMwalk		used		Note that other types of random walk methods, such as DREAMwalk, 17 are not explored in this work as they require a diverse set of homogeneous network datasets, rather than a single heterogeneous knowledge graph.	https://www.ncbi.nlm.nih.gov/pmc/articles/PMC12952682/
Hetionet		used	https://github.com/hetio/hetionet	The Hetionet network was downloaded as TSV files from the repository ( https://github.com/hetio/hetionet )	https://www.ncbi.nlm.nih.gov/pmc/articles/PMC12952682/
Python		used		read into Python as a NetworkX object	https://www.ncbi.nlm.nih.gov/pmc/articles/PMC12952682/
NetworkX		used		read into Python as a NetworkX object	https://www.ncbi.nlm.nih.gov/pmc/articles/PMC12952682/
PyTorch Geometric		used		Node2vec was performed using using the Node 2 Vec function from PyTorch Geometric	https://www.ncbi.nlm.nih.gov/pmc/articles/PMC12952682/
MLNI	0.1.2 and 0.1.5	used	https://github.com/anbai106/mlni	MLNI 87 (version 0.1.2 and version 0.1.5): https://github.com/anbai106/mlni , MRIBAG generation	https://www.ncbi.nlm.nih.gov/pmc/articles/PMC12823390/
FUMA	1.5.0	used	https://fuma.ctglab.nl/	FUMA (version 1.5.0): https://fuma.ctglab.nl/ , gene mapping and genomic locus annotation	https://www.ncbi.nlm.nih.gov/pmc/articles/PMC12823390/
GCTA	1.94.1	used	https://yanglab.westlake.edu.cn/software/gcta/#Overview	GCTA (version 1.94.1): https://yanglab.westlake.edu.cn/software/gcta/#Overview , fastGWA	https://www.ncbi.nlm.nih.gov/pmc/articles/PMC12823390/
LDSC	aa33296	used	https://github.com/bulik/ldsc	LDSC (git version aa33296): https://github.com/bulik/ldsc , genetic correlation	https://www.ncbi.nlm.nih.gov/pmc/articles/PMC12823390/
TwoSampleMR	0.5.6	used	https://mrcieu.github.io/TwoSampleMR/index.html	TwoSampleMR (version 0.5.6): https://mrcieu.github.io/TwoSampleMR/index.html , Mendelian randomization	https://www.ncbi.nlm.nih.gov/pmc/articles/PMC12823390/
PRScs		used	https://github.com/getian107/PRScs	PRScs (release date: 10 August 2023): https://github.com/getian107/PRScs , PRS calculation	https://www.ncbi.nlm.nih.gov/pmc/articles/PMC12823390/
Lifelines	0.27.8	used	https://lifelines.readthedocs.io/en/latest/	Lifelines (version 0.27.8): https://lifelines.readthedocs.io/en/latest/ , survival analysis	https://www.ncbi.nlm.nih.gov/pmc/articles/PMC12823390/
String	12.0	used	https://string-db.org/	String (version 12.0): https://string-db.org/ , protein analyses	https://www.ncbi.nlm.nih.gov/pmc/articles/PMC12823390/
coloc	5	used	https://github.com/chr1swallace/coloc	coloc (version 5): https://github.com/chr1swallace/coloc ; Bayesian co-localization	https://www.ncbi.nlm.nih.gov/pmc/articles/PMC12823390/
					https://www.ncbi.nlm.nih.gov/pmc/articles/PMC13047925/
					https://www.ncbi.nlm.nih.gov/pmc/articles/PMC11095439/
Shiny		used	https://cran.r-project.org/web/packages/shiny/index.html	Chang W. Cheng J. Allaire J. Xie Y. McPherson J. ( 2022 ). Package 'Shiny'. Available online at: https://cran.r-project.org/web/packages/shiny/index.html (accessed June 11, 2023).	https://www.ncbi.nlm.nih.gov/pmc/articles/PMC11057441/
					https://www.ncbi.nlm.nih.gov/pmc/articles/PMC10907088/
					https://www.ncbi.nlm.nih.gov/pmc/articles/PMC13015379/
					https://www.ncbi.nlm.nih.gov/pmc/articles/PMC12129114/
					https://www.ncbi.nlm.nih.gov/pmc/articles/PMC11972554/
XWAS		used	https://github.com/MataLabCCF/XWAS	The quality control pipeline is available at https://github.com/MataLabCCF/XWAS	https://www.ncbi.nlm.nih.gov/pmc/articles/PMC12755251/
XWAS_v2	2	used	https://github.com/MataLabCCF/XWAS_v2	The association analysis pipeline is available at https://github.com/MataLabCCF/XWAS_v2	https://www.ncbi.nlm.nih.gov/pmc/articles/PMC12755251/
NAToRA		used	https://github.com/ldgh/NAToRA_Public	the NAToRA pipeline is available at https://github.com/ldgh/NAToRA_Public	https://www.ncbi.nlm.nih.gov/pmc/articles/PMC12755251/
SouthAfrican_XWAS		used	https://github.com/GP2code/SouthAfrican_XWAS	an overview of the analysis and any additional scripts not available through the Mata Lab GitHub can be found in the GP2 public domain on GitHub (https://github.com/GP2code/SouthAfrican_XWAS; DOI 10.5281/zenodo.18021965)	https://www.ncbi.nlm.nih.gov/pmc/articles/PMC12755251/
					https://www.ncbi.nlm.nih.gov/pmc/articles/PMC13321348/
					https://www.ncbi.nlm.nih.gov/pmc/articles/PMC13345451/
					https://www.ncbi.nlm.nih.gov/pmc/articles/PMC12154996/
Python	3.12.0	used		All the Analyses were performed with Python software (v3.12.0).	https://www.ncbi.nlm.nih.gov/pmc/articles/PMC12680741/
Scikit-learn	1.7.1	used		All machine learning models were implemented using the Scikit-learn Python library (v1.7.1).	https://www.ncbi.nlm.nih.gov/pmc/articles/PMC12680741/
NumPy	2.3.3	used		NumPy (v2.3.3) was used for numerical calculations and data manipulation.	https://www.ncbi.nlm.nih.gov/pmc/articles/PMC12680741/
Seaborn	0.13.2	used		Visual plots were created using Seaborn (v0.13.2) and Matplotlib (v3.10.6).	https://www.ncbi.nlm.nih.gov/pmc/articles/PMC12680741/
Matplotlib	3.10.6	used		Visual plots were created using Seaborn (v0.13.2) and Matplotlib (v3.10.6).	https://www.ncbi.nlm.nih.gov/pmc/articles/PMC12680741/
					https://www.ncbi.nlm.nih.gov/pmc/articles/PMC11586308/
					https://www.ncbi.nlm.nih.gov/pmc/articles/PMC10946587/
					https://www.ncbi.nlm.nih.gov/pmc/articles/PMC12708609/
STAARpipeline		used	https://github.com/xihaoli/STAARpipeline	STAARpipeline R package, https://github.com/xihaoli/STAARpipeline	https://www.ncbi.nlm.nih.gov/pmc/articles/PMC12934298/
STAARpipeline		created	https://github.com/DanielDYWang/STAARpipeline_new	Modified STAARpipeline R package, https://github.com/DanielDYWang/STAARpipeline_new	https://www.ncbi.nlm.nih.gov/pmc/articles/PMC12934298/
MOPS		created	https://github.com/Shamir-Lab/MOPS	The code developed in this paper is available at https://github.com/Shamir-Lab/MOPS .	https://www.ncbi.nlm.nih.gov/pmc/articles/PMC12910052/
					https://www.ncbi.nlm.nih.gov/pmc/articles/PMC12591989/
Manta	1.6.0	used		For each sample, Manta 25 v1.6.0 and Smoove v0.2.5 ( https://github.com/brentp/smoove ) with default parameters were used.	https://www.ncbi.nlm.nih.gov/pmc/articles/PMC11302603/
Smoove	0.2.5	used	https://github.com/brentp/smoove	For each sample, Manta 25 v1.6.0 and Smoove v0.2.5 ( https://github.com/brentp/smoove ) with default parameters were used.	https://www.ncbi.nlm.nih.gov/pmc/articles/PMC11302603/
Svimmer		used		Calls from Manta and Smoove were merged by Svimmer 47 to generate a union of two call sets for a sample.	https://www.ncbi.nlm.nih.gov/pmc/articles/PMC11302603/
Graphtyper2	2.7.3	used		Then, all individual sample VCF files were merged together by Svimmer as input to Graphtyper2 48 v2.7.3 for joint genotyping.	https://www.ncbi.nlm.nih.gov/pmc/articles/PMC11302603/
SV-ADSP-Pipeline		used	https://github.com/whtop/SV-ADSP-Pipeline	https://github.com/whtop/SV-ADSP-Pipeline https://dss.niagads.org/ADSP-Short-Var and ADSP-All-Var panel building codes are publicly accessible at https://github.com/plCas/SNP-SV-imputation-panel-building-pipeline	https://www.ncbi.nlm.nih.gov/pmc/articles/PMC11302603/
SNP-SV-imputation-panel-building-pipeline		used	https://github.com/plCas/SNP-SV-imputation-panel-building-pipeline	ADSP-All-Var panel building codes are publicly accessible at https://github.com/plCas/SNP-SV-imputation-panel-building-pipeline	https://www.ncbi.nlm.nih.gov/pmc/articles/PMC11302603/
					https://www.ncbi.nlm.nih.gov/pmc/articles/PMC12552888/
					https://www.ncbi.nlm.nih.gov/pmc/articles/PMC12231768/
Illumina NeuroBooster Array		used	https://github.com/GP2code/Neuro_Booster_Array	Seven hundred and eighty-eight samples were genotyped on the Illumina NeuroBooster Array (NBA, beadchip 20042459, Illumina Global Diversity, https://www.medrxiv.org/content/10.1101/2023.11.06.23298176v2 ) using standard protocols. The array includes over 1.9 million markers from the Illumina Global Diversity Array and more than 95,000 Neurological disease-oriented and population specific variants, including several hundred known mutations in PD-related genes (https:\\github.com/GP2code/Neuro_Booster_Array).	https://www.ncbi.nlm.nih.gov/pmc/articles/PMC13347430/
Illumina Global Diversity Array		used		The array includes over 1.9 million markers from the Illumina Global Diversity Array and more than 95,000 Neurological disease-oriented and population specific variants, including several hundred known mutations in PD-related genes (https:\\github.com/GP2code/Neuro_Booster_Array).	https://www.ncbi.nlm.nih.gov/pmc/articles/PMC13347430/
					https://www.ncbi.nlm.nih.gov/pmc/articles/PMC11772729/
					https://www.ncbi.nlm.nih.gov/pmc/articles/PMC12361691/
AD_sMCI_vs_pMCI		created	https://github.com/bozdaglab/AD_sMCI_vs_pMCI	The code used in this study, along with instructions and a toy dataset, is available at https://github.com/bozdaglab/AD_sMCI_vs_pMCI.	https://www.ncbi.nlm.nih.gov/pmc/articles/PMC13157226/
					https://www.ncbi.nlm.nih.gov/pmc/articles/PMC13193106/
					https://www.ncbi.nlm.nih.gov/pmc/articles/PMC10916998/
NIAGADS		used	http://doi.org/10.60859/Z6Z9-9692	The genomic datasets supporting the conclusions of this article are available in the NIAGADS repository under controlled access (Alzheimer's Disease Sequencing Project; NG00067, Version 18; http://doi.org/10.60859/Z6Z9-9692 ).	https://www.ncbi.nlm.nih.gov/pmc/articles/PMC13159293/
Alzheimer-Drug-Repurposing-MAP-Elites		created	https://github.com/SisiShao/Alzheimer-Drug-Repurposing-MAP-Elites	All source code, pre-trained embeddings, and processed intermediate files required to reproduce the findings of this study are available in the GitHub repository: https://github.com/SisiShao/Alzheimer-Drug-Repurposing-MAP-Elites .	https://www.ncbi.nlm.nih.gov/pmc/articles/PMC13159293/
					https://www.ncbi.nlm.nih.gov/pmc/articles/PMC11771116/
					https://www.ncbi.nlm.nih.gov/pmc/articles/PMC13252463/
					https://www.ncbi.nlm.nih.gov/pmc/articles/PMC13179220/
emmeans		used	https://github.com/rvlenth/emmeans	Lenth RV . R package emmeans: estimated marginal means (aka least-squares means) . GitHub . 2023 ( https://github.com/rvlenth/emmeans ).	https://www.ncbi.nlm.nih.gov/pmc/articles/PMC10559996/
					https://www.ncbi.nlm.nih.gov/pmc/articles/PMC11157965/
					https://www.ncbi.nlm.nih.gov/pmc/articles/PMC12637631/
					https://www.ncbi.nlm.nih.gov/pmc/articles/PMC12457986/
					https://www.ncbi.nlm.nih.gov/pmc/articles/PMC13340468/
					https://www.ncbi.nlm.nih.gov/pmc/articles/PMC13322790/
					https://www.ncbi.nlm.nih.gov/pmc/articles/PMC13206170/
					https://www.ncbi.nlm.nih.gov/pmc/articles/PMC10594201/
					https://www.ncbi.nlm.nih.gov/pmc/articles/PMC11245081/
					https://www.ncbi.nlm.nih.gov/pmc/articles/PMC10543570/
					https://www.ncbi.nlm.nih.gov/pmc/articles/PMC11284634/
					https://www.ncbi.nlm.nih.gov/pmc/articles/PMC11091209/
Genotools		used	https://github.com/GP2code/amp-pd-v3-pc-prs	Genotools. https://github.com/GP2code/amp-pd-v3-pc-prs	https://www.ncbi.nlm.nih.gov/pmc/articles/PMC11492614/
LD Score Regression		used	https://github.com/bulik/ldsc	LD Score Regression. https://github.com/bulik/ldsc	https://www.ncbi.nlm.nih.gov/pmc/articles/PMC11492614/
					https://www.ncbi.nlm.nih.gov/pmc/articles/PMC11682725/
					https://www.ncbi.nlm.nih.gov/pmc/articles/PMC12155033/
rms	4.1.1	used	https://cran.r-project.org/web/packages/rms/index.html	Harrell, F. E. Jr. rms: regression modeling strategies. R package version 4.1.1 https://cran.r-project.org/web/packages/rms/index.html (2023).	https://www.ncbi.nlm.nih.gov/pmc/articles/PMC10501903/
					https://www.ncbi.nlm.nih.gov/pmc/articles/PMC12701369/
					https://www.ncbi.nlm.nih.gov/pmc/articles/PMC12958864/
					https://www.ncbi.nlm.nih.gov/pmc/articles/PMC13092276/
Alzheimer's Disease Neuroimaging Initiative (ADNI)		used	http://adni.loni.usc.edu/data-samples/access-data	Alzheimer's Disease Neuroimaging Initiative (ADNI) ( http://adni.loni.usc.edu/data-samples/access-data )	https://www.ncbi.nlm.nih.gov/pmc/articles/PMC11873101/
Australian Imaging Biomarkers and Lifestyle flagship study of aging (AIBL)		used	https://aibl.csiro.au	Australian Imaging Biomarkers and Lifestyle flagship study of aging (AIBL) ( https://aibl.csiro.au )	https://www.ncbi.nlm.nih.gov/pmc/articles/PMC11873101/
Frontotemporal Lobar Degeneration Neuroimaging Initiative (FTLDNI)		used	https://memory.ucsf.edu/research-trials/research/allftd	Frontotemporal Lobar Degeneration Neuroimaging Initiative (FTLDNI) ( https://memory.ucsf.edu/research-trials/research/allftd )	https://www.ncbi.nlm.nih.gov/pmc/articles/PMC11873101/
clinic-net		created	https://github.com/VadymV/clinic-net	Our source code for data processing, model training and evaluation, and creating attribution maps will be made publicly available at: ( https://github.com/VadymV/clinic-net ).	https://www.ncbi.nlm.nih.gov/pmc/articles/PMC11873101/
					https://www.ncbi.nlm.nih.gov/pmc/articles/PMC13185335/
					https://www.ncbi.nlm.nih.gov/pmc/articles/PMC11744813/
					https://www.ncbi.nlm.nih.gov/pmc/articles/PMC11154644/
xQTL analysis framework		created	https://statfungen.github.io/xqtl-protocol/	End-to-end xQTL analysis framework (main repository): A modular, reproducible pipeline for multi-omic QTL analysis, encompassing genotype QC, molecular phenotype preprocessing for expression, splicing, protein, methylation and histone traits, reference data construction, including TAD-boundary and LD panels, QTL association testing, fine-mapping and harmonization: https://statfungen.github.io/xqtl-protocol/	https://www.ncbi.nlm.nih.gov/pmc/articles/PMC13308301/
xQTL analysis protocol and documentation		created	https://statfungen.github.io/xqtl-protocol/qtl_association_testing.html	xQTL analysis protocol and documentation: A comprehensive, web-based protocol describing the full xQTL analysis framework, including data preprocessing, reference data generation, TensorQTL association testing, fine-mapping and harmonization, with step-by-step guidance and links to executable workflows. The association-testing notebook is available here: https://statfungen.github.io/xqtl-protocol/qtl_association_testing.html	https://www.ncbi.nlm.nih.gov/pmc/articles/PMC13308301/
Reference data preparation for xQTL analyses		created	https://statfungen.github.io/xqtl-protocol/reference_data.html	Reference data preparation for xQTL analyses: Notebooks implementing the reference data layer of the pipeline, including downloading and formatting genome and annotation resources, generating derived structural annotations such as TAD-boundary annotations, and constructing LD blocks for genome-wide fine-mapping of summary statistics, along with methods creating companion LD reference panels. Details are available here: https://statfungen.github.io/xqtl-protocol/reference_data.html	https://www.ncbi.nlm.nih.gov/pmc/articles/PMC13308301/
Bulk RNA-seq expression preprocessing pipeline		created	https://statfungen.github.io/xqtl-protocol/bulk_expression.html	Bulk RNA-seq expression preprocessing pipeline: A standardized workflow for processing bulk RNA-seq data, including read-level QC, alignment, gene-level quantification, filtering, and normalization to generate analysis-ready expression matrices for downstream eQTL mapping. Details are available here: https://statfungen.github.io/xqtl-protocol/bulk_expression.html	https://www.ncbi.nlm.nih.gov/pmc/articles/PMC13308301/
Alternative splicing QTL preprocessing pipeline		created	https://statfungen.github.io/xqtl-protocol/splicing.html	Alternative splicing QTL preprocessing pipeline: A workflow for quantifying and processing splicing variation from RNA-seq data, including intron clustering (e.g., via Leafcutter), filtering, normalization, and formatting into analysis-ready matrices for downstream sQTL mapping. Details are available here: https://statfungen.github.io/xqtl-protocol/splicing.html	https://www.ncbi.nlm.nih.gov/pmc/articles/PMC13308301/
Leafcutter		used		Alternative splicing QTL preprocessing pipeline: A workflow for quantifying and processing splicing variation from RNA-seq data, including intron clustering (e.g., via Leafcutter), filtering, normalization, and formatting into analysis-ready matrices for downstream sQTL mapping.	https://www.ncbi.nlm.nih.gov/pmc/articles/PMC13308301/
snRNA-seq pseudobulk preprocessing pipeline		created	https://statfungen.github.io/xqtl-protocol/snRNAseq_preprocessing.html	snRNA-seq pseudobulk preprocessing pipeline: A standardized workflow for processing single-nucleus RNA-seq data, including cell-type stratification, pseudobulk aggregation, gene filtering, normalization, and batch correction to generate cell-type-specific expression matrices for downstream eQTL mapping. Details are available here: https://statfungen.github.io/xqtl-protocol/snRNAseq_preprocessing.html	https://www.ncbi.nlm.nih.gov/pmc/articles/PMC13308301/
DNA methylation QTL preprocessing and calling pipeline		created	https://statfungen.github.io/xqtl-protocol/methylation_calling.html	DNA methylation QTL preprocessing and calling pipeline: A standardized workflow for processing Illumina 450K methylation data, including probe-level QC, normalization, transformation to beta and M values, missing data imputation, and formatting into analysis-ready matrices for downstream mQTL mapping. Details are available here: https://statfungen.github.io/xqtl-protocol/methylation_calling.html	https://www.ncbi.nlm.nih.gov/pmc/articles/PMC13308301/
H3K9ac QTL preprocessing and calling pipeline		created	https://github.com/StatFunGen/xqtl-protocol/tree/main/code/script/molecular_phenotypes/h3k9ac_calling	H3K9ac QTL preprocessing and calling pipeline: A pipeline for processing H3K9ac ChIP-seq data to call and quantify acetylation peaks, producing molecular phenotype inputs for downstream QTL analyses. Details are available here: https://github.com/StatFunGen/xqtl-protocol/tree/main/code/script/molecular_phenotypes/h3k9ac_calling	https://www.ncbi.nlm.nih.gov/pmc/articles/PMC13308301/
Protein QTL processing and calling pipeline		created	https://statfungen.github.io/xqtl-protocol/phenotype_imputation.html	Protein QTL processing and calling pipeline: A workflow for processing raw protein abundance data and imputing missing values to produce cleaned phenotype matrices suitable for downstream pQTL analysis. Details are available here: https://statfungen.github.io/xqtl-protocol/phenotype_imputation.html	https://www.ncbi.nlm.nih.gov/pmc/articles/PMC13308301/
TAD-boundary-enhanced cis region construction for xQTL mapping		created	https://statfungen.github.io/xqtl-protocol/generalized_TADB.html	TAD-boundary-enhanced cis region construction for xQTL mapping: A methodological workflow that constructs generalized TAD-boundary regions as biologically informed cis regions, integrating TAD data across cortex and hippocampus and systematically extending boundaries to capture regulatory variation beyond fixed windows. Details are available here: https://statfungen.github.io/xqtl-protocol/generalized_TADB.html	https://www.ncbi.nlm.nih.gov/pmc/articles/PMC13308301/
TensorQTL		used		Univariate xQTL calling: A TensorQTL-based protocol for cis- and trans-xQTL mapping that takes genotype, phenotype and covariate inputs, supports standard and custom cis windows, and produces nominal, permutation-based and summary association outputs for downstream post-processing.	https://www.ncbi.nlm.nih.gov/pmc/articles/PMC13308301/
hip					https://www.ncbi.nlm.nih.gov/pmc/articles/PMC13308301/
					https://www.ncbi.nlm.nih.gov/pmc/articles/PMC13009453/
FreeSurfer		used		SUVRs were computed using the FreeSurfer Desikan–Killiany atlas.	https://www.ncbi.nlm.nih.gov/pmc/articles/PMC13232430/
PET Unified Pipeline		used	https://github.com/ysu001/PUP	OASIS PET frames (PiB, FBB) were processed with the PET Unified Pipeline (PUP, https://github.com/ysu001/PUP ), following similar steps: co-registration, intensity normalization, and atlas-based quantification.	https://www.ncbi.nlm.nih.gov/pmc/articles/PMC13232430/
					https://www.ncbi.nlm.nih.gov/pmc/articles/PMC11265226/
					https://www.ncbi.nlm.nih.gov/pmc/articles/PMC11436415/
					https://www.ncbi.nlm.nih.gov/pmc/articles/PMC13231753/
					https://www.ncbi.nlm.nih.gov/pmc/articles/PMC13220283/
					https://www.ncbi.nlm.nih.gov/pmc/articles/PMC13290647/
PrediXcan		used	https://github.com/hakyimlab/PredictDB-Tutorial	We used a nested cross-validation approach (similar to PrediXcan: https://github.com/hakyimlab/PredictDB-Tutorial ) that tunes the shrinkage parameter λ in an inner loop while model performance was evaluated in an outer loop.	https://www.ncbi.nlm.nih.gov/pmc/articles/PMC10274627/
GTEx		used		We trained sex-stratified models with GTEx data using five different mixing parameters: α = 0.05, 0.25, 0.5, 0.75, and 0.95.	https://www.ncbi.nlm.nih.gov/pmc/articles/PMC10274627/
dbGaP		used		The GTEx data is openly available via from dbGaP.	https://www.ncbi.nlm.nih.gov/pmc/articles/PMC10274627/
MayoRNAseq		used		The MayoRNAseq data is openly available at the AD Knowledge Portal ( https://adknowledgeportal.org ).	https://www.ncbi.nlm.nih.gov/pmc/articles/PMC10274627/
AD Knowledge Portal		used	https://adknowledgeportal.org	The MayoRNAseq data is openly available at the AD Knowledge Portal ( https://adknowledgeportal.org ).	https://www.ncbi.nlm.nih.gov/pmc/articles/PMC10274627/
ChrX_predixcan		created	https://github.com/bushlab-genomics/ChrX_predixcan	The sex-stratified predictive models of X chromosome genes in whole blood and brain cortex are available at https://github.com/bushlab-genomics/ChrX_predixcan .	https://www.ncbi.nlm.nih.gov/pmc/articles/PMC10274627/
					https://www.ncbi.nlm.nih.gov/pmc/articles/PMC13272307/
					https://www.ncbi.nlm.nih.gov/pmc/articles/PMC10500750/
					https://www.ncbi.nlm.nih.gov/pmc/articles/PMC11031600/
					https://www.ncbi.nlm.nih.gov/pmc/articles/PMC12073893/
ADASE		created	https://github.com/WangZishan/ADASE	Code scripts to reproduce the analyses are deposited at Github: https://github.com/WangZishan/ADASE	https://www.ncbi.nlm.nih.gov/pmc/articles/PMC13254825/
GitHub		used	https://github.com/MASILab/Variance-Aging-Diffusion	The code for the experiments can be found on GitHub: https://github.com/MASILab/Variance-Aging-Diffusion	https://www.ncbi.nlm.nih.gov/pmc/articles/PMC11344569/
					https://www.ncbi.nlm.nih.gov/pmc/articles/PMC13063598/
Python	3.10	used	https://www.python.org/	Python Python Software Foundation Version 3.10; https://www.python.org/	https://www.ncbi.nlm.nih.gov/pmc/articles/PMC13276304/
PyRadiomics	3.0.1	used	https://pyradiomics.readthedocs.io/	PyRadiomics PyRadiomics project Version 3.0.1; https://pyradiomics.readthedocs.io/	https://www.ncbi.nlm.nih.gov/pmc/articles/PMC13276304/
scipy.stats	1.10.1	used	https://scipy.org/	scipy.stats SciPy project Version 1.10.1; https://scipy.org/	https://www.ncbi.nlm.nih.gov/pmc/articles/PMC13276304/
lifelines	0.27.7	used	https://lifelines.readthedocs.io/	lifelines lifelines project Version 0.27.7; https://lifelines.readthedocs.io/	https://www.ncbi.nlm.nih.gov/pmc/articles/PMC13276304/
SPM12		used	https://www.fil.ion.ucl.ac.uk/spm/software/spm12/	SPM12 Wellcome Center for Human Neuroimaging https://www.fil.ion.ucl.ac.uk/spm/software/spm12/	https://www.ncbi.nlm.nih.gov/pmc/articles/PMC13276304/
CAT12	12.8	used	https://neuro-jena.github.io/cat/	Computational Anatomy Toolbox for SPM12 CAT12 project Version 12.8; https://neuro-jena.github.io/cat/	https://www.ncbi.nlm.nih.gov/pmc/articles/PMC13276304/
AAL atlas	AAL-1	used	https://www.gin.cnrs.fr/en/tools/aal/	Automated Anatomical Labeling atlas, 116 regions AAL atlas AAL-1; https://www.gin.cnrs.fr/en/tools/aal/	https://www.ncbi.nlm.nih.gov/pmc/articles/PMC13276304/
					https://www.ncbi.nlm.nih.gov/pmc/articles/PMC11863362/
					https://www.ncbi.nlm.nih.gov/pmc/articles/PMC13183600/
					https://www.ncbi.nlm.nih.gov/pmc/articles/PMC12703652/
Multimodal Pathway Integrity Score (MPIS)		created	https://drive.google.com/drive/folders/1m9vWnTb3YH46ADRsBxvl8BBM9DrGJWju	All custom code used to preprocess imaging data, compute the Multimodal Pathway Integrity Score (MPIS), and implement the SRVCC-based co-clustering model is provided in a publicly accessible repository (available here). The repository includes configuration files and scripts to reproduce the main analyses and figures from the manuscript, together with minimal documentation. https://drive.google.com/drive/folders/1m9vWnTb3YH46ADRsBxvl8BBM9DrGJWju	https://www.ncbi.nlm.nih.gov/pmc/articles/PMC12724497/
SRVCC-based co-clustering model		created	https://drive.google.com/drive/folders/1m9vWnTb3YH46ADRsBxvl8BBM9DrGJWju	All custom code used to preprocess imaging data, compute the Multimodal Pathway Integrity Score (MPIS), and implement the SRVCC-based co-clustering model is provided in a publicly accessible repository (available here). The repository includes configuration files and scripts to reproduce the main analyses and figures from the manuscript, together with minimal documentation. https://drive.google.com/drive/folders/1m9vWnTb3YH46ADRsBxvl8BBM9DrGJWju	https://www.ncbi.nlm.nih.gov/pmc/articles/PMC12724497/
					https://www.ncbi.nlm.nih.gov/pmc/articles/PMC11049136/
GENESIS		used	https://github.com/UW-GAC/GENESIS	GENESIS: https://github.com/UW-GAC/GENESIS or https://bioconductor.org/packages/release/bioc/html/GENESIS.html	https://www.ncbi.nlm.nih.gov/pmc/articles/PMC13265118/
Global Parkinson's Genetics Program (GP2)	9	used	https://gp2.org	Data used in the preparation of this article were obtained, among others, from the Global Parkinson's Genetics Program (GP2; https://gp2.org). Specifically, we used Tier 2 data from GP2 release 9 (DOI 10.5281/zenodo.14510099).	https://www.ncbi.nlm.nih.gov/pmc/articles/PMC12754704/
AMP PD		used	https://amp-pd.org	GP2 data are available on AMP PD (https://gp2.org/ https://amp-pd.org).	https://www.ncbi.nlm.nih.gov/pmc/articles/PMC12754704/
ROPAD		used		Data were also obtained from ROPAD, PD GENEration, the MDSGene database, and two German observational studies, these datasets can be accessed by individual request to the corresponding author.	https://www.ncbi.nlm.nih.gov/pmc/articles/PMC12754704/
PD GENEration		used		Data were also obtained from ROPAD, PD GENEration, the MDSGene database, and two German observational studies, these datasets can be accessed by individual request to the corresponding author.	https://www.ncbi.nlm.nih.gov/pmc/articles/PMC12754704/
MDSGene database		used		Data were also obtained from ROPAD, PD GENEration, the MDSGene database, and two German observational studies, these datasets can be accessed by individual request to the corresponding author.	https://www.ncbi.nlm.nih.gov/pmc/articles/PMC12754704/
GitHub		used	https://github.com/GP2code/Genetic_Testing_in_PD	All code generated for this article, and the identifiers for all software programs and packages used, are available on GitHub (https://github.com/GP2code/Genetic_Testing_in_PD) and were given a persistent identifier via Zenodo (DOI: 10.5281/zenodo.17567723).	https://www.ncbi.nlm.nih.gov/pmc/articles/PMC12754704/
Zenodo		used		All code generated for this article, and the identifiers for all software programs and packages used, are available on GitHub (https://github.com/GP2code/Genetic_Testing_in_PD) and were given a persistent identifier via Zenodo (DOI: 10.5281/zenodo.17567723).	https://www.ncbi.nlm.nih.gov/pmc/articles/PMC12754704/
					https://www.ncbi.nlm.nih.gov/pmc/articles/PMC13228686/
					https://www.ncbi.nlm.nih.gov/pmc/articles/PMC11798718/
R		used		All models were built using publicly available packages and functions in the R programming language.	https://www.ncbi.nlm.nih.gov/pmc/articles/PMC10940585/
					https://www.ncbi.nlm.nih.gov/pmc/articles/PMC11341967/
METAL		used		The code used for METAL, GMMAT, and METASOFT, and additional secondary analyses (differential expression in LIMMA) is available at https://github.com/nkushch/ADGC-Multi-Ancestry-Analysis	https://www.ncbi.nlm.nih.gov/pmc/articles/PMC12273372/
GMMAT		used		The code used for METAL, GMMAT, and METASOFT, and additional secondary analyses (differential expression in LIMMA) is available at https://github.com/nkushch/ADGC-Multi-Ancestry-Analysis	https://www.ncbi.nlm.nih.gov/pmc/articles/PMC12273372/
METASOFT		used		The code used for METAL, GMMAT, and METASOFT, and additional secondary analyses (differential expression in LIMMA) is available at https://github.com/nkushch/ADGC-Multi-Ancestry-Analysis	https://www.ncbi.nlm.nih.gov/pmc/articles/PMC12273372/
LIMMA		used		The code used for METAL, GMMAT, and METASOFT, and additional secondary analyses (differential expression in LIMMA) is available at https://github.com/nkushch/ADGC-Multi-Ancestry-Analysis	https://www.ncbi.nlm.nih.gov/pmc/articles/PMC12273372/
seqMeta	1.6.6	used	https://github.com/DavisBrian/seqMeta	seqMeta: an R package for meta-analyzing region-based test of rare DNA variants. R package version 1.6.6. 2016. Github. https://github.com/DavisBrian/seqMeta	https://www.ncbi.nlm.nih.gov/pmc/articles/PMC12273372/
R		used		seqMeta: an R package for meta-analyzing region-based test of rare DNA variants. R package version 1.6.6. 2016. Github. https://github.com/DavisBrian/seqMeta	https://www.ncbi.nlm.nih.gov/pmc/articles/PMC12273372/
					https://www.ncbi.nlm.nih.gov/pmc/articles/PMC11752974/
Stata		used		The statistical analysis files: Stata script files (.do), Jamovi files (.omv), and the final dataset (.csv) are available from the corresponding author on reasonable request.	https://www.ncbi.nlm.nih.gov/pmc/articles/PMC13351593/
Jamovi		used		The statistical analysis files: Stata script files (.do), Jamovi files (.omv), and the final dataset (.csv) are available from the corresponding author on reasonable request.	https://www.ncbi.nlm.nih.gov/pmc/articles/PMC13351593/
R	4.3.0	used		All statistical analyses were conducted using R (v4.3.0).	https://www.ncbi.nlm.nih.gov/pmc/articles/PMC13239222/
					https://www.ncbi.nlm.nih.gov/pmc/articles/PMC11350613/
					https://www.ncbi.nlm.nih.gov/pmc/articles/PMC12420670/
					https://www.ncbi.nlm.nih.gov/pmc/articles/PMC10592406/
					https://www.ncbi.nlm.nih.gov/pmc/articles/PMC12856605/
Github		used	https://github.com/auccy/video	24 Github. Demo Video. Accessed November 14, 2024. https://github.com/auccy/video	https://www.ncbi.nlm.nih.gov/pmc/articles/PMC12543407/
					https://www.ncbi.nlm.nih.gov/pmc/articles/PMC13263755/
					https://www.ncbi.nlm.nih.gov/pmc/articles/PMC11667519/
GenoTools		used	https://github.com/GP2code/GenoTools	The GenoTools pipeline ( https://github.com/GP2code/GenoTools ) was used for genetic ancestry prediction, and quality control (QC) on genotyping data was conducted according to previously described methods [ 13 ].	https://www.ncbi.nlm.nih.gov/pmc/articles/PMC12036390/
Ensembl		used	https://www.ensembl.org	COMT gene positions were obtained from Ensembl ( https://www.ensembl.org ).	https://www.ncbi.nlm.nih.gov/pmc/articles/PMC12036390/
ANNOVAR		used		Variants were annotated using ANNOVAR [ 14 ].	https://www.ncbi.nlm.nih.gov/pmc/articles/PMC12036390/
					https://www.ncbi.nlm.nih.gov/pmc/articles/PMC10949809/
					https://www.ncbi.nlm.nih.gov/pmc/articles/PMC12593228/
xai4dementia-framework		created	https://github.com/martindyrba/xai4dementia-framework	The source code is available via GitHub: [https://github.com/martindyrba/xai4dementia-framework](https:/github.com/martindyrba/xai4dementia-framework)	https://www.ncbi.nlm.nih.gov/pmc/articles/PMC12612133/
					https://www.ncbi.nlm.nih.gov/pmc/articles/PMC11350055/
					https://www.ncbi.nlm.nih.gov/pmc/articles/PMC10377417/
					https://www.ncbi.nlm.nih.gov/pmc/articles/PMC13132858/
					https://www.ncbi.nlm.nih.gov/pmc/articles/PMC12455363/
Attention-Augmented Multimodal Classification framework		created	https://github.com/skbsangeetha/-Attention-Augmented-Multimodal-Classification	The custom code developed for this study, including the Attention-Augmented Multimodal Classification framework, is publicly available on the repository: https://github.com/skbsangeetha/-Attention-Augmented-Multimodal-Classification .	https://www.ncbi.nlm.nih.gov/pmc/articles/PMC12820246/
					https://www.ncbi.nlm.nih.gov/pmc/articles/PMC12099406/
					https://www.ncbi.nlm.nih.gov/pmc/articles/PMC11034758/
CADRE_CHARGE_ADSP17K		used	https://github.com/wanpinglee/CADRE_CHARGE_ADSP17K	https://github.com/wanpinglee/CADRE_CHARGE_ADSP17K	https://www.ncbi.nlm.nih.gov/pmc/articles/PMC11667527/
STAARpipeline_plugin		used	https://github.com/seuchoi/STAARpipeline_plugin	https://github.com/seuchoi/STAARpipeline_plugin	https://www.ncbi.nlm.nih.gov/pmc/articles/PMC11667527/
					https://www.ncbi.nlm.nih.gov/pmc/articles/PMC11055473/
					https://www.ncbi.nlm.nih.gov/pmc/articles/PMC13099471/
brms		used		The corresponding R code for brms models is available upon reasonable request to the corresponding author.	https://www.ncbi.nlm.nih.gov/pmc/articles/PMC10619155/
R		used		The corresponding R code for brms models is available upon reasonable request to the corresponding author.	https://www.ncbi.nlm.nih.gov/pmc/articles/PMC10619155/
					https://www.ncbi.nlm.nih.gov/pmc/articles/PMC10916937/
					https://www.ncbi.nlm.nih.gov/pmc/articles/PMC12632664/
					https://www.ncbi.nlm.nih.gov/pmc/articles/PMC12549220/
					https://www.ncbi.nlm.nih.gov/pmc/articles/PMC12992781/
APOE_proteomics		created	https://github.com/Lina0125/APOE_proteomics	Essential code for the manuscript can be found at https://github.com/Lina0125/APOE_proteomics	https://www.ncbi.nlm.nih.gov/pmc/articles/PMC12340876/
					https://www.ncbi.nlm.nih.gov/pmc/articles/PMC11095441/
					https://www.ncbi.nlm.nih.gov/pmc/articles/PMC11525609/
mixed effect models		used		The codes used for running the mixed effect models and the full resulting summary statistics are available from: https://github.com/MaryamShoai/Codes	https://www.ncbi.nlm.nih.gov/pmc/articles/PMC13248444/
					https://www.ncbi.nlm.nih.gov/pmc/articles/PMC13252517/
					https://www.ncbi.nlm.nih.gov/pmc/articles/PMC12434242/
SILA		created	https://github.com/Betthauser-Neuro-Lab/SILA-AD-Biomarker	The SILA algorithm is freely available at GitHub ( https://github.com/Betthauser-Neuro-Lab/SILA-AD-Biomarker ).	https://www.ncbi.nlm.nih.gov/pmc/articles/PMC13065743/
R		used		The R code used for analysis of this work can be made available upon request.	https://www.ncbi.nlm.nih.gov/pmc/articles/PMC13065743/
					https://www.ncbi.nlm.nih.gov/pmc/articles/PMC12869681/
					https://www.ncbi.nlm.nih.gov/pmc/articles/PMC11247711/
					https://www.ncbi.nlm.nih.gov/pmc/articles/PMC10952166/
					https://www.ncbi.nlm.nih.gov/pmc/articles/PMC12538637/
R		used		All the R scripts used for data analysis and visualization are publicly available in this GitHub repository: https://github.com/lisashrest/circ-int-PD .	https://www.ncbi.nlm.nih.gov/pmc/articles/PMC13347464/
					https://www.ncbi.nlm.nih.gov/pmc/articles/PMC13034883/
					https://www.ncbi.nlm.nih.gov/pmc/articles/PMC13274047/
					https://www.ncbi.nlm.nih.gov/pmc/articles/PMC11451652/
					https://www.ncbi.nlm.nih.gov/pmc/articles/PMC11096864/
					https://www.ncbi.nlm.nih.gov/pmc/articles/PMC13366843/
					https://www.ncbi.nlm.nih.gov/pmc/articles/PMC13122948/
					https://www.ncbi.nlm.nih.gov/pmc/articles/PMC12870685/
					https://www.ncbi.nlm.nih.gov/pmc/articles/PMC12779291/
TPClust		created	https://github.com/BoyiHu673/TPClust	The software developed in this work is publicly available at https://github.com/BoyiHu673/TPClust.	https://www.ncbi.nlm.nih.gov/pmc/articles/PMC12340809/
ogClust		used	https://github.com/wenjiaking/ogClust	We implemented the ogClust method using R function ogClust_GM from the package available at https://github.com/wenjiaking/ogClust.	https://www.ncbi.nlm.nih.gov/pmc/articles/PMC12340809/
R		used		We implemented the ogClust method using R function ogClust_GM from the package available at https://github.com/wenjiaking/ogClust.	https://www.ncbi.nlm.nih.gov/pmc/articles/PMC12340809/
CIRI2	2.0.6	used		Reads derived from circular RNA (circRNA) molecules were identified by the presence of a back-spliced junction (BSJ, Fig. 1 ) detected using three tools: CIRI2 v2.0.6 124 , PTESfinder v2.0 125 ( https://github.com/osagiei/pfv2 ) and CIRCexplorer v2.3.8 126 .	https://www.ncbi.nlm.nih.gov/pmc/articles/PMC10799891/
PTESfinder	2.0	used	https://github.com/osagiei/pfv2	Reads derived from circular RNA (circRNA) molecules were identified by the presence of a back-spliced junction (BSJ, Fig. 1 ) detected using three tools: CIRI2 v2.0.6 124 , PTESfinder v2.0 125 ( https://github.com/osagiei/pfv2 ) and CIRCexplorer v2.3.8 126 .	https://www.ncbi.nlm.nih.gov/pmc/articles/PMC10799891/
CIRCexplorer	2.3.8	used		Reads derived from circular RNA (circRNA) molecules were identified by the presence of a back-spliced junction (BSJ, Fig. 1 ) detected using three tools: CIRI2 v2.0.6 124 , PTESfinder v2.0 125 ( https://github.com/osagiei/pfv2 ) and CIRCexplorer v2.3.8 126 .	https://www.ncbi.nlm.nih.gov/pmc/articles/PMC10799891/
Trim Galore	0.67	used		First, FASTQ files were quality (Phred <15) and then adapter trimmed using Trim Galore v0.67 running cutadapt v4.2 127 .	https://www.ncbi.nlm.nih.gov/pmc/articles/PMC10799891/
cutadapt	4.2	used		First, FASTQ files were quality (Phred <15) and then adapter trimmed using Trim Galore v0.67 running cutadapt v4.2 127 .	https://www.ncbi.nlm.nih.gov/pmc/articles/PMC10799891/
STAR	2.7.10a	used		Reads were aligned to the human genome (Ensembl GRCh38) according to each tool's specification: STAR v.2.7.10a 128 for CIRCexplorer2 and PTESfinder v2, bowtie v2.3.4 129 for PTESfinder v2, and BWA v0.7.17 130 for CIRI2.	https://www.ncbi.nlm.nih.gov/pmc/articles/PMC10799891/
bowtie	2.3.4	used		Reads were aligned to the human genome (Ensembl GRCh38) according to each tool's specification: STAR v.2.7.10a 128 for CIRCexplorer2 and PTESfinder v2, bowtie v2.3.4 129 for PTESfinder v2, and BWA v0.7.17 130 for CIRI2.	https://www.ncbi.nlm.nih.gov/pmc/articles/PMC10799891/
BWA	0.7.17	used		Reads were aligned to the human genome (Ensembl GRCh38) according to each tool's specification: STAR v.2.7.10a 128 for CIRCexplorer2 and PTESfinder v2, bowtie v2.3.4 129 for PTESfinder v2, and BWA v0.7.17 130 for CIRI2.	https://www.ncbi.nlm.nih.gov/pmc/articles/PMC10799891/
					https://www.ncbi.nlm.nih.gov/pmc/articles/PMC12518030/
					https://www.ncbi.nlm.nih.gov/pmc/articles/PMC11987288/
					https://www.ncbi.nlm.nih.gov/pmc/articles/PMC12322323/
					https://www.ncbi.nlm.nih.gov/pmc/articles/PMC10851521/
GP2	7	used	https://zenodo.org/records/10962119	We investigated the frequency of the H1 and H2 haplotypes using genotyping data from the GP2 release 7 (DOI: https://zenodo.org/records/10962119 )	https://www.ncbi.nlm.nih.gov/pmc/articles/PMC12747251/
LARGE-PD		used		Additionally, we investigated the haplotype frequencies in LARGE-PD 32 . The LARGE-PD cohort includes 775 Parkinson's disease (PD) patients and 673 controls, recruited from nine clinical sites across South America	https://www.ncbi.nlm.nih.gov/pmc/articles/PMC12747251/
Illumina NeuroBooster Array		used		Genotyping (Illumina NeuroBooster Array [NBA]) 33	https://www.ncbi.nlm.nih.gov/pmc/articles/PMC12747251/
GenoTools	1.0	used	https://github.com/dvitale199/GenoTools	Genotyping (Illumina NeuroBooster Array [NBA]) 33 , sample and variant quality control (QC), imputation, ancestry prediction, and processing in GP2 were previously performed using GenoTools v1.0, and have been described elsewhere ( https://github.com/dvitale199/GenoTools )	https://www.ncbi.nlm.nih.gov/pmc/articles/PMC12747251/
Terra Community Workbench		used	https://app.terra.bio/	All analyses using GP2 data were conducted on the cloud-native platform, Terra Community Workbench ( https://app.terra.bio/ )	https://www.ncbi.nlm.nih.gov/pmc/articles/PMC12747251/
Illumina Multi-Ethnic Genotyping Array		used		The LARGE-PD data was genotyped using the Illumina Multi-Ethnic Genotyping Array ([MEGA], 8	https://www.ncbi.nlm.nih.gov/pmc/articles/PMC12747251/
LARGE-PD QC pipeline		used	https://github.com/MataLabCCF/GWASQC	Genotyping QC and relationship control were performed using the LARGE-PD QC pipeline ( https://github.com/MataLabCCF/GWASQC )	https://www.ncbi.nlm.nih.gov/pmc/articles/PMC12747251/
TOPMed		used		Imputation for both GP2 and LARGE-PD was done using the TOPMed reference panel as described 35	https://www.ncbi.nlm.nih.gov/pmc/articles/PMC12747251/
GenoTools	1.0	used	https://github.com/GP2code/GenoTools	Genotyping imputation, quality control, ancestry prediction, and processing was performed using GenoTools v1.0, publicly available on GitHub ( https://github.com/GP2code/GenoTools )	https://www.ncbi.nlm.nih.gov/pmc/articles/PMC12747251/
MAPThaplotype		created	https://github.com/GP2code/MAPThaplotype	All code generated for this article, and the identifiers for all software programs and packages used, are available on GitHub [ https://github.com/GP2code/MAPThaplotype ] and were given a persistent identifier via Zenodo [DOI: 10.5281/zenodo.15933056]	https://www.ncbi.nlm.nih.gov/pmc/articles/PMC12747251/
GitHub		used	https://github.com/mjkleiman/escape_narratives	Automated scoring prompts and versioned copies of all files are also located in the GitHub repository: https://github.com/mjkleiman/escape_narratives	https://www.ncbi.nlm.nih.gov/pmc/articles/PMC13345419/
					https://www.ncbi.nlm.nih.gov/pmc/articles/PMC10808262/
GitHub		used	https://github.com/FaizaanFazal/apoe4-mci-ad-survival-analysis.git	Analysis code and preprocessing scripts are available to the editor and reviewers upon reasonable request during peer review and will be made publicly available after acceptance through the following GitHub repository: https://github.com/FaizaanFazal/apoe4-mci-ad-survival-analysis.git , accessed on 30 May 2026.	https://www.ncbi.nlm.nih.gov/pmc/articles/PMC13297606/
					https://www.ncbi.nlm.nih.gov/pmc/articles/PMC13361194/
					https://www.ncbi.nlm.nih.gov/pmc/articles/PMC11969709/
					https://www.ncbi.nlm.nih.gov/pmc/articles/PMC10499986/
					https://www.ncbi.nlm.nih.gov/pmc/articles/PMC12751366/
					https://www.ncbi.nlm.nih.gov/pmc/articles/PMC11848196/
					https://www.ncbi.nlm.nih.gov/pmc/articles/PMC13015617/
					https://www.ncbi.nlm.nih.gov/pmc/articles/PMC13193142/
					https://www.ncbi.nlm.nih.gov/pmc/articles/PMC11783188/
					https://www.ncbi.nlm.nih.gov/pmc/articles/PMC13232401/
					https://www.ncbi.nlm.nih.gov/pmc/articles/PMC12397066/
					https://www.ncbi.nlm.nih.gov/pmc/articles/PMC10709525/
					https://www.ncbi.nlm.nih.gov/pmc/articles/PMC8439173/
					https://www.ncbi.nlm.nih.gov/pmc/articles/PMC12138273/
					https://www.ncbi.nlm.nih.gov/pmc/articles/PMC12848887/
					https://www.ncbi.nlm.nih.gov/pmc/articles/PMC11177590/
					https://www.ncbi.nlm.nih.gov/pmc/articles/PMC12409790/
Global Parkinson's Genetics Program (GP2)		used	https://gp2.org	Data used in the preparation of this article were obtained from the Global Parkinson's Genetics Program (GP2; https://gp2.org ).	https://www.ncbi.nlm.nih.gov/pmc/articles/PMC12265751/
Accelerating Medicines Partnership in Parkinson's Disease (AMP-PD)		used	https://amp-pd.org/register-for-amp-pd	Tier 1 data can be accessed by completing a form on the Accelerating Medicines Partnership in Parkinson's Disease (AMP-PD) website ( https://amp-pd.org/register-for-amp-pd ).	https://www.ncbi.nlm.nih.gov/pmc/articles/PMC12265751/
GitHub		used	https://github.com/GP2code/GP2-global-genetic-variant-landscape	All code generated for this article, and the identifiers for all software programs and packages used, are available on GitHub ( https://github.com/GP2code/GP2-global-genetic-variant-landscape ).	https://www.ncbi.nlm.nih.gov/pmc/articles/PMC12265751/
Zenodo		used	https://doi.org/10.5281/zenodo.15699539	All code generated for this article, and the identifiers for all software programs and packages used, are available on GitHub ( https://github.com/GP2code/GP2-global-genetic-variant-landscape ) and were given a persistent identifier via Zenodo (DOI 10.5281/zenodo.15699539 ).	https://www.ncbi.nlm.nih.gov/pmc/articles/PMC12265751/
					https://www.ncbi.nlm.nih.gov/pmc/articles/PMC13253361/
					https://www.ncbi.nlm.nih.gov/pmc/articles/PMC12203597/
					https://www.ncbi.nlm.nih.gov/pmc/articles/PMC11185263/
					https://www.ncbi.nlm.nih.gov/pmc/articles/PMC10696515/
BAG		created	https://github.com/js762/BAG	The code used in this work is available at https://github.com/js762/BAG	https://www.ncbi.nlm.nih.gov/pmc/articles/PMC11601159/
BrainageR	2.1	created	https://zenodo.org/record/3476365	James-Cole/BrainageR: BrainageR v2.1 . Zenodo ; 2019 . https://zenodo.org/record/3476365	https://www.ncbi.nlm.nih.gov/pmc/articles/PMC11601159/
					https://www.ncbi.nlm.nih.gov/pmc/articles/PMC11748674/
					https://www.ncbi.nlm.nih.gov/pmc/articles/PMC11865705/
					https://www.ncbi.nlm.nih.gov/pmc/articles/PMC11289456/
					https://www.ncbi.nlm.nih.gov/pmc/articles/PMC10595147/
					https://www.ncbi.nlm.nih.gov/pmc/articles/PMC11129202/
Behavioural STate Analysis Toolbox		created	https://github.com/bnelair/best-toolbox	We implemented the algorithm described above in the Behavioural STate Analysis Toolbox ( https://github.com/bnelair/best-toolbox ), a Python package for behavioural state analysis using EEG.	https://www.ncbi.nlm.nih.gov/pmc/articles/PMC11487750/
Python		used		We implemented the algorithm described above in the Behavioural STate Analysis Toolbox ( https://github.com/bnelair/best-toolbox ), a Python package for behavioural state analysis using EEG.	https://www.ncbi.nlm.nih.gov/pmc/articles/PMC11487750/
					https://www.ncbi.nlm.nih.gov/pmc/articles/PMC13330517/
					https://www.ncbi.nlm.nih.gov/pmc/articles/PMC10427420/
					https://www.ncbi.nlm.nih.gov/pmc/articles/PMC13143927/
					https://www.ncbi.nlm.nih.gov/pmc/articles/PMC13220935/
					https://www.ncbi.nlm.nih.gov/pmc/articles/PMC10787031/
					https://www.ncbi.nlm.nih.gov/pmc/articles/PMC13213595/
circMeta2		created	https://github.com/lichen-lab/circMeta2	The package circMeta2 is available on GitHub via the link https://github.com/lichen-lab/circMeta2 .	https://www.ncbi.nlm.nih.gov/pmc/articles/PMC11490488/
					https://www.ncbi.nlm.nih.gov/pmc/articles/PMC11032554/
					https://www.ncbi.nlm.nih.gov/pmc/articles/PMC10726589/
					https://www.ncbi.nlm.nih.gov/pmc/articles/PMC13093350/
					https://www.ncbi.nlm.nih.gov/pmc/articles/PMC13015612/
					https://www.ncbi.nlm.nih.gov/pmc/articles/PMC11342352/
Synapse		used		The datasets analyzed for the current study are available in Synapse. Bulk RNAseq data and snRNAseq data are accessible under the accession codes from their original publications syn8456629 and syn52293442, respectively, under controlled use conditions due to human privacy regulations. The multiplex immunofluorescence data, along with the results for all analyses, have been deposited on Synapse under the Synapse ID syn63686123.	https://www.ncbi.nlm.nih.gov/pmc/articles/PMC12487324/
ADresilience_CastanhoNaderi		created	https://github.com/hidelab/ADresilience_CastanhoNaderi	The code used for this publication is available at https://github.com/hidelab/ADresilience_CastanhoNaderi.	https://www.ncbi.nlm.nih.gov/pmc/articles/PMC12487324/
					https://www.ncbi.nlm.nih.gov/pmc/articles/PMC11947672/
					https://www.ncbi.nlm.nih.gov/pmc/articles/PMC12724155/
					https://www.ncbi.nlm.nih.gov/pmc/articles/PMC11224614/
					https://www.ncbi.nlm.nih.gov/pmc/articles/PMC12895379/
BrainSignsNet		created	https://github.com/SiavashShirzad/Disproportionately-Elevated-Sulcal-IndexDESI-	The complete codebase for Automated DESI Measurement and detection of DESH in T1 MPRAGE scans, including all scripts and implementations of the BrainSignsNet, 2D Segmentation, and DESI calculation codes, is publicly available at https://github.com/SiavashShirzad/Disproportionately-Elevated-Sulcal-IndexDESI- .	https://www.ncbi.nlm.nih.gov/pmc/articles/PMC13293626/
2D Segmentation		created	https://github.com/SiavashShirzad/Disproportionately-Elevated-Sulcal-IndexDESI-	The complete codebase for Automated DESI Measurement and detection of DESH in T1 MPRAGE scans, including all scripts and implementations of the BrainSignsNet, 2D Segmentation, and DESI calculation codes, is publicly available at https://github.com/SiavashShirzad/Disproportionately-Elevated-Sulcal-IndexDESI- .	https://www.ncbi.nlm.nih.gov/pmc/articles/PMC13293626/
DESI calculation		created	https://github.com/SiavashShirzad/Disproportionately-Elevated-Sulcal-IndexDESI-	The complete codebase for Automated DESI Measurement and detection of DESH in T1 MPRAGE scans, including all scripts and implementations of the BrainSignsNet, 2D Segmentation, and DESI calculation codes, is publicly available at https://github.com/SiavashShirzad/Disproportionately-Elevated-Sulcal-IndexDESI- .	https://www.ncbi.nlm.nih.gov/pmc/articles/PMC13293626/
					https://www.ncbi.nlm.nih.gov/pmc/articles/PMC12889788/
					https://www.ncbi.nlm.nih.gov/pmc/articles/PMC11610797/
					https://www.ncbi.nlm.nih.gov/pmc/articles/PMC12596166/
					https://www.ncbi.nlm.nih.gov/pmc/articles/PMC13314055/
Visual Studio		used		All statistical analyses were done using Visual Studio in Python.	https://www.ncbi.nlm.nih.gov/pmc/articles/PMC12808103/
Python		used		All statistical analyses were done using Visual Studio in Python.	https://www.ncbi.nlm.nih.gov/pmc/articles/PMC12808103/
pandas		used		The python libraries used mainly include pandas, NumPy, Scikit-learn, Matplotlib, Seaborn and SHAP.	https://www.ncbi.nlm.nih.gov/pmc/articles/PMC12808103/
NumPy		used		The python libraries used mainly include pandas, NumPy, Scikit-learn, Matplotlib, Seaborn and SHAP.	https://www.ncbi.nlm.nih.gov/pmc/articles/PMC12808103/
Scikit-learn		used		The python libraries used mainly include pandas, NumPy, Scikit-learn, Matplotlib, Seaborn and SHAP.	https://www.ncbi.nlm.nih.gov/pmc/articles/PMC12808103/
Matplotlib		used		The python libraries used mainly include pandas, NumPy, Scikit-learn, Matplotlib, Seaborn and SHAP.	https://www.ncbi.nlm.nih.gov/pmc/articles/PMC12808103/
Seaborn		used		The python libraries used mainly include pandas, NumPy, Scikit-learn, Matplotlib, Seaborn and SHAP.	https://www.ncbi.nlm.nih.gov/pmc/articles/PMC12808103/
SHAP		used		The python libraries used mainly include pandas, NumPy, Scikit-learn, Matplotlib, Seaborn and SHAP.	https://www.ncbi.nlm.nih.gov/pmc/articles/PMC12808103/
GitHub		used	https://github.com/DeMONLab-BioFINDER/continuous-abpet-prediction	The representative code is available on GitHub with the repository link: https://github.com/DeMONLab-BioFINDER/continuous-abpet-prediction	https://www.ncbi.nlm.nih.gov/pmc/articles/PMC12808103/
					https://www.ncbi.nlm.nih.gov/pmc/articles/PMC10657723/
DeepVariant	1.6.1	used	https://github.com/google/deepvariant	We harmonized the WGS data available from AMP-PD release 4, GP2 Data Release 10 (DOI: 10.5281/zenodo.15748014 ) 5 and additional 4,278 controls of European ancestry available from the Alzheimer's Disease Sequencing Project (DOI: 10.60859/z6z9-9692 ) 4 by generating single-sample variant calls from the alignment files with DeepVariant v.1.6.1 6 ( https://github.com/google/deepvariant )	https://www.ncbi.nlm.nih.gov/pmc/articles/PMC12772649/
GLnexus	1.4.3	used	https://github.com/dnanexus-rnd/GLnexus	followed by joint genotyping of single nucleotide variants (SNVs) and short indels using GLnexus v1.4.3 ( https://github.com/dnanexus-rnd/GLnexus ) with the preset DeepVariant WGS configuration 7 .	https://www.ncbi.nlm.nih.gov/pmc/articles/PMC12772649/
KING	2.3.0	used	https://www.kingrelatedness.com	We used KING v.2.3.0 ( https://www.kingrelatedness.com , RRID:SCR_009251) 9 to infer relatedness up to the second-degree relatives to confirm known relationships and identify cryptic familial relationships.	https://www.ncbi.nlm.nih.gov/pmc/articles/PMC12772649/
GenoTools	1.2.3	used	https://github.com/GP2code/GenoTools	Genetic ancestry was determined using GenoTools v1.2.3 ( https://github.com/GP2code/GenoTools ) with the default settings 10 .	https://www.ncbi.nlm.nih.gov/pmc/articles/PMC12772649/
GitHub		used	https://github.com/GP2code/GP2-Genome-Browser	All code generated for this article, and the identifiers for all software programs and packages used, are available on GitHub ( https://github.com/GP2code/GP2-Genome-Browser ) and were given a persistent identifier via Zenodo (DOI 10.5281/zenodo.17903069 ).	https://www.ncbi.nlm.nih.gov/pmc/articles/PMC12772649/
					https://www.ncbi.nlm.nih.gov/pmc/articles/PMC11470806/
					https://www.ncbi.nlm.nih.gov/pmc/articles/PMC11179421/
					https://www.ncbi.nlm.nih.gov/pmc/articles/PMC12129724/
					https://www.ncbi.nlm.nih.gov/pmc/articles/PMC12773809/
					https://www.ncbi.nlm.nih.gov/pmc/articles/PMC12953559/
					https://www.ncbi.nlm.nih.gov/pmc/articles/PMC12682785/
					https://www.ncbi.nlm.nih.gov/pmc/articles/PMC12713881/
					https://www.ncbi.nlm.nih.gov/pmc/articles/PMC12869389/
					https://www.ncbi.nlm.nih.gov/pmc/articles/PMC12445991/
					https://www.ncbi.nlm.nih.gov/pmc/articles/PMC11984970/
					https://www.ncbi.nlm.nih.gov/pmc/articles/PMC10616511/
					https://www.ncbi.nlm.nih.gov/pmc/articles/PMC12140532/
					https://www.ncbi.nlm.nih.gov/pmc/articles/PMC10829523/
					https://www.ncbi.nlm.nih.gov/pmc/articles/PMC10811272/
					https://www.ncbi.nlm.nih.gov/pmc/articles/PMC12927158/
					https://www.ncbi.nlm.nih.gov/pmc/articles/PMC12620993/
GenoTools	10	used	https://github.com/GP2code/GenoTools	GenoTools version 10 ( https://github.com/GP2code/GenoTools ) was used for quality control, imputation, and ancestry prediction.	https://www.ncbi.nlm.nih.gov/pmc/articles/PMC13206428/
Terra		used	https://app.terra.bio/	A secure workspace on the online Terra platform ( https://app.terra.bio/ ) was created to analyze the data using GP2's release 6.	https://www.ncbi.nlm.nih.gov/pmc/articles/PMC13206428/
GitHub		used	https://github.com/GP2code/ROH_genomewide/	Finally, all scripts used for the data analysis can be found in the public domain on GitHub ( https://github.com/GP2code/ROH_genomewide/ [Makarious, 2025]).	https://www.ncbi.nlm.nih.gov/pmc/articles/PMC13206428/
					https://www.ncbi.nlm.nih.gov/pmc/articles/PMC10581239/
					https://www.ncbi.nlm.nih.gov/pmc/articles/PMC10350161/
					https://www.ncbi.nlm.nih.gov/pmc/articles/PMC10980106/
GitHub		used	https://github.com/neurogenetics/23andme_rare_variants	All code used for this analysis is available in the GitHub repository that can be found here: https://github.com/neurogenetics/23andme_rare_variants .	https://www.ncbi.nlm.nih.gov/pmc/articles/PMC10774311/
					https://www.ncbi.nlm.nih.gov/pmc/articles/PMC12803369/
GENEPARK		used	https://github.com/Shamir-Lab/GENEPARK	Test set and source code used in Shamir et al. were downloaded from https://github.com/Shamir-Lab/GENEPARK 3 .	https://www.ncbi.nlm.nih.gov/pmc/articles/PMC12847882/
					https://www.ncbi.nlm.nih.gov/pmc/articles/PMC10841499/
					https://www.ncbi.nlm.nih.gov/pmc/articles/PMC13051914/
					https://www.ncbi.nlm.nih.gov/pmc/articles/PMC13334421/
					https://www.ncbi.nlm.nih.gov/pmc/articles/PMC12363719/
					https://www.ncbi.nlm.nih.gov/pmc/articles/PMC13193049/
					https://www.ncbi.nlm.nih.gov/pmc/articles/PMC12578868/
					https://www.ncbi.nlm.nih.gov/pmc/articles/PMC13258416/
					https://www.ncbi.nlm.nih.gov/pmc/articles/PMC12235752/
					https://www.ncbi.nlm.nih.gov/pmc/articles/PMC13184691/
					https://www.ncbi.nlm.nih.gov/pmc/articles/PMC10806768/
					https://www.ncbi.nlm.nih.gov/pmc/articles/PMC12939763/
					https://www.ncbi.nlm.nih.gov/pmc/articles/PMC11142072/
Parkinson's Progression Markers Initiative (PPMI) database		used		The data used in this study were obtained from the Parkinson's Progression Markers Initiative (PPMI) database ( www.ppmi-info.org ), which requires formal application and approval for access.	https://www.ncbi.nlm.nih.gov/pmc/articles/PMC12769750/
Machine-Learning-for-Three-Class-Cognitive-Status-Classification-in-Parkinson-s-Disease		created	https://github.com/yc199911/Machine-Learning-for-Three-Class-Cognitive-Status-Classification-in-Parkinson-s-Disease	The code used for data preprocessing, model training, and analysis is available at: https://github.com/yc199911/Machine-Learning-for-Three-Class-Cognitive-Status-Classification-in-Parkinson-s-Disease	https://www.ncbi.nlm.nih.gov/pmc/articles/PMC12769750/
					https://www.ncbi.nlm.nih.gov/pmc/articles/PMC12851898/
					https://www.ncbi.nlm.nih.gov/pmc/articles/PMC12754602/
					https://www.ncbi.nlm.nih.gov/pmc/articles/PMC11774135/
					https://www.ncbi.nlm.nih.gov/pmc/articles/PMC12080058/
					https://www.ncbi.nlm.nih.gov/pmc/articles/PMC10907085/
Python		used		Python scripts and manuals are available on GitHub.	https://www.ncbi.nlm.nih.gov/pmc/articles/PMC10557812/
d3g		created	https://github.com/vkola-lab/d3g.git	Python scripts and manuals are available on GitHub. https://github.com/vkola-lab/d3g.git	https://www.ncbi.nlm.nih.gov/pmc/articles/PMC10557812/
					https://www.ncbi.nlm.nih.gov/pmc/articles/PMC12162858/
					https://www.ncbi.nlm.nih.gov/pmc/articles/PMC11180930/
					https://www.ncbi.nlm.nih.gov/pmc/articles/PMC11804167/
					https://www.ncbi.nlm.nih.gov/pmc/articles/PMC12772675/
					https://www.ncbi.nlm.nih.gov/pmc/articles/PMC10540270/
					https://www.ncbi.nlm.nih.gov/pmc/articles/PMC12633594/
					https://www.ncbi.nlm.nih.gov/pmc/articles/PMC12258769/
					https://www.ncbi.nlm.nih.gov/pmc/articles/PMC12183962/
					https://www.ncbi.nlm.nih.gov/pmc/articles/PMC11489461/
Python		used		This pipeline is implemented in Python and applied in Jupyter notebooks available for reference at: https://github.com/GP2code/CNV-Finder	https://www.ncbi.nlm.nih.gov/pmc/articles/PMC11601614/
Jupyter		used		This pipeline is implemented in Python and applied in Jupyter notebooks available for reference at: https://github.com/GP2code/CNV-Finder	https://www.ncbi.nlm.nih.gov/pmc/articles/PMC11601614/
CNV-Finder		created	https://github.com/GP2code/CNV-Finder	This pipeline is implemented in Python and applied in Jupyter notebooks available for reference at: https://github.com/GP2code/CNV-Finder ; DOI 10.5281/zenodo.14182563	https://www.ncbi.nlm.nih.gov/pmc/articles/PMC11601614/
Sniffles2	2.3	used	https://github.com/fritzsedlazeck/Sniffles	SVs were detected and genotyped using Sniffles2 v.2.3 (RRID:SCR_017619, https://github.com/fritzsedlazeck/Sniffles )	https://www.ncbi.nlm.nih.gov/pmc/articles/PMC11601614/
MLPA		used		Through a series of comprehensive analyses and validations using visual inspection, MLPA, short-read, and long-read sequencing data, we demonstrate the robustness and adaptability of CNV-Finder	https://www.ncbi.nlm.nih.gov/pmc/articles/PMC11601614/
SenCat-Companion	1.0.2	created	https://github.com/geroproteomics/SenCat-Companion	The repository of scripts used to conduct the bioinformatics analysis (version 1.0.2, DOI: 10.5281/zenodo.16237748 ) are available at the URL: https://github.com/geroproteomics/SenCat-Companion	https://www.ncbi.nlm.nih.gov/pmc/articles/PMC12919141/
					https://www.ncbi.nlm.nih.gov/pmc/articles/PMC11266444/
					https://www.ncbi.nlm.nih.gov/pmc/articles/PMC12183994/
PET Unified Pipeline		used	https://github.com/ysu001/PUP	Reconstructed PET images were processed using the PET Unified Pipeline ( https://github.com/ysu001/PUP ) [ 54 ].	https://www.ncbi.nlm.nih.gov/pmc/articles/PMC12133910/
FreeSurfer	5.3	used		After segmenting MR images into ROIs using FreeSurfer version 5.3 [ 22 ]	https://www.ncbi.nlm.nih.gov/pmc/articles/PMC12133910/
cfdr.pleio		used	https://github.com/alexploner/cfdr.pleio	"We evaluated whether tau-associated common variants exhibited pleiotropic effects with AD risk and amyloid levels using the ""cfdr.pleio"" R package ( https://github.com/alexploner/cfdr.pleio )."	https://www.ncbi.nlm.nih.gov/pmc/articles/PMC13331746/
R		used		"We evaluated whether tau-associated common variants exhibited pleiotropic effects with AD risk and amyloid levels using the ""cfdr.pleio"" R package ( https://github.com/alexploner/cfdr.pleio )."	https://www.ncbi.nlm.nih.gov/pmc/articles/PMC13331746/
					https://www.ncbi.nlm.nih.gov/pmc/articles/PMC12139745/
					https://www.ncbi.nlm.nih.gov/pmc/articles/PMC11923568/
					https://www.ncbi.nlm.nih.gov/pmc/articles/PMC3891487/
GP2	8	used	https://gp2.org	Data used in the preparation of this article were obtained from the GP2 (https://gp2.org). Specifically, we used tier 2 data from GP2 release 8 (DOI https://gp2.org 10.5281/zenodo.13755496).	https://www.ncbi.nlm.nih.gov/pmc/articles/PMC12882037/
AMP-PD		used	https://amp-pd.org	Tier 1 data can be accessed by completing a form on the AMP‐PD website (https://doi.org/10.5281/zenodo.13755496 https://amp-pd.org/register-for-amp-pd). Tier 2 data access requires approval and a Data Use Agreement signed by the institution. AMP‐PD data can be accessed through the AMP‐PD website (https://amp-pd.org/register-for-amp-pd https://amp-pd.org).	https://www.ncbi.nlm.nih.gov/pmc/articles/PMC12882037/
GitHub		used	https://github.com/GP2code/dystonia-genes-inPD	All codes generated for this article, and the identifiers for all software programs and packages used, are available on GitHub (https://github.com/GP2code/dystonia-genes-inPD) and were given a persistent identifier via Zenodo (DOI https://github.com/GP2code/dystonia-genes-inPD 10.5281/zenodo.15676002).	https://www.ncbi.nlm.nih.gov/pmc/articles/PMC12882037/
Zenodo		used	https://doi.org/10.5281/zenodo.15676002	All codes generated for this article, and the identifiers for all software programs and packages used, are available on GitHub (https://github.com/GP2code/dystonia-genes-inPD) and were given a persistent identifier via Zenodo (DOI 10.5281/zenodo.15676002).	https://www.ncbi.nlm.nih.gov/pmc/articles/PMC12882037/
					https://www.ncbi.nlm.nih.gov/pmc/articles/PMC13203866/
					https://www.ncbi.nlm.nih.gov/pmc/articles/PMC11385320/
					https://www.ncbi.nlm.nih.gov/pmc/articles/PMC12311642/
					https://www.ncbi.nlm.nih.gov/pmc/articles/PMC11748287/
					https://www.ncbi.nlm.nih.gov/pmc/articles/PMC11346412/
					https://www.ncbi.nlm.nih.gov/pmc/articles/PMC13034720/
					https://www.ncbi.nlm.nih.gov/pmc/articles/PMC12803177/
deep learning model		created	https://github.com/ZJU-BMI/disease_progression_patterns	The source codes pertaining to both the proposed deep learning model and data analysis in this manuscript are provided at https://github.com/ZJU-BMI/disease_progression_patterns .	https://www.ncbi.nlm.nih.gov/pmc/articles/PMC10556591/
					https://www.ncbi.nlm.nih.gov/pmc/articles/PMC13078109/
					https://www.ncbi.nlm.nih.gov/pmc/articles/PMC12883339/
					https://www.ncbi.nlm.nih.gov/pmc/articles/PMC13177345/
					https://www.ncbi.nlm.nih.gov/pmc/articles/PMC10524842/
R		used		Results from the regression were meta-analysed in R with the meta package	https://www.ncbi.nlm.nih.gov/pmc/articles/PMC10659505/
meta		used	https://cran.r-project.org/web/packages/meta/index.html	Results from the regression were meta-analysed in R with the meta package (RRID:SCR_019055; https://cran.r-project.org/web/packages/meta/index.html )	https://www.ncbi.nlm.nih.gov/pmc/articles/PMC10659505/
colochelpR	0.99.1	used	https://zenodo.org/record/5011869	Reynolds RH . RHReynolds/colochelpR: v0.99.1 [Internet] . 2021 . Available from : https://zenodo.org/record/5011869	https://www.ncbi.nlm.nih.gov/pmc/articles/PMC10659505/
					https://www.ncbi.nlm.nih.gov/pmc/articles/PMC12906369/
					https://www.ncbi.nlm.nih.gov/pmc/articles/PMC10427417/
					https://www.ncbi.nlm.nih.gov/pmc/articles/PMC12591992/
					https://www.ncbi.nlm.nih.gov/pmc/articles/PMC10914447/
					https://www.ncbi.nlm.nih.gov/pmc/articles/PMC13189266/
					https://www.ncbi.nlm.nih.gov/pmc/articles/PMC3647614/
PreQual		used	https://github.com/MASILab/PreQual	All dMRI data were preprocessed using the PreQual pipeline, a freely available containerized pipeline ( https://github.com/MASILab/PreQual ), which combined integrated preprocessing methods with quality control assurance for diffusion‐weighted MRI (DWI).	https://www.ncbi.nlm.nih.gov/pmc/articles/PMC11973251/
					https://www.ncbi.nlm.nih.gov/pmc/articles/PMC12273324/
libvips		used	https://github.com/libvips/libvips	libvips: A fast image processing library with low memory needs . Github ; n.d. Accessed April 21, 2025. https://github.com/libvips/libvips	https://www.ncbi.nlm.nih.gov/pmc/articles/PMC12592941/
large_image		used	https://github.com/girder/large_image	large_image: Python modules to work with large multiresolution images . Github ; n.d. Accessed April 13, 2025. https://github.com/girder/large_image	https://www.ncbi.nlm.nih.gov/pmc/articles/PMC12592941/
SVS-deidentifier		used	https://github.com/pearcetm/svs-deidentifier	Pearce T . SVS‐deidentifier . 2020 . Accessed April 13, 2025. https://github.com/pearcetm/svs‐deidentifier	https://www.ncbi.nlm.nih.gov/pmc/articles/PMC12592941/
ImageDePHI		used	https://github.com/DigitalSlideArchive/ImageDePHI	ImageDePHI . Github; n.d . Accessed April 13, 2025, https://github.com/DigitalSlideArchive/ImageDePHI	https://www.ncbi.nlm.nih.gov/pmc/articles/PMC12592941/
DSA-WSI-DeID		used	https://github.com/DigitalSlideArchive/DSA-WSI-DeID	DSA‐WSI‐DeID: A workflow for redacting PHI from whole slide images (WSI) based on the Digital Slide Archive. Github; n.d . Accessed April 13, 2025. https://github.com/DigitalSlideArchive/DSA‐WSI‐DeID	https://www.ncbi.nlm.nih.gov/pmc/articles/PMC12592941/
anonymize-slide		used	https://github.com/bgilbert/anonymize-slide	Gilbert B , Anonymize‐slide: Delete the label from a whole‐slide image . Github ; n.d. Accessed April 13, 2025. https://github.com/bgilbert/anonymize‐slide	https://www.ncbi.nlm.nih.gov/pmc/articles/PMC12592941/
multidim-positional-encoding		used	https://github.com/tatp22/multidim-positional-encoding	Tatkowski P . Multidim‐positional‐encoding: An implementation of 1D, 2D, and 3D positional encoding in Pytorch and TensorFlow . Github ; n.d. Accessed May 31, 2025. https://github.com/tatp22/multidim‐positional‐encoding	https://www.ncbi.nlm.nih.gov/pmc/articles/PMC12592941/
Pytorch		used		An implementation of 1D, 2D, and 3D positional encoding in Pytorch and TensorFlow	https://www.ncbi.nlm.nih.gov/pmc/articles/PMC12592941/
TensorFlow		used		An implementation of 1D, 2D, and 3D positional encoding in Pytorch and TensorFlow	https://www.ncbi.nlm.nih.gov/pmc/articles/PMC12592941/
					https://www.ncbi.nlm.nih.gov/pmc/articles/PMC11050386/
					https://www.ncbi.nlm.nih.gov/pmc/articles/PMC13174641/
					https://www.ncbi.nlm.nih.gov/pmc/articles/PMC10573398/
					https://www.ncbi.nlm.nih.gov/pmc/articles/PMC12504064/
					https://www.ncbi.nlm.nih.gov/pmc/articles/PMC10502518/
					https://www.ncbi.nlm.nih.gov/pmc/articles/PMC11091564/
RAR	2.0.0	used	https://github.com/JessLGraves/RAR/blob/master/R/RAR.r	RAR: parametric, nonparametric, and localized RAR analysis (version 2.0.0). GitHub. Accessed October 17, 2024. [Online]. https://github.com/JessLGraves/RAR/blob/master/R/RAR.r	https://www.ncbi.nlm.nih.gov/pmc/articles/PMC12046567/
					https://www.ncbi.nlm.nih.gov/pmc/articles/PMC11572737/
					https://www.ncbi.nlm.nih.gov/pmc/articles/PMC10962747/
					https://www.ncbi.nlm.nih.gov/pmc/articles/PMC12983521/
Code		created	https://github.com/ICA-RAICAR-Pruning/Code	The code and materials generated or used during this study is publicly available at https://github.com/ICA-RAICAR-Pruning/Code	https://www.ncbi.nlm.nih.gov/pmc/articles/PMC13180186/
					https://www.ncbi.nlm.nih.gov/pmc/articles/PMC10877673/
					https://www.ncbi.nlm.nih.gov/pmc/articles/PMC10843739/
Github		used	https://github.com/yonbrand/gait-quality/tree/main	The underlying code for this study is available on Github and can be accessed via this link: https://github.com/yonbrand/gait-quality/tree/main .	https://www.ncbi.nlm.nih.gov/pmc/articles/PMC13121596/
					https://www.ncbi.nlm.nih.gov/pmc/articles/PMC12493116/
					https://www.ncbi.nlm.nih.gov/pmc/articles/PMC9818274/
					https://www.ncbi.nlm.nih.gov/pmc/articles/PMC12059168/
					https://www.ncbi.nlm.nih.gov/pmc/articles/PMC13039544/
					https://www.ncbi.nlm.nih.gov/pmc/articles/PMC12550255/
					https://www.ncbi.nlm.nih.gov/pmc/articles/PMC12365253/
MitoH3		created	https://github.com/MarchOnion/MitoH3	The software and scripts for using this pipeline are publicly available and packaged as one singularity image ( https://github.com/MarchOnion/MitoH3 ).	https://www.ncbi.nlm.nih.gov/pmc/articles/PMC11091720/
Singularity		used		The software and scripts for using this pipeline are publicly available and packaged as one singularity image ( https://github.com/MarchOnion/MitoH3 ).	https://www.ncbi.nlm.nih.gov/pmc/articles/PMC11091720/
					https://www.ncbi.nlm.nih.gov/pmc/articles/PMC11567865/
					https://www.ncbi.nlm.nih.gov/pmc/articles/PMC12536762/
					https://www.ncbi.nlm.nih.gov/pmc/articles/PMC11112892/
					https://www.ncbi.nlm.nih.gov/pmc/articles/PMC11236004/
					https://www.ncbi.nlm.nih.gov/pmc/articles/PMC13005014/
					https://www.ncbi.nlm.nih.gov/pmc/articles/PMC13243208/
					https://www.ncbi.nlm.nih.gov/pmc/articles/PMC12320021/
					https://www.ncbi.nlm.nih.gov/pmc/articles/PMC11451624/
dbGaP		used	https://www.ncbi.nlm.nih.gov/projects/gap/cgi-bin/study.cgi?study_id=phs000280.v8.p2	ARIC phenotype and proteomic data will be accessible through NIH's database of Genotypes and Phenotypes (dbGaP) (https://www.ncbi.nlm.nih.gov/projects/gap/cgi-bin/study.cgi?study_id=phs000280.v8.p2).	https://www.ncbi.nlm.nih.gov/pmc/articles/PMC11497673/
Python		used		Python scripts and manuals are available on GitHub.	https://www.ncbi.nlm.nih.gov/pmc/articles/PMC11128757/
GitHub		used	https://github.com/vkola-lab/hbm2024	Python scripts and manuals are available on GitHub. https://github.com/vkola-lab/hbm2024	https://www.ncbi.nlm.nih.gov/pmc/articles/PMC11128757/
GitHub		used	https://github.com/GP2code/AAO_LRRK2_pG2019S	All code generated for this article, and the identifiers for all software programs and packages used, are available on GitHub [ https://github.com/GP2code/AAO_LRRK2_pG2019S ] and were given a persistent identifier via Zenodo [ https://github.com/GP2code/AAO_LRRK2_pG2019S ].	https://www.ncbi.nlm.nih.gov/pmc/articles/PMC12204414/
Zenodo		used	https://github.com/GP2code/AAO_LRRK2_pG2019S	All code generated for this article, and the identifiers for all software programs and packages used, are available on GitHub [ https://github.com/GP2code/AAO_LRRK2_pG2019S ] and were given a persistent identifier via Zenodo [ https://github.com/GP2code/AAO_LRRK2_pG2019S ].	https://www.ncbi.nlm.nih.gov/pmc/articles/PMC12204414/
					https://www.ncbi.nlm.nih.gov/pmc/articles/PMC13292533/
					https://www.ncbi.nlm.nih.gov/pmc/articles/PMC10659533/
					https://www.ncbi.nlm.nih.gov/pmc/articles/PMC11364440/
AD Workbench		used	https://www.alzheimersdata.org/ad-workbench	The data used in this study can be accessed through the AD Data Initiative's AD Workbench [https://www.alzheimersdata.org/ad-workbench].	https://www.ncbi.nlm.nih.gov/pmc/articles/PMC13285181/
AD_informal_caregiving_costs		created	https://github.com/jchen-BUlab/AD_informal_caregiving_costs/	The computer code developed for the analyses is available at: https://github.com/jchen-BUlab/AD_informal_caregiving_costs/.	https://www.ncbi.nlm.nih.gov/pmc/articles/PMC13285181/
					https://www.ncbi.nlm.nih.gov/pmc/articles/PMC13275329/
					https://www.ncbi.nlm.nih.gov/pmc/articles/PMC12338962/
					https://www.ncbi.nlm.nih.gov/pmc/articles/PMC12706122/
					https://www.ncbi.nlm.nih.gov/pmc/articles/PMC12393618/
					https://www.ncbi.nlm.nih.gov/pmc/articles/PMC11100683/
					https://www.ncbi.nlm.nih.gov/pmc/articles/PMC10455760/
FUMA		used		SNPs were annotated to genes using default settings of FUMA, which relies on positional and functional information.	https://www.ncbi.nlm.nih.gov/pmc/articles/PMC10548686/
FOCUS	0.802	used	https://github.com/bogdanlab/focus	To this end, we used a TWAS fine-mapping approach [ 43 ] as implemented in FOCUS 0.802 ( https://github.com/bogdanlab/focus ).	https://www.ncbi.nlm.nih.gov/pmc/articles/PMC10548686/
EMIF-AD		used	https://emif-catalogue.eu	In accordance with EU law and participant privacy, clinical individual-level data from EMIF-AD is not available publicly, but can be obtained via EMIF-AD ( https://emif-catalogue.eu ; http://www.emif.eu/about/emif-ad )	https://www.ncbi.nlm.nih.gov/pmc/articles/PMC10548686/
ADNI		used	http://adni.loni.usc.edu/	Registered users can download ADNI data from http://adni.loni.usc.edu/	https://www.ncbi.nlm.nih.gov/pmc/articles/PMC10548686/
AD Knowledge Portal		used	https://adknowledgeportal.org	The results published here are in part based on data obtained from the AD Knowledge Portal ( https://adknowledgeportal.org )	https://www.ncbi.nlm.nih.gov/pmc/articles/PMC10548686/
					https://www.ncbi.nlm.nih.gov/pmc/articles/PMC11307010/
					https://www.ncbi.nlm.nih.gov/pmc/articles/PMC10756918/
					https://www.ncbi.nlm.nih.gov/pmc/articles/PMC10651620/
					https://www.ncbi.nlm.nih.gov/pmc/articles/PMC13097734/
					https://www.ncbi.nlm.nih.gov/pmc/articles/PMC12900171/
					https://www.ncbi.nlm.nih.gov/pmc/articles/PMC5549378/
					https://www.ncbi.nlm.nih.gov/pmc/articles/PMC12568388/
					https://www.ncbi.nlm.nih.gov/pmc/articles/PMC11254448/
DeepSUVR		created	https://github.com/csiro/DeepSUVR	The DeepSUVR model and derived masks are freely available for non‐commercial use ( https://github.com/csiro/DeepSUVR ).	https://www.ncbi.nlm.nih.gov/pmc/articles/PMC12892302/
					https://www.ncbi.nlm.nih.gov/pmc/articles/PMC11098549/
					https://www.ncbi.nlm.nih.gov/pmc/articles/PMC12994854/
					https://www.ncbi.nlm.nih.gov/pmc/articles/PMC12682591/
					https://www.ncbi.nlm.nih.gov/pmc/articles/PMC11033981/
Brainage-PD-Progression		created	https://github.com/t-haehnel/Brainage-PD-Progression	Source code for statistical analyses will be published at https://github.com/t-haehnel/Brainage-PD-Progression under the MIT license upon manuscript acceptance.	https://www.ncbi.nlm.nih.gov/pmc/articles/PMC12689644/
brainage_estimation		created	https://github.com/juaml/brainage_estimation	Source code for brain age estimation workflows is available at https://github.com/juaml/brainage_estimation .	https://www.ncbi.nlm.nih.gov/pmc/articles/PMC12689644/
ltjmm		used	https://bitbucket.org/mdonohue/ltjmm/src/master/	Donohue, M. mdonohue / ltjmm — Bitbucket. https://bitbucket.org/mdonohue/ltjmm/src/master/ (2017).	https://www.ncbi.nlm.nih.gov/pmc/articles/PMC12689644/
GitHub		used	https://github.com/TransBioInfoLab/AD-meta-analysis-blood	The code for preprocessing DNA methylation data and logistic regression was in accordance with the methods of Silva et al.'s study, which is available on GitHub at https://github.com/TransBioInfoLab/AD-meta-analysis-blood.	https://www.ncbi.nlm.nih.gov/pmc/articles/PMC12648935/
GitHub		used	https://github.com/XDH-lab/ADblood_lnc	The code for feature selection of machine learning and diagnostic model building was available on GitHub at https://github.com/XDH-lab/ADblood_lnc.	https://www.ncbi.nlm.nih.gov/pmc/articles/PMC12648935/
					https://www.ncbi.nlm.nih.gov/pmc/articles/PMC11167921/
ADNI Laboratory of NeuroImaging (LONI) database		used		Data from this study and the study methodology report may be accessed from the ADNI Laboratory of NeuroImaging (LONI) database: adni.loni.usc.edu.	https://www.ncbi.nlm.nih.gov/pmc/articles/PMC13284470/
HABS		used		Access the HABS data may be requested at habs.mgh.harvard.edu/researchers/request-data/.	https://www.ncbi.nlm.nih.gov/pmc/articles/PMC13284470/
Amyloid-tau-interval-paper-Mil-Alom		created	https://github.com/cind/Amyloid-tau-interval-paper-Mil-Alom	The annotated code used for study analyses is provided in full ( https://github.com/cind/Amyloid-tau-interval-paper-Mil-Alom ).	https://www.ncbi.nlm.nih.gov/pmc/articles/PMC13284470/
					https://www.ncbi.nlm.nih.gov/pmc/articles/PMC10840675/
					https://www.ncbi.nlm.nih.gov/pmc/articles/PMC10623008/
Synapse		used	https://www.synapse.org/Synapse:syn23538600	We have archived the genome‐wide DNA methylation data and genotyping data for the 153 PITT‐ADRC samples on Synapse (syn23538600).	https://www.ncbi.nlm.nih.gov/pmc/articles/PMC11815327/
WGCNA		used	https://github.com/UoE-Dementia-Genomics/AD-Psychosis-WGCNA.git	All analytical scripts/code are available at https://github.com/UoE‐Dementia‐Genomics/AD‐Psychosis‐WGCNA.git	https://www.ncbi.nlm.nih.gov/pmc/articles/PMC11815327/
					https://www.ncbi.nlm.nih.gov/pmc/articles/PMC3696462/
					https://www.ncbi.nlm.nih.gov/pmc/articles/PMC11839231/
					https://www.ncbi.nlm.nih.gov/pmc/articles/PMC12124945/
					https://www.ncbi.nlm.nih.gov/pmc/articles/PMC13232368/
					https://www.ncbi.nlm.nih.gov/pmc/articles/PMC11266366/
					https://www.ncbi.nlm.nih.gov/pmc/articles/PMC10543050/
					https://www.ncbi.nlm.nih.gov/pmc/articles/PMC12328787/
					https://www.ncbi.nlm.nih.gov/pmc/articles/PMC12633133/
M2DGAT		created	https://github.com/ZJ-BMDmining/M2DGAT	The source code for the proposed method is available at https://github.com/ZJ-BMDmining/M2DGAT .	https://www.ncbi.nlm.nih.gov/pmc/articles/PMC13065810/
					https://www.ncbi.nlm.nih.gov/pmc/articles/PMC12061840/
Python		used		Links for Python script codes in GitHub for the process and producing all results and figures	https://www.ncbi.nlm.nih.gov/pmc/articles/PMC11189772/
macOS Monterey	12.6.2	used		The machine was used in this study: macOS Monterey version 12.6.2, MacBook Pro (13-inch), and Processor: 2.3 GHz Dual-Core Intel Core i5.	https://www.ncbi.nlm.nih.gov/pmc/articles/PMC11189772/
Anaconda Navigator	1.9.12	used		Anaconda Navigator 1.9.12 was used to launch Jupyter Notebook version 6.1.4.	https://www.ncbi.nlm.nih.gov/pmc/articles/PMC11189772/
Jupyter Notebook	6.1.4	used		Anaconda Navigator 1.9.12 was used to launch Jupyter Notebook version 6.1.4.	https://www.ncbi.nlm.nih.gov/pmc/articles/PMC11189772/
					https://www.ncbi.nlm.nih.gov/pmc/articles/PMC12975756/
pheatmap		used	https://github.com/raivokolde/pheatmap	Kolde, R. et al. raivokolde/pheatmap. GitHub https://github.com/raivokolde/pheatmap (2018).	https://www.ncbi.nlm.nih.gov/pmc/articles/PMC11549054/
					https://www.ncbi.nlm.nih.gov/pmc/articles/PMC11529263/
					https://www.ncbi.nlm.nih.gov/pmc/articles/PMC11667515/
					https://www.ncbi.nlm.nih.gov/pmc/articles/PMC12519507/
					https://www.ncbi.nlm.nih.gov/pmc/articles/PMC10484923/
					https://www.ncbi.nlm.nih.gov/pmc/articles/PMC13352412/
					https://www.ncbi.nlm.nih.gov/pmc/articles/PMC12531902/
					https://www.ncbi.nlm.nih.gov/pmc/articles/PMC13058467/
					https://www.ncbi.nlm.nih.gov/pmc/articles/PMC13167139/
HABS-HD		used	https://apps.unthsc.edu/itr/	The HABS-HD data is available upon request at: https://apps.unthsc.edu/itr/	https://www.ncbi.nlm.nih.gov/pmc/articles/PMC12288546/
					https://www.ncbi.nlm.nih.gov/pmc/articles/PMC12404711/
					https://www.ncbi.nlm.nih.gov/pmc/articles/PMC12976656/
					https://www.ncbi.nlm.nih.gov/pmc/articles/PMC13355404/
					https://www.ncbi.nlm.nih.gov/pmc/articles/PMC13269847/
					https://www.ncbi.nlm.nih.gov/pmc/articles/PMC13228114/
					https://www.ncbi.nlm.nih.gov/pmc/articles/PMC13174814/
					https://www.ncbi.nlm.nih.gov/pmc/articles/PMC11106718/
					https://www.ncbi.nlm.nih.gov/pmc/articles/PMC11225196/
					https://www.ncbi.nlm.nih.gov/pmc/articles/PMC10652415/
					https://www.ncbi.nlm.nih.gov/pmc/articles/PMC12968210/
					https://www.ncbi.nlm.nih.gov/pmc/articles/PMC12238309/
					https://www.ncbi.nlm.nih.gov/pmc/articles/PMC12453954/
isweep		used		The methodology is incorporated into isweep's main branch under commit ba35dcd.	https://www.ncbi.nlm.nih.gov/pmc/articles/PMC13087415/
flare-pipeline		used	https://github.com/sdtemple/flare-pipeline	"Phasing and local ancestry inference were performed using commit 5922db8 of the workflow https://github.com/sdtemple/flare-pipeline, which has now been folded into the isweep package under the directory ""workflow/phasing-ancestry."""	https://www.ncbi.nlm.nih.gov/pmc/articles/PMC13087415/
lai-ibd		used	https://github.com/sdtemple/lai-ibd	The workflow https://github.com/sdtemple/lai-ibd overlays local ancestry tracts on pairwise IBD segments.	https://www.ncbi.nlm.nih.gov/pmc/articles/PMC13087415/
tskibd		used	https://github.com/bguo068/tskibd	tskibd, https://github.com/bguo068/tskibd	https://www.ncbi.nlm.nih.gov/pmc/articles/PMC13087415/
ibd-ends		used	https://github.com/browning-lab/ibd-ends	ibd-ends, https://github.com/browning-lab/ibd-ends	https://www.ncbi.nlm.nih.gov/pmc/articles/PMC13087415/
hap-ibd	1.0	used	https://github.com/browning-lab/hap-ibd	hap-ibd (v.1.0), https://github.com/browning-lab/hap-ibd	https://www.ncbi.nlm.nih.gov/pmc/articles/PMC13087415/
Beagle	5.4	used	https://faculty.washington.edu/browning/beagle/b5_4.html	Beagle (v.5.4), https://faculty.washington.edu/browning/beagle/b5_4.html	https://www.ncbi.nlm.nih.gov/pmc/articles/PMC13087415/
flare	0.5.1	used	https://github.com/browning-lab/flare	flare (v.0.5.1), https://github.com/browning-lab/flare	https://www.ncbi.nlm.nih.gov/pmc/articles/PMC13087415/
IBDkin	2.8.7.8	used	https://github.com/YingZhou001/IBDkin	IBDkin (v.2.8.7.8), https://github.com/YingZhou001/IBDkin	https://www.ncbi.nlm.nih.gov/pmc/articles/PMC13087415/
tskit		used	https://tskit.dev/	tskit, https://tskit.dev/	https://www.ncbi.nlm.nih.gov/pmc/articles/PMC13087415/
R		used		One of our major contributions is that we develop an R package, BayTetra, that implements the proposed Bayesian semiparametric approach and hypothesis testing procedure as a general tool for detecting multivariate trajectory differences among different groups.	https://www.ncbi.nlm.nih.gov/pmc/articles/PMC12778864/
BayTetra		created	https://github.com/SteveGaoQX/BayTetra	One of our major contributions is that we develop an R package, BayTetra, that implements the proposed Bayesian semiparametric approach and hypothesis testing procedure as a general tool for detecting multivariate trajectory differences among different groups. First, the function mcmc_BayTetra in the package performs posterior inference via MCMC simulations from the derived posterior distributions based on the proposed model (4) with the priors specified in Section 2.2. Then the function Test_BayTetra implements our hypothesis testing procedure described in Section 2.3. The outputs of the function Test_BayTetra include a posterior summary of the parameters β ˜ k q 's (e.g., posterior means, 95% credible intervals), results for pairwise hypothesis testing (5) and (6), and overall hypothesis testing (7). The R package BayTetra can be downloaded from https://github.com/SteveGaoQX/BayTetra.	https://www.ncbi.nlm.nih.gov/pmc/articles/PMC12778864/
					https://www.ncbi.nlm.nih.gov/pmc/articles/PMC11219798/
					https://www.ncbi.nlm.nih.gov/pmc/articles/PMC10879687/
					https://www.ncbi.nlm.nih.gov/pmc/articles/PMC12492342/
					https://www.ncbi.nlm.nih.gov/pmc/articles/PMC12732164/
					https://www.ncbi.nlm.nih.gov/pmc/articles/PMC11904738/
progmod		created	https://github.com/larslau/progmod	progmod – Disease progression modeling based on nonlinear mixed effects modeling. 2023. https://github.com/larslau/progmod	https://www.ncbi.nlm.nih.gov/pmc/articles/PMC13232038/
					https://www.ncbi.nlm.nih.gov/pmc/articles/PMC13072528/
					https://www.ncbi.nlm.nih.gov/pmc/articles/PMC13142551/
					https://www.ncbi.nlm.nih.gov/pmc/articles/PMC13291382/
GitHub		used	https://github.com/MASILab/Variance-Aging-Diffusion	The code for the experiments can be found on GitHub at https://github.com/MASILab/Variance-Aging-Diffusion .	https://www.ncbi.nlm.nih.gov/pmc/articles/PMC10473788/
Synapse		used		The datasets analyzed for the current study are available in Synapse. Bulk RNAseq data and snRNAseq data are accessible under the accession codes from their original publications syn8456629 and syn52293442, respectively, under controlled use conditions due to human privacy regulations. The multiplex immunofluorescence data along with the results for all analyses have been deposited on Synapse under the Synapse ID syn63686123.	https://www.ncbi.nlm.nih.gov/pmc/articles/PMC11761133/
ADresilience_CastanhoNaderi		created	https://github.com/hidelab/ADresilience_CastanhoNaderi.git	All code used for this publication is available at https://github.com/hidelab/ADresilience_CastanhoNaderi.git.	https://www.ncbi.nlm.nih.gov/pmc/articles/PMC11761133/
					https://www.ncbi.nlm.nih.gov/pmc/articles/PMC12310555/
					https://www.ncbi.nlm.nih.gov/pmc/articles/PMC13344897/
					https://www.ncbi.nlm.nih.gov/pmc/articles/PMC13060449/
admeta		created	https://github.com/wyqmath/admeta	The analysis code for this paper is available at the GitHub repository: https://github.com/wyqmath/admeta	https://www.ncbi.nlm.nih.gov/pmc/articles/PMC12706602/
CellBender		used		Raw UMI count matrices were processed using the CellBender 19 software to call cells and subtract UMI counts of ambient RNA.	https://www.ncbi.nlm.nih.gov/pmc/articles/PMC10769298/
freemuxlet		used	https://github.com/statgen/popscle	Because nuclei from 2–4 participants were pooled together and used as input of our single-nucleus RNA-seq libraries, we executed the freemuxlet software ( https://github.com/statgen/popscle ) to cluster cells based on SNP genotypes of RNA reads.	https://www.ncbi.nlm.nih.gov/pmc/articles/PMC10769298/
Picard	2.23.6	used		This comparison was performed using the CrosscheckFingerprints function of Picard 20 (v2.23.6).	https://www.ncbi.nlm.nih.gov/pmc/articles/PMC10769298/
DESeq2		used		Global differential gene expression analysis across donor conditions within each broad cell type were run using DESeq2 on pseudobulked snRNA-seq data.	https://www.ncbi.nlm.nih.gov/pmc/articles/PMC10769298/
Seurat		used		To generate pseudobulk RNA counts, the counts matrix was first extracted from a single-nucleus Seurat object.	https://www.ncbi.nlm.nih.gov/pmc/articles/PMC10769298/
R		used		Counts across nuclei from the same donor, region, and broad cell type were then summed using the rowSums() function in R.	https://www.ncbi.nlm.nih.gov/pmc/articles/PMC10769298/
					https://www.ncbi.nlm.nih.gov/pmc/articles/PMC11708233/
					https://www.ncbi.nlm.nih.gov/pmc/articles/PMC12389259/
Manta	1.6.0	used		For each sample, SVs were called by Manta 28 (v1.6.0) and Smoove 29 (v0.2.5) with default parameters.	https://www.ncbi.nlm.nih.gov/pmc/articles/PMC10516060/
Smoove	0.2.5	used		For each sample, SVs were called by Manta 28 (v1.6.0) and Smoove 29 (v0.2.5) with default parameters.	https://www.ncbi.nlm.nih.gov/pmc/articles/PMC10516060/
Svimmer		used		Calls from Manta and Smoove were merged by Svimmer 30 to generate a union of two call sets for a sample.	https://www.ncbi.nlm.nih.gov/pmc/articles/PMC10516060/
Graphtyper2	2.7.3	used		Then, all individual sample VCF files were merged together by Svimmer as input to Graphtyper2 (v2.7.3) 30 for joint genotyping.	https://www.ncbi.nlm.nih.gov/pmc/articles/PMC10516060/
SV-ADSP-Pipeline		created	https://github.com/whtop/SV-ADSP-Pipeline	The pipeline is available on https://github.com/whtop/SV-ADSP-Pipeline	https://www.ncbi.nlm.nih.gov/pmc/articles/PMC10516060/
					https://www.ncbi.nlm.nih.gov/pmc/articles/PMC12238312/
ADNI		used		This research was conducted using ADNI data ( adni.loni.usc.edu ).	https://www.ncbi.nlm.nih.gov/pmc/articles/PMC13252440/
					https://www.ncbi.nlm.nih.gov/pmc/articles/PMC12741943/
					https://www.ncbi.nlm.nih.gov/pmc/articles/PMC12528298/
					https://www.ncbi.nlm.nih.gov/pmc/articles/PMC12889766/
					https://www.ncbi.nlm.nih.gov/pmc/articles/PMC13014940/
					https://www.ncbi.nlm.nih.gov/pmc/articles/PMC12329572/
					https://www.ncbi.nlm.nih.gov/pmc/articles/PMC13220363/
					https://www.ncbi.nlm.nih.gov/pmc/articles/PMC12781432/
					https://www.ncbi.nlm.nih.gov/pmc/articles/PMC12163898/
					https://www.ncbi.nlm.nih.gov/pmc/articles/PMC10612362/
					https://www.ncbi.nlm.nih.gov/pmc/articles/PMC11266220/
					https://www.ncbi.nlm.nih.gov/pmc/articles/PMC11266279/
Cell_Specific_PRS		created	https://github.com/atulkumar1301/Cell_Specific_PRS	The code used in this study is available at https://github.com/atulkumar1301/Cell_Specific_PRS .	https://www.ncbi.nlm.nih.gov/pmc/articles/PMC12484444/
					https://www.ncbi.nlm.nih.gov/pmc/articles/PMC12303761/
					https://www.ncbi.nlm.nih.gov/pmc/articles/PMC11848042/
					https://www.ncbi.nlm.nih.gov/pmc/articles/PMC11002803/
					https://www.ncbi.nlm.nih.gov/pmc/articles/PMC12461166/
					https://www.ncbi.nlm.nih.gov/pmc/articles/PMC11877693/
R		used		"The effect of blood-derived mtDNA-CN on conversion from CN to MCI and conversion from MCI to AD in the ADNI cohort was assessed using a Cox proportional hazards model including covariates for age at baseline, sex, and study phase implemented in the R package ""survival"""	https://www.ncbi.nlm.nih.gov/pmc/articles/PMC11515778/
survival	3.3-1	used	https://cran.r-project.org/web/packages/survival/index.html	"The effect of blood-derived mtDNA-CN on conversion from CN to MCI and conversion from MCI to AD in the ADNI cohort was assessed using a Cox proportional hazards model including covariates for age at baseline, sex, and study phase implemented in the R package ""survival"" (version 3.3-1, https://cran.r-project.org/web/packages/survival/index.html )."	https://www.ncbi.nlm.nih.gov/pmc/articles/PMC11515778/
survminer	0.4.9	used		"Comparison of the rates of conversion from CN to MCI and from MCI to AD between low and high mtDNA-CN levels defined by the median of adjusted mtDNA-CN was evaluated by Kaplan-Meier survival analysis using R package ""survminer"" (version 0.4.9)."	https://www.ncbi.nlm.nih.gov/pmc/articles/PMC11515778/
					https://www.ncbi.nlm.nih.gov/pmc/articles/PMC12022895/
					https://www.ncbi.nlm.nih.gov/pmc/articles/PMC13054827/
					https://www.ncbi.nlm.nih.gov/pmc/articles/PMC13351331/
					https://www.ncbi.nlm.nih.gov/pmc/articles/PMC12865316/
					https://www.ncbi.nlm.nih.gov/pmc/articles/PMC13320924/
					https://www.ncbi.nlm.nih.gov/pmc/articles/PMC13355814/
					https://www.ncbi.nlm.nih.gov/pmc/articles/PMC12405923/
					https://www.ncbi.nlm.nih.gov/pmc/articles/PMC12402658/
					https://www.ncbi.nlm.nih.gov/pmc/articles/PMC11312441/
					https://www.ncbi.nlm.nih.gov/pmc/articles/PMC11567812/
					https://www.ncbi.nlm.nih.gov/pmc/articles/PMC12461887/
					https://www.ncbi.nlm.nih.gov/pmc/articles/PMC3906709/
					https://www.ncbi.nlm.nih.gov/pmc/articles/PMC12647872/
					https://www.ncbi.nlm.nih.gov/pmc/articles/PMC13232448/
					https://www.ncbi.nlm.nih.gov/pmc/articles/PMC10369359/
BrainVISA		used		The Morphologist pipeline of the BrainVISA toolbox 56 was used to extract local measures of brain anatomy (see Supp. Method for processing and QC details).	https://www.ncbi.nlm.nih.gov/pmc/articles/PMC11549469/
Morphologist		used	https://github.com/LeonieBorne/morpho-deepsulci-docker	The Morphologist pipeline of the BrainVISA toolbox 56 was used to extract local measures of brain anatomy (see Supp. Method for processing and QC details). The pipeline was applied in a docker image as described in https://github.com/LeonieBorne/morpho-deepsulci-docker .	https://www.ncbi.nlm.nih.gov/pmc/articles/PMC11549469/
ComBat		used		We then used ComBat, a technique adopted from the genomics literature 58 and recently applied to cortical thickness data 59 , to combine and harmonize the sulcal measurements across acquisition sites while preserving age, sex and diagnosis covariates.	https://www.ncbi.nlm.nih.gov/pmc/articles/PMC11549469/
					https://www.ncbi.nlm.nih.gov/pmc/articles/PMC12407829/
ADNI		used	https://adni.loni.usc.edu/data-samples/adni-data/	The ADNI, UK Biobank, 36 and PPMI 37 dataset that we use are publicly available and may be downloaded and used freely after application as of the date of publication.	https://www.ncbi.nlm.nih.gov/pmc/articles/PMC13185845/
UK Biobank		used	https://www.ukbiobank.ac.uk/	The ADNI, UK Biobank, 36 and PPMI 37 dataset that we use are publicly available and may be downloaded and used freely after application as of the date of publication.	https://www.ncbi.nlm.nih.gov/pmc/articles/PMC13185845/
PPMI		used	https://www.ppmi-info.org/access-data-specimens/	The ADNI, UK Biobank, 36 and PPMI 37 dataset that we use are publicly available and may be downloaded and used freely after application as of the date of publication.	https://www.ncbi.nlm.nih.gov/pmc/articles/PMC13185845/
Zenodo		used	https://doi.org/10.5281/zenodo.15089724	All original code has been deposited at Zenodo and GitHub and are publicly available as of the date of publication.	https://www.ncbi.nlm.nih.gov/pmc/articles/PMC13185845/
GitHub		used	https://github.com/btheodorou99/MRI2PET/	All original code has been deposited at Zenodo and GitHub and are publicly available as of the date of publication.	https://www.ncbi.nlm.nih.gov/pmc/articles/PMC13185845/
MRI2PET		created	https://github.com/btheodorou99/MRI2PET/	We also generate PET results based on all MRI images from the ADNI dataset in our other splits with just our MRI2PET model.	https://www.ncbi.nlm.nih.gov/pmc/articles/PMC13185845/
Nvidia A100 GPUs		used		We perform all experimentation using Nvidia A100 GPUs on the National Institutes of Health's Biowulf cluster (see https://hpc.nih.gov for reference).	https://www.ncbi.nlm.nih.gov/pmc/articles/PMC13185845/
					https://www.ncbi.nlm.nih.gov/pmc/articles/PMC12614089/
					https://www.ncbi.nlm.nih.gov/pmc/articles/PMC13225236/
					https://www.ncbi.nlm.nih.gov/pmc/articles/PMC12817166/
					https://www.ncbi.nlm.nih.gov/pmc/articles/PMC11739691/
					https://www.ncbi.nlm.nih.gov/pmc/articles/PMC12627890/
					https://www.ncbi.nlm.nih.gov/pmc/articles/PMC9757994/
					https://www.ncbi.nlm.nih.gov/pmc/articles/PMC13278200/
GIDRR			https://github.com/AndrewsLabUCSF/GIDRR		https://www.ncbi.nlm.nih.gov/pmc/articles/PMC12635868/
smoove		used	https://github.com/brentp/smoove	Pedersen B, Layer R, Quinlan AR. smoove: structural variant calling and genotyping with existing tools. GitHub repository. 2021. https://github.com/brentp/smoove .	https://www.ncbi.nlm.nih.gov/pmc/articles/PMC11881306/
ADRD_SV_GWAS		created	https://github.com/RushAlz/ADRD_SV_GWAS	complete summary statistics for all phenotypes tested and all relevant code used in this study are publicly available on github ( https://github.com/rushalz/adrd_sv_gwas )	https://www.ncbi.nlm.nih.gov/pmc/articles/PMC11881306/
					https://www.ncbi.nlm.nih.gov/pmc/articles/PMC10845037/
					https://www.ncbi.nlm.nih.gov/pmc/articles/PMC11131578/
brms		used		To circumvent this challenge, we resorted to a Bayesian algorithm by utilizing the built-in functions from the well-developed brms package 39.	https://www.ncbi.nlm.nih.gov/pmc/articles/PMC11741457/
R	4.3.2	used		All statistical analyses were conducted in R (Version 4.3.2).	https://www.ncbi.nlm.nih.gov/pmc/articles/PMC11741457/
DSMM		created	https://github.com/KaidiK/DSMM	The example codes for model fitting are available on GitHub at https://github.com/KaidiK/DSMM.	https://www.ncbi.nlm.nih.gov/pmc/articles/PMC11741457/
					https://www.ncbi.nlm.nih.gov/pmc/articles/PMC10988646/
					https://www.ncbi.nlm.nih.gov/pmc/articles/PMC3836174/
					https://www.ncbi.nlm.nih.gov/pmc/articles/PMC12665170/
					https://www.ncbi.nlm.nih.gov/pmc/articles/PMC11539020/
					https://www.ncbi.nlm.nih.gov/pmc/articles/PMC11651969/
					https://www.ncbi.nlm.nih.gov/pmc/articles/PMC13228766/
					https://www.ncbi.nlm.nih.gov/pmc/articles/PMC11470552/
Effsize		used	https://zenodo.org/record/1480624	Torchiano M : Effsize - a Package for Efficient Effect Size Computation Zenodo , 2016 . Available at https://zenodo.org/record/1480624 .	https://www.ncbi.nlm.nih.gov/pmc/articles/PMC12386377/
deepbrain		used	https://github.com/iitzco/deepbrain	[39] Itzcovich I. , iitzco/deepbrain ( 2025 ). URL https://github.com/iitzco/deepbrain	https://www.ncbi.nlm.nih.gov/pmc/articles/PMC12870581/
Global Parkinson's Genetics Program (GP2)	7	used	https://gp2.org	Data used in the preparation of this article were obtained from the Global Parkinson's Genetics Program (GP2; https://gp2.org ). Specifically, we used tier 2 data from GP2 release 7 ( https://doi.org/10.5281/zenodo.10962119 ).	https://www.ncbi.nlm.nih.gov/pmc/articles/PMC13206296/
Accelerating Medicines Partnership in Parkinson's Disease (AMP-PD)		used	https://amp-pd.org/register-for-amp-pd	Tier 1 data can be accessed by completing a form on the Accelerating Medicines Partnership in Parkinson's Disease (AMP‐PD) website ( https://amp-pd.org/register-for-amp-pd ).	https://www.ncbi.nlm.nih.gov/pmc/articles/PMC13206296/
GitHub		used	https://github.com/GP2code/AAO_LRRK2_pG2019S	All code generated for this article, and the identifiers for all software programs and packages used, are available on GitHub [ https://github.com/GP2code/AAO_LRRK2_pG2019S ]	https://www.ncbi.nlm.nih.gov/pmc/articles/PMC13206296/
Zenodo		used	https://github.com/GP2code/AAO_LRRK2_pG2019S	and were given a persistent identifier via Zenodo [ https://github.com/GP2code/AAO_LRRK2_pG2019S ].	https://www.ncbi.nlm.nih.gov/pmc/articles/PMC13206296/
ArrayExpress		used	https://www.ebi.ac.uk/arrayexpress/experiments/E-MTAB-8956	The CENTRAL study dataset can be accessed at ArrayExpress repository https://www.ebi.ac.uk/arrayexpress/experiments/E-MTAB-8956	https://www.ncbi.nlm.nih.gov/pmc/articles/PMC13308364/
ADNI		used	http://adni.loni.usc.edu	The ADNI datasets can be accessed at http://adni.loni.usc.edu	https://www.ncbi.nlm.nih.gov/pmc/articles/PMC13308364/
					https://www.ncbi.nlm.nih.gov/pmc/articles/PMC11671221/
corrplot		used	https://github.com/taiyun/corrplot	Taiyun. taiyun/corrplot. 2023. Cited 2023 May 19. Available from: https://github.com/taiyun/corrplot	https://www.ncbi.nlm.nih.gov/pmc/articles/PMC10759368/
gt		used	https://cran.r-project.org/web/packages/gt/index.html	Iannone R, Cheng J, Schloerke B, Hughes E, Lauer A, Seo J, et al. gt: Easily Create Presentation-Ready Display Tables. 2023. Cited 2023 May 19. Available from: https://cran.r-project.org/web/packages/gt/index.html	https://www.ncbi.nlm.nih.gov/pmc/articles/PMC10759368/
ProJIVE		created	https://github.com/thebrisklab/ProJIVE	We provide an example of this with our supplementary code available at https://github.com/thebrisklab/ProJIVE.	https://www.ncbi.nlm.nih.gov/pmc/articles/PMC13308631/
ProJIVE		created	https://github.com/thebrisklab/ProJIVE	Code to reproduce the analysis is available at https://github.com/thebrisklab/ProJIVE.	https://www.ncbi.nlm.nih.gov/pmc/articles/PMC13308631/
					https://www.ncbi.nlm.nih.gov/pmc/articles/PMC13252498/
					https://www.ncbi.nlm.nih.gov/pmc/articles/PMC12089551/
					https://www.ncbi.nlm.nih.gov/pmc/articles/PMC3883500/
					https://www.ncbi.nlm.nih.gov/pmc/articles/PMC13286836/
					https://www.ncbi.nlm.nih.gov/pmc/articles/PMC13169838/
					https://www.ncbi.nlm.nih.gov/pmc/articles/PMC10775662/
Allen Human Brain Atlas		used	http://human.brain-map.org	Gene expression data from the Allen Human Brain Atlas (AHBA, http://human.brain-map.org ), including 3702 samples from six postmortem neurotypical adult brains, were processed using the abagen pipeline	https://www.ncbi.nlm.nih.gov/pmc/articles/PMC13022452/
abagen		used	https://github.com/rmarkello/abagen	Gene expression data from the Allen Human Brain Atlas (AHBA, http://human.brain-map.org ), including 3702 samples from six postmortem neurotypical adult brains, were processed using the abagen pipeline [ 36 ] ( https://github.com/rmarkello/abagen )	https://www.ncbi.nlm.nih.gov/pmc/articles/PMC13022452/
Cam-CAN		used	http://www.mrc-cbu.cam.ac.uk/datasets/camcan	Data in this study were obtained from the Cam-CAN ( http://www.mrc-cbu.cam.ac.uk/datasets/camcan )	https://www.ncbi.nlm.nih.gov/pmc/articles/PMC13022452/
OASIS-3		used	https://www.oasis-brains.org	Data in this study were obtained from the Cam-CAN ( http://www.mrc-cbu.cam.ac.uk/datasets/camcan ), OASIS-3 ( https://www.oasis-brains.org )	https://www.ncbi.nlm.nih.gov/pmc/articles/PMC13022452/
ADNI		used	http://adni.loni.usc.edu	Data in this study were obtained from the Cam-CAN ( http://www.mrc-cbu.cam.ac.uk/datasets/camcan ), OASIS-3 ( https://www.oasis-brains.org ), and ADNI ( http://adni.loni.usc.edu ) databases.	https://www.ncbi.nlm.nih.gov/pmc/articles/PMC13022452/
PCNtoolkit		used	https://github.com/amarquand/PCNtoolkit	The normative model was generated using the PCNtoolkit software package ( https://github.com/amarquand/PCNtoolkit ).	https://www.ncbi.nlm.nih.gov/pmc/articles/PMC13022452/
					https://www.ncbi.nlm.nih.gov/pmc/articles/PMC12367338/
RGCCA	3.0.3	used	https://cran.r-project.org/web/packages/RGCCA/index.html	Comprehensive R Archive Network (CRAN) ( 2023 ). Regularized and Sparse Generalized Canonical Correlation Analysis for Multiblock Data [R package RGCCA version 3.0.3] . Available online at: https://cran.r-project.org/web/packages/RGCCA/index.html (Accessed August 15, 2025).	https://www.ncbi.nlm.nih.gov/pmc/articles/PMC13044590/
					https://www.ncbi.nlm.nih.gov/pmc/articles/PMC13060494/
MLNI	v0.1.2 and v0.1.5	used	https://github.com/anbai106/mlni	MLNI (v0.1.2 and v0.1.5): https://github.com/anbai106/mlni , MRIBAG generation	https://www.ncbi.nlm.nih.gov/pmc/articles/PMC12265779/
FUMA	v1.5.0	used	https://fuma.ctglab.nl/	FUMA (v1.5.0): https://fuma.ctglab.nl/ , Gene mapping, genomic locus annotation;	https://www.ncbi.nlm.nih.gov/pmc/articles/PMC12265779/
GCTA	v1.94.1	used	https://yanglab.westlake.edu.cn/software/gcta/#Overview	GCTA (v1.94.1): https://yanglab.westlake.edu.cn/software/gcta/#Overview , fastGWA;	https://www.ncbi.nlm.nih.gov/pmc/articles/PMC12265779/
LDSC	git version aa33296	used	https://github.com/bulik/ldsc	LDSC (git version aa33296): https://github.com/bulik/ldsc , genetic correlation	https://www.ncbi.nlm.nih.gov/pmc/articles/PMC12265779/
TwoSampleMR	v0.5.6	used	https://mrcieu.github.io/TwoSampleMR/index.html	TwoSampleMR (v0.5.6): https://mrcieu.github.io/TwoSampleMR/index.html , Mendelian randomization;	https://www.ncbi.nlm.nih.gov/pmc/articles/PMC12265779/
PRScs	release date: Aug 10, 2023	used	https://github.com/getian107/PRScs	PRScs (release date: Aug 10, 2023): https://github.com/getian107/PRScs , PRS calculation;	https://www.ncbi.nlm.nih.gov/pmc/articles/PMC12265779/
Lifelines	v0.27.8	used	https://lifelines.readthedocs.io/en/latest/	Lifelines (v0.27.8): https://lifelines.readthedocs.io/en/latest/ , Survival analysis;	https://www.ncbi.nlm.nih.gov/pmc/articles/PMC12265779/
String	V12.0	used	https://string-db.org/	String (V12.0): https://string-db.org/ , protein analyses.	https://www.ncbi.nlm.nih.gov/pmc/articles/PMC12265779/
coloc	v5	used	https://github.com/chr1swallace/coloc	coloc (v5): https://github.com/chr1swallace/coloc ; Bayesian colocalization.	https://www.ncbi.nlm.nih.gov/pmc/articles/PMC12265779/
					https://www.ncbi.nlm.nih.gov/pmc/articles/PMC10884016/
					https://www.ncbi.nlm.nih.gov/pmc/articles/PMC11235878/
					https://www.ncbi.nlm.nih.gov/pmc/articles/PMC10854357/
					https://www.ncbi.nlm.nih.gov/pmc/articles/PMC13310903/
					https://www.ncbi.nlm.nih.gov/pmc/articles/PMC12135225/
					https://www.ncbi.nlm.nih.gov/pmc/articles/PMC3234452/
limma	3.54.0	used		Normalized gene counts from the microarrays were used to identify differentially expressed genes (DEGs) between the p75 NTR + /TOC1- vs. p75 NTR + /TOC1 + nbM neurons, adjusting for subject and using clinical group as a covariate via the limma package (v3.54.0)	https://www.ncbi.nlm.nih.gov/pmc/articles/PMC12557935/
ggvenn	0.1.10	used	https://github.com/yanlinlin82/ggvenn	The ggvenn package (v0.1.10: https://github.com/yanlinlin82/ggvenn ) was used to visualize intersections of DEGs across different comparisons.	https://www.ncbi.nlm.nih.gov/pmc/articles/PMC12557935/
ggplot2	3.5.2	used		Volcano plots were created using R package ggplot2 v3.5.2.	https://www.ncbi.nlm.nih.gov/pmc/articles/PMC12557935/
org.Hs.eg.db	3.17.0	used		The gene probe names were first changed to official gene symbols and then to ENTREZ ids using Bioconductor's Genome wide annotation for Human (org.Hs.eg.db_3.17.0).	https://www.ncbi.nlm.nih.gov/pmc/articles/PMC12557935/
gprofiler2	0.2.2	used		The analysis was performed with the gprofiler2 package (v 0.2.2) which uses the hypergeometric test followed by correction for multiple testing with the package's custom algorithm.	https://www.ncbi.nlm.nih.gov/pmc/articles/PMC12557935/
fgsea	1.26.0	used		Enrichment of module genes was assessed with GSEA using the fgsea R package (v 1.26.0), as described above.	https://www.ncbi.nlm.nih.gov/pmc/articles/PMC12557935/
WGCNA		used		The 861 array genes included in the WGCNA analysis were used as a custom background set.	https://www.ncbi.nlm.nih.gov/pmc/articles/PMC12557935/
R		used		Volcano plots were created using R package ggplot2 v3.5.2.	https://www.ncbi.nlm.nih.gov/pmc/articles/PMC12557935/
					https://www.ncbi.nlm.nih.gov/pmc/articles/PMC12490388/
Nilearn		used		Timeseries extraction from fMRI Nifti images was performed using Nilearn 102 in Python 3.12	https://www.ncbi.nlm.nih.gov/pmc/articles/PMC12258722/
Python	3.12	used		Timeseries extraction from fMRI Nifti images was performed using Nilearn 102 in Python 3.12	https://www.ncbi.nlm.nih.gov/pmc/articles/PMC12258722/
R	4.4.2	used		all other analyses and visualisation was done using R 4.4.2 (2024)	https://www.ncbi.nlm.nih.gov/pmc/articles/PMC12258722/
tidyverse		used		using an array of different packages including: tidyverse 103	https://www.ncbi.nlm.nih.gov/pmc/articles/PMC12258722/
sf		used		using an array of different packages including: tidyverse 103 ; sf 104	https://www.ncbi.nlm.nih.gov/pmc/articles/PMC12258722/
cowplot		used		using an array of different packages including: sf 104 ; cowplot 105	https://www.ncbi.nlm.nih.gov/pmc/articles/PMC12258722/
patchwork		used		using an array of different packages including: cowplot 105 ; patchwork 106	https://www.ncbi.nlm.nih.gov/pmc/articles/PMC12258722/
ggsegSchaefer		used		using an array of different packages including: patchwork 106 ; ggsegSchaefer 107	https://www.ncbi.nlm.nih.gov/pmc/articles/PMC12258722/
magick		used		using an array of different packages including: ggsegSchaefer 107 ; magick 108	https://www.ncbi.nlm.nih.gov/pmc/articles/PMC12258722/
lme4		used		using an array of different packages including: magick 108 ; lme4 101	https://www.ncbi.nlm.nih.gov/pmc/articles/PMC12258722/
gratia		used		using an array of different packages including: lme4 101 ; gratia 109	https://www.ncbi.nlm.nih.gov/pmc/articles/PMC12258722/
ggpmisc		used		using an array of different packages including: gratia 109 ; ggpmisc 110	https://www.ncbi.nlm.nih.gov/pmc/articles/PMC12258722/
ggside		used		using an array of different packages including: ggpmisc 110 ; ggside 111	https://www.ncbi.nlm.nih.gov/pmc/articles/PMC12258722/
mgcv		used		using an array of different packages including: ggside 111 ; mgcv 112	https://www.ncbi.nlm.nih.gov/pmc/articles/PMC12258722/
SCORPIUS		used		using an array of different packages including: mgcv 112 ; and SCORPIUS 45	https://www.ncbi.nlm.nih.gov/pmc/articles/PMC12258722/
quarto		used		Code for all analyses and visualisation, including a quarto document for reproducing this manuscript with synthetic data is available at https://github.com/DeMONLab-BioFINDER/fc_changes_follow_gradients	https://www.ncbi.nlm.nih.gov/pmc/articles/PMC12258722/
					https://www.ncbi.nlm.nih.gov/pmc/articles/PMC12211958/
					https://www.ncbi.nlm.nih.gov/pmc/articles/PMC6778042/
					https://www.ncbi.nlm.nih.gov/pmc/articles/PMC13279448/
					https://www.ncbi.nlm.nih.gov/pmc/articles/PMC10836824/
					https://www.ncbi.nlm.nih.gov/pmc/articles/PMC11751436/
					https://www.ncbi.nlm.nih.gov/pmc/articles/PMC12963294/
					https://www.ncbi.nlm.nih.gov/pmc/articles/PMC4654127/
					https://www.ncbi.nlm.nih.gov/pmc/articles/PMC11032710/
					https://www.ncbi.nlm.nih.gov/pmc/articles/PMC12541278/
					https://www.ncbi.nlm.nih.gov/pmc/articles/PMC11909759/
PG-BrainBagNet		created	https://github.com/ku-milab/PG-BrainBagNet	All codes used in our experiments are available at https://github.com/ku-milab/PG-BrainBagNet .	https://www.ncbi.nlm.nih.gov/pmc/articles/PMC10356790/
					https://www.ncbi.nlm.nih.gov/pmc/articles/PMC12438449/
					https://www.ncbi.nlm.nih.gov/pmc/articles/PMC11996744/
R		used		We generated the harmonized clean phenotype data with the R script provided by the ADSP consortium ( https://github.com/NIAGADS/ADSPIntegratedPhenotypes ).	https://www.ncbi.nlm.nih.gov/pmc/articles/PMC13200471/
bcftools	1.9	used		After subsetting said region from the WGS data using bcftools v1.9 [ 49 ]	https://www.ncbi.nlm.nih.gov/pmc/articles/PMC13200471/
shapeit4	4.2.1	used	https://github.com/odelaneau/shapeit4/tree/master/maps	we used shapeit4 v4.2.1 [ 50 ] to estimate the haplotypes of each individual (i.e., phasing) using the 2,504 high coverage phased original samples from the 1000 Genomes Project phase 3 [ 51 ] as reference (downloaded from http://ftp.1000genomes.ebi.ac.uk/vol1/ftp/data_collections/1000G_2504_high_coverage/working/20201028_3202_phased/ ) , and the hg38 genetic map provided by shapeit4 (downloaded from https://github.com/odelaneau/shapeit4/tree/master/maps ).	https://www.ncbi.nlm.nih.gov/pmc/articles/PMC13200471/
RFMIX	2.03	used		Next, we used RFMIX v2.03 [ 52 ] to infer the local ancestry of each of the two haplotypes per individual in the analyzed genomic region based on similarity with individuals in the reference panel.	https://www.ncbi.nlm.nih.gov/pmc/articles/PMC13200471/
Ancestry_aware_analysis_rs5848		created	https://github.com/ErickNavarroD/Ancestry_aware_analysis_rs5848	The code used to conduct the local ancestry-aware analysis and produce the plots are available in the github repository https://github.com/ErickNavarroD/Ancestry_aware_analysis_rs5848.	https://www.ncbi.nlm.nih.gov/pmc/articles/PMC13200471/
					https://www.ncbi.nlm.nih.gov/pmc/articles/PMC12859249/
					https://www.ncbi.nlm.nih.gov/pmc/articles/PMC13254688/
					https://www.ncbi.nlm.nih.gov/pmc/articles/PMC12402701/
					https://www.ncbi.nlm.nih.gov/pmc/articles/PMC13042671/
					https://www.ncbi.nlm.nih.gov/pmc/articles/PMC10578328/
					https://www.ncbi.nlm.nih.gov/pmc/articles/PMC10636929/
Keras		used	https://github.com/fchollet/keras	Chollet F . Keras . Published online 2015. https://github.com/fchollet/keras	https://www.ncbi.nlm.nih.gov/pmc/articles/PMC12538632/
					https://www.ncbi.nlm.nih.gov/pmc/articles/PMC13047128/
					https://www.ncbi.nlm.nih.gov/pmc/articles/PMC12509179/
					https://www.ncbi.nlm.nih.gov/pmc/articles/PMC13116307/
					https://www.ncbi.nlm.nih.gov/pmc/articles/PMC11970969/
					https://www.ncbi.nlm.nih.gov/pmc/articles/PMC12406739/
					https://www.ncbi.nlm.nih.gov/pmc/articles/PMC12902892/
					https://www.ncbi.nlm.nih.gov/pmc/articles/PMC13277866/
					https://www.ncbi.nlm.nih.gov/pmc/articles/PMC10789178/
					https://www.ncbi.nlm.nih.gov/pmc/articles/PMC11069162/
Straglr		used		The length of the FGF14 GAA repeat expansion was estimated using Straglr , a tool that enables both repeat sizing and the detection of alternative motifs within a defined region.	https://www.ncbi.nlm.nih.gov/pmc/articles/PMC13140659/
RepeatAnalysis tools		used	https://github.com/PacificBiosciences/apps-scripts/tree/master/RepeatAnalysisTools	To assess the presence of interruptions or alternative repeat motifs, we generated waterfall plots using RepeatAnalysis tools ( https://github.com/PacificBiosciences/apps-scripts/tree/master/RepeatAnalysisTools ).	https://www.ncbi.nlm.nih.gov/pmc/articles/PMC13140659/
CARDlongread_FGF14_repeat_expansion		created	https://github.com/NIH-CARD/CARDlongread_FGF14_repeat_expansion	The pipeline and analyses presented in this manuscript are publicly available at https://github.com/NIH-CARD/CARDlongread_FGF14_repeat_expansion .	https://www.ncbi.nlm.nih.gov/pmc/articles/PMC13140659/
					https://www.ncbi.nlm.nih.gov/pmc/articles/PMC13092003/
					https://www.ncbi.nlm.nih.gov/pmc/articles/PMC10613005/
					https://www.ncbi.nlm.nih.gov/pmc/articles/PMC11775450/
					https://www.ncbi.nlm.nih.gov/pmc/articles/PMC12752462/
					https://www.ncbi.nlm.nih.gov/pmc/articles/PMC11815204/
					https://www.ncbi.nlm.nih.gov/pmc/articles/PMC13284737/
					https://www.ncbi.nlm.nih.gov/pmc/articles/PMC12183107/
					https://www.ncbi.nlm.nih.gov/pmc/articles/PMC12123750/
					https://www.ncbi.nlm.nih.gov/pmc/articles/PMC11169221/
Turboprep		used	https://github.com/LemuelPuglisi/turboprep	"Puglisi Lemuel , "" Turboprep ."" Accessed: Jul. 25, 2024 . [ Online ]. Available : https://github.com/LemuelPuglisi/turboprep"	https://www.ncbi.nlm.nih.gov/pmc/articles/PMC12726967/
					https://www.ncbi.nlm.nih.gov/pmc/articles/PMC13345488/
					https://www.ncbi.nlm.nih.gov/pmc/articles/PMC11042309/
					https://www.ncbi.nlm.nih.gov/pmc/articles/PMC12677100/
					https://www.ncbi.nlm.nih.gov/pmc/articles/PMC11503475/
					https://www.ncbi.nlm.nih.gov/pmc/articles/PMC13103267/
					https://www.ncbi.nlm.nih.gov/pmc/articles/PMC13316611/
					https://www.ncbi.nlm.nih.gov/pmc/articles/PMC13164144/
					https://www.ncbi.nlm.nih.gov/pmc/articles/PMC13281591/
					https://www.ncbi.nlm.nih.gov/pmc/articles/PMC12877949/
					https://www.ncbi.nlm.nih.gov/pmc/articles/PMC13288190/
					https://www.ncbi.nlm.nih.gov/pmc/articles/PMC11877413/
SEA-AD dataset		used	https://registry.opendata.aws/allen-sea-ad-atlas/	Raw data for the SEA-AD dataset are available at https://registry.opendata.aws/allen-sea-ad-atlas/	https://www.ncbi.nlm.nih.gov/pmc/articles/PMC12633620/
IMC Breast Cancer dataset		used	https://zenodo.org/records/3518284	raw data for the IMC Breast Cancer dataset are available at https://zenodo.org/records/3518284	https://www.ncbi.nlm.nih.gov/pmc/articles/PMC12633620/
PET-and-CFQ		created	https://gitlab.com/bilgelm/PET-and-CFQ	Code is provided in an open repository ( https://gitlab.com/bilgelm/PET‐and‐CFQ ).	https://www.ncbi.nlm.nih.gov/pmc/articles/PMC12394183/
					https://www.ncbi.nlm.nih.gov/pmc/articles/PMC10635270/
					https://www.ncbi.nlm.nih.gov/pmc/articles/PMC13137284/
					https://www.ncbi.nlm.nih.gov/pmc/articles/PMC10879413/
					https://www.ncbi.nlm.nih.gov/pmc/articles/PMC13283907/
					https://www.ncbi.nlm.nih.gov/pmc/articles/PMC13115908/
					https://www.ncbi.nlm.nih.gov/pmc/articles/PMC13078744/
					https://www.ncbi.nlm.nih.gov/pmc/articles/PMC11998827/
					https://www.ncbi.nlm.nih.gov/pmc/articles/PMC12818682/
					https://www.ncbi.nlm.nih.gov/pmc/articles/PMC11245060/
					https://www.ncbi.nlm.nih.gov/pmc/articles/PMC10964918/
					https://www.ncbi.nlm.nih.gov/pmc/articles/PMC5372567/
					https://www.ncbi.nlm.nih.gov/pmc/articles/PMC13345494/
					https://www.ncbi.nlm.nih.gov/pmc/articles/PMC13358561/
					https://www.ncbi.nlm.nih.gov/pmc/articles/PMC11833807/
					https://www.ncbi.nlm.nih.gov/pmc/articles/PMC11073883/
					https://www.ncbi.nlm.nih.gov/pmc/articles/PMC11075320/
AD Knowledge Portal		used	https://adknowledgeportal.org	Raw data used in this manuscript are available through the AD Knowledge Portal ( https://adknowledgeportal.org ) with the following accession numbers: Epigenetics ChIP-Seq (H3K9ac) (syn4896408), RNA-Seq (DLPFC, AC, PCG) (syn3388564), Proteomics TMT (syn17015098), Metabolomics (syn26007830), and snRNA-Seq (syn31512863).	https://www.ncbi.nlm.nih.gov/pmc/articles/PMC12485691/
RADC Resource Sharing Hub		used	https://www.radc.rush.edu	The phenotype data can be requested at the RADC Resource Sharing Hub at www.radc.rush.edu .	https://www.ncbi.nlm.nih.gov/pmc/articles/PMC12485691/
GitHub		used	https://github.com/RushAlz/ROSMAP_MOFA_public_release	The relevant code generated by this study is available on the GitHub repository: https://github.com/RushAlz/ROSMAP_MOFA_public_release .	https://www.ncbi.nlm.nih.gov/pmc/articles/PMC12485691/
					https://www.ncbi.nlm.nih.gov/pmc/articles/PMC12898416/
					https://www.ncbi.nlm.nih.gov/pmc/articles/PMC11166176/
CorticalCloc		used	https://github.com/gemmashireby/CorticalCloc	The cortical clock was calculated using publicly available code ( https://github.com/gemmashireby/CorticalCloc ).	https://www.ncbi.nlm.nih.gov/pmc/articles/PMC11346548/
IsoQuant	3.3.0	used		For downstream analyses, IsoQuant (v3.3.0) [ 60 ] was used for transcript identification and quantification, using the model_construction_strategy sensitive_ont, as implemented in the GenomeComb pipeline (v0.108.0) [ https://github.com/derijkp/genomecomb ] using the iso_joint option.	https://www.ncbi.nlm.nih.gov/pmc/articles/PMC12143990/
GenomeComb	0.108.0	used	https://github.com/derijkp/genomecomb	For downstream analyses, IsoQuant (v3.3.0) [ 60 ] was used for transcript identification and quantification, using the model_construction_strategy sensitive_ont, as implemented in the GenomeComb pipeline (v0.108.0) [ https://github.com/derijkp/genomecomb ] using the iso_joint option.	https://www.ncbi.nlm.nih.gov/pmc/articles/PMC12143990/
DESeq2		used		After exclusion of novel genes, expression values (gene counts) at gene and transcript level were normalized using DESeq2 [ 41 ].	https://www.ncbi.nlm.nih.gov/pmc/articles/PMC12143990/
CANOES		used	https://github.com/ShenLab/CANOES	Copy Number Variants (CNVs) were detected from LEADS sequencing data using two programs, CANOES, implemented in R v4.1.1, and Copy Number Inference from Exome Reads (CoNIFER), implemented using Python v3.9 [ 9 - 11 ]. CANOES uses a negative binomial distribution to model whole exome sequencing read counts, with variance estimated using a regression-based approach ( https://github.com/ShenLab/CANOES ).	https://www.ncbi.nlm.nih.gov/pmc/articles/PMC10783439/
R	4.1.1	used		Copy Number Variants (CNVs) were detected from LEADS sequencing data using two programs, CANOES, implemented in R v4.1.1, and Copy Number Inference from Exome Reads (CoNIFER), implemented using Python v3.9 [ 9 - 11 ].	https://www.ncbi.nlm.nih.gov/pmc/articles/PMC10783439/
CoNIFER		used	https://conifer.sourceforge.net/index.html	Copy Number Variants (CNVs) were detected from LEADS sequencing data using two programs, CANOES, implemented in R v4.1.1, and Copy Number Inference from Exome Reads (CoNIFER), implemented using Python v3.9 [ 9 - 11 ]. CoNIFER employs a complimentary approach, using singular value decomposition normalization to calculate CNVs ( https://conifer.sourceforge.net/index.html ).	https://www.ncbi.nlm.nih.gov/pmc/articles/PMC10783439/
Python	3.9	used		Copy Number Variants (CNVs) were detected from LEADS sequencing data using two programs, CANOES, implemented in R v4.1.1, and Copy Number Inference from Exome Reads (CoNIFER), implemented using Python v3.9 [ 9 - 11 ].	https://www.ncbi.nlm.nih.gov/pmc/articles/PMC10783439/
					https://www.ncbi.nlm.nih.gov/pmc/articles/PMC11401759/
					https://www.ncbi.nlm.nih.gov/pmc/articles/PMC12268314/
					https://www.ncbi.nlm.nih.gov/pmc/articles/PMC13162269/
					https://www.ncbi.nlm.nih.gov/pmc/articles/PMC13233658/
					https://www.ncbi.nlm.nih.gov/pmc/articles/PMC12862001/
					https://www.ncbi.nlm.nih.gov/pmc/articles/PMC11577961/
					https://www.ncbi.nlm.nih.gov/pmc/articles/PMC12220670/
					https://www.ncbi.nlm.nih.gov/pmc/articles/PMC12634119/
					https://www.ncbi.nlm.nih.gov/pmc/articles/PMC10831431/
					https://www.ncbi.nlm.nih.gov/pmc/articles/PMC11439699/
GitHub		used	https://github.com/GP2code/GP2-EUR-metaGWAS	All code generated for this article, and the identifiers for all software programs and packages used, are available on GitHub ( https://github.com/GP2code/GP2-EUR-metaGWAS )	https://www.ncbi.nlm.nih.gov/pmc/articles/PMC11957085/
Zenodo		used	https://doi.org/10.5281/zenodo.15013321	and were given a persistent identifier via Zenodo (DOI: 10.5281/zenodo.15013321)	https://www.ncbi.nlm.nih.gov/pmc/articles/PMC11957085/
NDPK		used	https://ndkp.hugeamp.org/research.html?pageid=a2f_downloads_280	Summary statistics from every ancestry-level meta-analysis are available on NDPK ( https://ndkp.hugeamp.org/research.html?pageid=a2f_downloads_280 )	https://www.ncbi.nlm.nih.gov/pmc/articles/PMC11957085/
					https://www.ncbi.nlm.nih.gov/pmc/articles/PMC10524668/
					https://www.ncbi.nlm.nih.gov/pmc/articles/PMC12425456/
ComBat		used	https://github.com/Jfortin1/ComBatHarmonization	We corrected PSMD results for scanner effect using ComBat ( https://github.com/Jfortin1/ComBatHarmonization ), a harmonization tool originally developed to correct for batch effects in genomics, 26 which has been shown to effectively reduce inter‐site variability in fractional anisotropy (FA) and mean diffusivity (MD) maps.	https://www.ncbi.nlm.nih.gov/pmc/articles/PMC13344884/
					https://www.ncbi.nlm.nih.gov/pmc/articles/PMC12183099/
					https://www.ncbi.nlm.nih.gov/pmc/articles/PMC13059499/
					https://www.ncbi.nlm.nih.gov/pmc/articles/PMC13183597/
					https://www.ncbi.nlm.nih.gov/pmc/articles/PMC13187053/
					https://www.ncbi.nlm.nih.gov/pmc/articles/PMC13140941/
PD_and_Non_Motor_Symptoms		created	https://github.com/iam-zain/PD_and_Non_Motor_Symptoms	Scripts for the data analysis github.com/iam-zain/PD_and_Non_Motor_Symptoms . http://github.com/iam-zain/PD_and_Non_Motor_Symptoms Scripts for the data analysis github.com/iam-zain/PD_and_Non_Motor_Symptoms .	https://www.ncbi.nlm.nih.gov/pmc/articles/PMC13235505/
					https://www.ncbi.nlm.nih.gov/pmc/articles/PMC9535591/
					https://www.ncbi.nlm.nih.gov/pmc/articles/PMC13149458/
					https://www.ncbi.nlm.nih.gov/pmc/articles/PMC12173837/
					https://www.ncbi.nlm.nih.gov/pmc/articles/PMC12869057/
Synapse		used		Bulk RNA-seq gene count data of postmortem brain tissue used in this study are publicly available through the AD Knowledge Portal (Synapse).	https://www.ncbi.nlm.nih.gov/pmc/articles/PMC12528040/
NCBI-GEO		used		Additional bulk RNA-seq expression data were obtained from the Aging, Dementia, and Traumatic Brain Injury Study (NCBI-GEO, Accession GSE104687 ).	https://www.ncbi.nlm.nih.gov/pmc/articles/PMC12528040/
BrainSignsNet		created	https://github.com/SiavashShirzad/Disproportionately-Elevated-Sulcal-Index-DESI-	The complete codebase for Automated DESI Measurement and detection of DESH in T1 MPRAGE scans, including all scripts and implementations of the BrainSignsNet, 2D Segmentation, and DESI calculation codes, is publicly available at https://github.com/SiavashShirzad/Disproportionately-Elevated-Sulcal-Index-DESI- .	https://www.ncbi.nlm.nih.gov/pmc/articles/PMC12704640/
2D Segmentation		created	https://github.com/SiavashShirzad/Disproportionately-Elevated-Sulcal-Index-DESI-	The complete codebase for Automated DESI Measurement and detection of DESH in T1 MPRAGE scans, including all scripts and implementations of the BrainSignsNet, 2D Segmentation, and DESI calculation codes, is publicly available at https://github.com/SiavashShirzad/Disproportionately-Elevated-Sulcal-Index-DESI- .	https://www.ncbi.nlm.nih.gov/pmc/articles/PMC12704640/
DESI calculation		created	https://github.com/SiavashShirzad/Disproportionately-Elevated-Sulcal-Index-DESI-	The complete codebase for Automated DESI Measurement and detection of DESH in T1 MPRAGE scans, including all scripts and implementations of the BrainSignsNet, 2D Segmentation, and DESI calculation codes, is publicly available at https://github.com/SiavashShirzad/Disproportionately-Elevated-Sulcal-Index-DESI- .	https://www.ncbi.nlm.nih.gov/pmc/articles/PMC12704640/
					https://www.ncbi.nlm.nih.gov/pmc/articles/PMC11123577/
					https://www.ncbi.nlm.nih.gov/pmc/articles/PMC12288498/
					https://www.ncbi.nlm.nih.gov/pmc/articles/PMC10527497/
					https://www.ncbi.nlm.nih.gov/pmc/articles/PMC13321504/
					https://www.ncbi.nlm.nih.gov/pmc/articles/PMC10585674/
					https://www.ncbi.nlm.nih.gov/pmc/articles/PMC11031399/
					https://www.ncbi.nlm.nih.gov/pmc/articles/PMC12802076/
					https://www.ncbi.nlm.nih.gov/pmc/articles/PMC12378614/
					https://www.ncbi.nlm.nih.gov/pmc/articles/PMC13232178/
					https://www.ncbi.nlm.nih.gov/pmc/articles/PMC11231736/
					https://www.ncbi.nlm.nih.gov/pmc/articles/PMC13116718/
SPM12		used	https://www.fil.ion.ucl.ac.uk/spm/software/spm12/	SPM12 is available at for download at https://www.fil.ion.ucl.ac.uk/spm/software/spm12/	https://www.ncbi.nlm.nih.gov/pmc/articles/PMC13081919/
NiftyReg		used	https://github.com/KCL-BMEIS/niftyreg	NiftyReg is available on GitHub (https://github.com/KCL-BMEIS/niftyreg)	https://www.ncbi.nlm.nih.gov/pmc/articles/PMC13081919/
MCALT template		used		The minor modifications to SPM12 unified segmentation required to allow resumption of parameter estimation are available with the MCALT template.	https://www.ncbi.nlm.nih.gov/pmc/articles/PMC13081919/
Frangi filter		used	https://www.mathworks.com/matlabcentral/fileexchange/24409-hessian-based-Frangi-vesselness-filter	The Frangi filter implementation is available at https://www.mathworks.com/matlabcentral/fileexchange/24409-hessian-based-Frangi-vesselness-filter	https://www.ncbi.nlm.nih.gov/pmc/articles/PMC13081919/
					https://www.ncbi.nlm.nih.gov/pmc/articles/PMC12353841/
					https://www.ncbi.nlm.nih.gov/pmc/articles/PMC10917732/
					https://www.ncbi.nlm.nih.gov/pmc/articles/PMC12022891/
					https://www.ncbi.nlm.nih.gov/pmc/articles/PMC10874032/
					https://www.ncbi.nlm.nih.gov/pmc/articles/PMC11765370/
			https://github.com/clairewsu/tas2r38-mgam-a10bf	The analysis code for this work is available at https://github.com/clairewsu/tas2r38-mgam-a10bf	https://www.ncbi.nlm.nih.gov/pmc/articles/PMC12622124/
					https://www.ncbi.nlm.nih.gov/pmc/articles/PMC13067336/
					https://www.ncbi.nlm.nih.gov/pmc/articles/PMC10433790/
pySuStaIn		used	https://github.com/ucl-pond/pySuStaIn	pySuStaIn is freely available at https://github.com/ucl-pond/pySuStaIn	https://www.ncbi.nlm.nih.gov/pmc/articles/PMC10690020/
AD Workbench		used		Bio-Hermes Data Challenge data are publicly available through the Alzheimer's Disease Data Initiative platform via the AD Discovery Portal on AD Workbench.	https://www.ncbi.nlm.nih.gov/pmc/articles/PMC13299064/
AD Discovery Portal		used		Bio-Hermes Data Challenge data are publicly available through the Alzheimer's Disease Data Initiative platform via the AD Discovery Portal on AD Workbench.	https://www.ncbi.nlm.nih.gov/pmc/articles/PMC13299064/
SML_PipelineR		created	https://github.com/stelioslamprou37/SML_PipelineR	General code for the ML pipeline is available at GitHub: https://github.com/stelioslamprou37/SML_PipelineR (accessed on 2 September 2025).	https://www.ncbi.nlm.nih.gov/pmc/articles/PMC13299064/
R		used		The R analysis code supporting the findings of this study is openly available on GitHub at https://github.com/stelioslamprou37/SML_PipelineR (accessed on 16 June 2026).	https://www.ncbi.nlm.nih.gov/pmc/articles/PMC13299064/
Alzheimer's Disease Data Initiative		used	https://www.alzheimersdata.org/	The Bio-Hermes plasma proteomic dataset and associated phenotypic data are available through the AD Workbench platform of the Alzheimer's Disease Data Initiative ( https://www.alzheimersdata.org/ ) under a controlled-access Data Use Agreement.	https://www.ncbi.nlm.nih.gov/pmc/articles/PMC13299064/
R	4.2.1	used	https://www.r-project.org	The R processing environment (version 4.2.1; https://www.r-project.org ) with the bootnet (version 1.6; https://cran.r-project.org/web/packages/bootnet/index.html ) and the qgraph (version 1.9.8; https://cran.r-project.org/web/packages/qgraph/qgraph.pdf ) libraries were used for this purpose.	https://www.ncbi.nlm.nih.gov/pmc/articles/PMC12887736/
bootnet	1.6	used	https://cran.r-project.org/web/packages/bootnet/index.html	The R processing environment (version 4.2.1; https://www.r-project.org ) with the bootnet (version 1.6; https://cran.r-project.org/web/packages/bootnet/index.html ) and the qgraph (version 1.9.8; https://cran.r-project.org/web/packages/qgraph/qgraph.pdf ) libraries were used for this purpose.	https://www.ncbi.nlm.nih.gov/pmc/articles/PMC12887736/
qgraph	1.9.8	used	https://cran.r-project.org/web/packages/qgraph/qgraph.pdf	The R processing environment (version 4.2.1; https://www.r-project.org ) with the bootnet (version 1.6; https://cran.r-project.org/web/packages/bootnet/index.html ) and the qgraph (version 1.9.8; https://cran.r-project.org/web/packages/qgraph/qgraph.pdf ) libraries were used for this purpose.	https://www.ncbi.nlm.nih.gov/pmc/articles/PMC12887736/
					https://www.ncbi.nlm.nih.gov/pmc/articles/PMC12633613/
					https://www.ncbi.nlm.nih.gov/pmc/articles/PMC10902710/
					https://www.ncbi.nlm.nih.gov/pmc/articles/PMC10861197/
					https://www.ncbi.nlm.nih.gov/pmc/articles/PMC11497672/
					https://www.ncbi.nlm.nih.gov/pmc/articles/PMC12931372/
					https://www.ncbi.nlm.nih.gov/pmc/articles/PMC12230867/
					https://www.ncbi.nlm.nih.gov/pmc/articles/PMC12288278/
					https://www.ncbi.nlm.nih.gov/pmc/articles/PMC11140586/
Manta	1.6.0	used		SVs were called by Manta 34 (v1.6.0) and Smoove 35 (v0.2.5) with default parameters for each sample.	https://www.ncbi.nlm.nih.gov/pmc/articles/PMC12173831/
Smoove	0.2.5	used		SVs were called by Manta 34 (v1.6.0) and Smoove 35 (v0.2.5) with default parameters for each sample.	https://www.ncbi.nlm.nih.gov/pmc/articles/PMC12173831/
Svimmer		used		Calls from Manta and Smoove were merged by Svimmer 36 to generate a union of two call sets for a sample.	https://www.ncbi.nlm.nih.gov/pmc/articles/PMC12173831/
GraphTyper2	2.7.3	used		Then, all individual sample VCF files were merged together by Svimmer as input to GraphTyper2 (v2.7.3) 36 for joint genotyping.	https://www.ncbi.nlm.nih.gov/pmc/articles/PMC12173831/
SV-ADSP-Pipeline		created	https://github.com/whtop/SV-ADSP-Pipeline	The pipeline is available on https://github.com/whtop/SV-ADSP-Pipeline .	https://www.ncbi.nlm.nih.gov/pmc/articles/PMC12173831/
					https://www.ncbi.nlm.nih.gov/pmc/articles/PMC12895980/
					https://www.ncbi.nlm.nih.gov/pmc/articles/PMC13307236/
					https://www.ncbi.nlm.nih.gov/pmc/articles/PMC10853183/
					https://www.ncbi.nlm.nih.gov/pmc/articles/PMC12614907/
					https://www.ncbi.nlm.nih.gov/pmc/articles/PMC11221015/
					https://www.ncbi.nlm.nih.gov/pmc/articles/PMC11911999/
					https://www.ncbi.nlm.nih.gov/pmc/articles/PMC13058457/
					https://www.ncbi.nlm.nih.gov/pmc/articles/PMC12233550/
					https://www.ncbi.nlm.nih.gov/pmc/articles/PMC12643100/
					https://www.ncbi.nlm.nih.gov/pmc/articles/PMC10840621/
NCBI GEO		used		Processed and raw data generated in this study will be made available through NCBI GEO.	https://www.ncbi.nlm.nih.gov/pmc/articles/PMC13060879/
Hauser_MAPT_MPRAs		created	https://github.com/HudsonAlpha/Hauser_MAPT_MPRAs	All original code generated for this study will be made available at https://github.com/HudsonAlpha/Hauser_MAPT_MPRAs .	https://www.ncbi.nlm.nih.gov/pmc/articles/PMC13060879/
SuperBigFLICA_McL		created	https://github.com/ANSR-laboratory/SuperBigFLICA_McL	All code for multimodal data fusion and model training, along with the corresponding model cards, is publicly available on GitHub https://github.com/ANSR‐laboratory/SuperBigFLICA_McL.	https://www.ncbi.nlm.nih.gov/pmc/articles/PMC13239803/
SuperBigFLICA		created	https://github.com/ANSR-Laboratory/SuperBigFLICA_McL	Cheng Y , Beckmann CF , Nickerson L , SuperBigFLICA scripts . 2026 . Accessed May 1, 2026. https://github.com/ANSR-Laboratory/SuperBigFLICA_McL	https://www.ncbi.nlm.nih.gov/pmc/articles/PMC13239803/
					https://www.ncbi.nlm.nih.gov/pmc/articles/PMC10640754/
					https://www.ncbi.nlm.nih.gov/pmc/articles/PMC12008764/
GENCODE	26	used		which captures SNPs in GENCODE v26 exons and promoter regions (2kb upstream of the transcription start site)	https://www.ncbi.nlm.nih.gov/pmc/articles/PMC13232378/
H-MAGMA		used		Exon, promoter, and Hi-C data were obtained from the H-MAGMA protocol, with Hi-C data derived from PsychENCODE adult brain tissue	https://www.ncbi.nlm.nih.gov/pmc/articles/PMC13232378/
PsychENCODE		used	http://resource.psychencode.org/	In addition to the Sey protocol for S-3, we annotated eQTL SNPs to their target genes using significant eQTLs in adult brain tissue (FDR<0.05) obtained from PsychENCODE (n brains =1,387; http://resource.psychencode.org/ )	https://www.ncbi.nlm.nih.gov/pmc/articles/PMC13232378/
pathPRS_by_annotation		created	https://github.com/KSBazemore/pathPRS_by_annotation.git	Code for the primary analyses can be downloaded from https://github.com/KSBazemore/pathPRS_by_annotation.git	https://www.ncbi.nlm.nih.gov/pmc/articles/PMC13232378/
MATLAB	R2019b	used		"NPC metabolomic features were matched across Airwave subsets using the ""M2S"" MATLAB (R2019b) package available at https://github.com/rjdossan/M2S"	https://www.ncbi.nlm.nih.gov/pmc/articles/PMC12894875/
M2S		used	https://github.com/rjdossan/M2S	"NPC metabolomic features were matched across Airwave subsets using the ""M2S"" MATLAB (R2019b) package available at https://github.com/rjdossan/M2S"	https://www.ncbi.nlm.nih.gov/pmc/articles/PMC12894875/
TensorFlow	2.4.1	used		Imputation was performed using TensorFlow v2.4.1	https://www.ncbi.nlm.nih.gov/pmc/articles/PMC12894875/
Python	3.7.9	used		Imputation was performed using TensorFlow v2.4.1 and Python v3.7.9.	https://www.ncbi.nlm.nih.gov/pmc/articles/PMC12894875/
scikit-learn	0.23.2	used		Observational analyses and data processing were performed using sci-kit learn v0.23.2	https://www.ncbi.nlm.nih.gov/pmc/articles/PMC12894875/
					https://www.ncbi.nlm.nih.gov/pmc/articles/PMC11875531/
					https://www.ncbi.nlm.nih.gov/pmc/articles/PMC13196839/
PCA		used		Using principal component analysis (PCA), the top principal components capturing 80% of the variances in gray matter volumes were retained.	https://www.ncbi.nlm.nih.gov/pmc/articles/PMC11268046/
Brain-age-prediction		used	https://github.com/hannabrainscience/Brain-age-prediction	The details of brain age models can be found at Github ( https://github.com/hannabrainscience/Brain-age-prediction ).	https://www.ncbi.nlm.nih.gov/pmc/articles/PMC11268046/
RobustNM		created	https://github.com/Elleaume/RobustNM	Processed summary-level data underlying the figures and tables, together with the code used to generate the analyses, are publicly available at https://github.com/Elleaume/RobustNM (copy archived at Elleaume, 2026 ).	https://www.ncbi.nlm.nih.gov/pmc/articles/PMC12928703/
					https://www.ncbi.nlm.nih.gov/pmc/articles/PMC11223038/
					https://www.ncbi.nlm.nih.gov/pmc/articles/PMC12627885/
rCNV2	1.0	used	https://github.com/talkowski-lab/rCNV2/tree/v1.0	For the sliding window association method, we used the code available under the Talkowski Laboratory (Massachusetts General Hospital & The Broad Institute) repository in Zenodo ( https://github.com/talkowski-lab/rCNV2/tree/v1.0 , with https://zenodo.org/records/6647918 ).	https://www.ncbi.nlm.nih.gov/pmc/articles/PMC11370542/
CNV-Finder		used	https://github.com/GP2code/CNV-Finder	To replicate CNVs identified in our discovery dataset, we applied CNV-Finder ( https://github.com/GP2code/CNV-Finder ) 36 , a deep learning-based pipeline designed for CNV detection from Illumina genotyping arrays.	https://www.ncbi.nlm.nih.gov/pmc/articles/PMC11370542/
					https://www.ncbi.nlm.nih.gov/pmc/articles/PMC11450612/
					https://www.ncbi.nlm.nih.gov/pmc/articles/PMC10773025/
					https://www.ncbi.nlm.nih.gov/pmc/articles/PMC10393402/
					https://www.ncbi.nlm.nih.gov/pmc/articles/PMC11076546/
Deep-Block		created	https://github.com/taehojo/Deep-Block/	This study developed and applied the Deep‐Block framework to large‐scale WGS data from the ADSP to investigate the genetic basis of AD. The approach centered on utilizing LD blocks combined with automated imputation to improve the accuracy of genetic analysis. The PIS‐based variant prioritization identified known AD‐associated variants, with PIS values of 8.00E‐04, 7.23E‐04, and 6.85E‐04 observed for established variants in APOE (rs429358), TOMM40 (rs11556505), and NECTIN2 (rs34342646) genes, respectively (Table 2 ). To facilitate comprehensive analysis of genetic associations and reproducibility of our findings, we have provided the complete list of 615,281 SNPs and their corresponding PIS values, along with the source code and example datasets in our Deep‐Block GitHub repository ( https://github.com/taehojo/Deep‐Block/ ).	https://www.ncbi.nlm.nih.gov/pmc/articles/PMC11736638/
					https://www.ncbi.nlm.nih.gov/pmc/articles/PMC12895676/
					https://www.ncbi.nlm.nih.gov/pmc/articles/PMC13217599/
T1w_MRI_preprocessing		created	https://github.com/iMaatin/T1w_MRI_preprocessing	The code for preprocessing and data augmentation is available on GitHub under the MIT License. It can be accessed at the following Github repository: https://github.com/iMaatin/T1w_MRI_preprocessing .	https://www.ncbi.nlm.nih.gov/pmc/articles/PMC12036470/
					https://www.ncbi.nlm.nih.gov/pmc/articles/PMC13083612/
					https://www.ncbi.nlm.nih.gov/pmc/articles/PMC11706033/
					https://www.ncbi.nlm.nih.gov/pmc/articles/PMC12676791/
					https://www.ncbi.nlm.nih.gov/pmc/articles/PMC11000704/
					https://www.ncbi.nlm.nih.gov/pmc/articles/PMC11429630/
					https://www.ncbi.nlm.nih.gov/pmc/articles/PMC12831016/
GitHub		used	https://github.com/DiseaseNeuroGenomics/AMP-PD_SciData	The source code used to analyze the metadata and create figures for this manuscript can be found on GitHub at this location: https://github.com/DiseaseNeuroGenomics/AMP-PD_SciData .	https://www.ncbi.nlm.nih.gov/pmc/articles/PMC11585549/
jupyter notebooks		used	https://app.terra.bio/#workspaces/amp-pd-release-v4/Getting%20Started%20Tier%202%20-%20Clinical%20and%20Omics%20Access	Additionally, jupyter notebooks for working with the dataset at Terra platform are available at this location: https://app.terra.bio/#workspaces/amp-pd-release-v4/Getting%20Started%20Tier%202%20-%20Clinical%20and%20Omics%20Access .	https://www.ncbi.nlm.nih.gov/pmc/articles/PMC11585549/
Terra		used	https://app.terra.bio/	Additionally, jupyter notebooks for working with the dataset at Terra platform are available at this location: https://app.terra.bio/#workspaces/amp-pd-release-v4/Getting%20Started%20Tier%202%20-%20Clinical%20and%20Omics%20Access .	https://www.ncbi.nlm.nih.gov/pmc/articles/PMC11585549/
					https://www.ncbi.nlm.nih.gov/pmc/articles/PMC10922536/
					https://www.ncbi.nlm.nih.gov/pmc/articles/PMC11227160/
					https://www.ncbi.nlm.nih.gov/pmc/articles/PMC10659504/
					https://www.ncbi.nlm.nih.gov/pmc/articles/PMC12458901/
					https://www.ncbi.nlm.nih.gov/pmc/articles/PMC10990276/
VCPA	5	used		GCAD built a new computational framework on top of VCPA 5 for processing WES data	https://www.ncbi.nlm.nih.gov/pmc/articles/PMC10805795/
VCPA-WES		created	https://bitbucket.org/NIAGADS/vcpa-pipeline/src/master/	GCAD built a new computational framework on top of VCPA 5 for processing WES data (VCPA-WES, available at https://bitbucket.org/NIAGADS/vcpa-pipeline/src/master/ )	https://www.ncbi.nlm.nih.gov/pmc/articles/PMC10805795/
GATK	411	used		stage 3/ApplyRecalibration_GATK411_SNP_WES.sh,stage3/ApplyRecalibration_GATK411_indel_WES.sh	https://www.ncbi.nlm.nih.gov/pmc/articles/PMC10805795/
GP2	7	used	https://gp2.org	Data used in the preparation of this article were obtained from GP2 ( https://gp2.org ). Specifically, we used Tier 2 data from GP2 release 7 (DOI: 10.5281/zenodo.10962119 ).	https://www.ncbi.nlm.nih.gov/pmc/articles/PMC12710204/
AMP-PD		used	https://amp-pd.org/register-for-amp-pd	Tier 1 data can be accessed by completing a form on the AMP‐PD website ( https://amp-pd.org/register-for-amp-pd ).	https://www.ncbi.nlm.nih.gov/pmc/articles/PMC12710204/
COMT-PD-GeneAnalysis		created	https://github.com/GP2code/COMT-PD-GeneAnalysis	All code generated for this article, and the identifiers for all software programs and packages used, are available on GitHub ( https://github.com/GP2code/COMT-PD-GeneAnalysis ) and were given a persistent identifier via Zenodo (DOI 10.5281/zenodo.15185052 ).	https://www.ncbi.nlm.nih.gov/pmc/articles/PMC12710204/
					https://www.ncbi.nlm.nih.gov/pmc/articles/PMC13210058/
GUS4	n.a	used	https://github.com/VEuPathDB/GusAppFramework	GUS4 application layer n.d. (accessed August 24, 2023). https://github.com/VEuPathDB/GusAppFramework	https://www.ncbi.nlm.nih.gov/pmc/articles/PMC10916966/
VEuPathDB Web Development Kit		used	https://github.com/VEuPathDB/WDK	VEuPathDB Web Development Kit n.d. https://github.com/VEuPathDB/WDK (accessed August 24, 2023)	https://www.ncbi.nlm.nih.gov/pmc/articles/PMC10916966/
					https://www.ncbi.nlm.nih.gov/pmc/articles/PMC12632456/
					https://www.ncbi.nlm.nih.gov/pmc/articles/PMC12618263/
					https://www.ncbi.nlm.nih.gov/pmc/articles/PMC12522543/
			https://github.com/rf2485/camcan_scd_dMRI_paper	The code used for image processing and statistical analysis is available at: https://github.com/rf2485/camcan_scd_dMRI_paper .	https://www.ncbi.nlm.nih.gov/pmc/articles/PMC11111894/
					https://www.ncbi.nlm.nih.gov/pmc/articles/PMC12613078/
rms	6.2-0	used		The package rms 6.2‐0 in R was used to perform non‐linear association analysis	https://www.ncbi.nlm.nih.gov/pmc/articles/PMC12284319/
R		used		The package rms 6.2‐0 in R was used to perform non‐linear association analysis, and package lavaan 0.8 in R was used to perform mediation analyses and construct the structural equation model.	https://www.ncbi.nlm.nih.gov/pmc/articles/PMC12284319/
lavaan	0.8	used		package lavaan 0.8 in R was used to perform mediation analyses and construct the structural equation model	https://www.ncbi.nlm.nih.gov/pmc/articles/PMC12284319/
					https://www.ncbi.nlm.nih.gov/pmc/articles/PMC11059071/
					https://www.ncbi.nlm.nih.gov/pmc/articles/PMC11862824/
Deep-Block		created	https://github.com/taehojo/Deep-Block/	This study developed and applied the Deep-Block framework to large-scale WGS data from the ADSP to investigate the genetic basis of AD. The approach centered on utilizing LD blocks combined with automated imputation to improve the accuracy of genetic analysis. The PIS-based variant prioritization identified known AD-associated variants, with PIS values of 8.00E-04, 7.23E-04, and 6.85E-04 observed for established variants in APOE (rs429358), TOMM40 (rs11556505), and NECTIN2 (rs34342646) genes, respectively ( Table 2 ). To facilitate comprehensive analysis of genetic associations and reproducibility of our findings, we have provided the complete list of 615,281 SNPs and their corresponding PIS values, along with the source code and example datasets in our Deep-Block GitHub repository ( https://github.com/taehojo/Deep-Block/ ).	https://www.ncbi.nlm.nih.gov/pmc/articles/PMC11451815/
					https://www.ncbi.nlm.nih.gov/pmc/articles/PMC11109818/
					https://www.ncbi.nlm.nih.gov/pmc/articles/PMC11617396/
					https://www.ncbi.nlm.nih.gov/pmc/articles/PMC12179331/
					https://www.ncbi.nlm.nih.gov/pmc/articles/PMC12457950/
					https://www.ncbi.nlm.nih.gov/pmc/articles/PMC11374100/
					https://www.ncbi.nlm.nih.gov/pmc/articles/PMC12373115/
					https://www.ncbi.nlm.nih.gov/pmc/articles/PMC13298147/
					https://www.ncbi.nlm.nih.gov/pmc/articles/PMC10843047/
					https://www.ncbi.nlm.nih.gov/pmc/articles/PMC11851130/
					https://www.ncbi.nlm.nih.gov/pmc/articles/PMC12712348/
					https://www.ncbi.nlm.nih.gov/pmc/articles/PMC12668088/
					https://www.ncbi.nlm.nih.gov/pmc/articles/PMC10821911/
100KGP		used	https://www.genomicsengland.co.uk/	Primary data from the 100KGP, which are held in a secure Research Environment, are available to registered users. Please see https://www.genomicsengland.co.uk/ for further information.	https://www.ncbi.nlm.nih.gov/pmc/articles/PMC11499029/
GP2code		used	https://github.com/GP2code/	The algorithms and tools that were used in this study are openly available at https://github.com/GP2code/ .	https://www.ncbi.nlm.nih.gov/pmc/articles/PMC11499029/
chrM.2158-analysis		used	https://github.com/GP2code/chrM.2158-analysis/	The code used can be found online at https://zenodo.org/records/11037328 , https://github.com/GP2code/chrM.2158-analysis/ .	https://www.ncbi.nlm.nih.gov/pmc/articles/PMC11499029/
					https://www.ncbi.nlm.nih.gov/pmc/articles/PMC12568369/
					https://www.ncbi.nlm.nih.gov/pmc/articles/PMC10675868/
					https://www.ncbi.nlm.nih.gov/pmc/articles/PMC2577804/
Parkinson's Progression Markers Initiative (PPMI) database		used	https://www.ppmi-info.org/access-data-specimens/download-data	Data used in the preparation of this article were obtained on December 11, 2024 and October 1, 2025 from the Parkinson's Progression Markers Initiative (PPMI) database ( https://www.ppmi-info.org/access-data-specimens/download-data ), RRID:SCR_006431.	https://www.ncbi.nlm.nih.gov/pmc/articles/PMC13339450/
PPMIFallsAndInjury		created	https://github.com/KHefter/PPMIFallsAndInjury	https://github.com/KHefter/PPMIFallsAndInjury	https://www.ncbi.nlm.nih.gov/pmc/articles/PMC13339450/
					https://www.ncbi.nlm.nih.gov/pmc/articles/PMC11403779/
psych		used	https://cran.r-project.org/web/packages/psych/index.html	Revelle W. psych: Procedures for Psychological, Psychometric, and Personality Research , https://cran.r-project.org/web/packages/psych/index.html ( 2025 , accessed 15 October 2025 ).	https://www.ncbi.nlm.nih.gov/pmc/articles/PMC12633568/
					https://www.ncbi.nlm.nih.gov/pmc/articles/PMC12807566/
					https://www.ncbi.nlm.nih.gov/pmc/articles/PMC11736711/
					https://www.ncbi.nlm.nih.gov/pmc/articles/PMC13339648/
					https://www.ncbi.nlm.nih.gov/pmc/articles/PMC10518371/
					https://www.ncbi.nlm.nih.gov/pmc/articles/PMC10855009/
					https://www.ncbi.nlm.nih.gov/pmc/articles/PMC12963062/
					https://www.ncbi.nlm.nih.gov/pmc/articles/PMC10916963/
MLNI		used	https://github.com/anbai106/mlni	MLNI: https://github.com/anbai106/mlni , disease classification	https://www.ncbi.nlm.nih.gov/pmc/articles/PMC12204406/
LDSC		used	https://github.com/bulik/ldsc	LDSC: https://github.com/bulik/ldsc , genetic correlation, and heritability estimates	https://www.ncbi.nlm.nih.gov/pmc/articles/PMC12204406/
PRS-CS		used	https://github.com/getian107/PRScs	PRS-CS: https://github.com/getian107/PRScs , PRS	https://www.ncbi.nlm.nih.gov/pmc/articles/PMC12204406/
					https://www.ncbi.nlm.nih.gov/pmc/articles/PMC10689282/
